name,file_id,full_path,size,md5,modified_time,group_size
00_README.md,1Pifj6W07y-QyYTjcMINLus1XiiiE7OZVb7XfkFHUEo0,Trade_AI_Docs_v2/00_README.md,5938,,2026-05-21T02:19:28.541Z,161
00_README.md,1owvGIOCMD_sxN83rTeBRX24JkfMch_03zQpnU1IbtzU,Trade_AI_Docs_v2/docs/atm_audit_2026_05_26/00_README.md,2462,,2026-05-28T17:08:08.366Z,161
00_README.md,1SZBIA7QKQPZ-RF6y-wQMCIkPuXu2s5ErtWyMhdTFQm0,Trade_AI_Docs_v2/docs/intelligence_flow/schwab_bt_4_classification_writeback/00_README.md,2848,,2026-05-23T01:47:13.167Z,161
00_README.md,1UtdOGA4-Mh9Sc6sT01Rk-mqyCeihgvDJ_ksk_gboGkQ,Trade_AI_Docs_v2/docs/intelligence_flow/schwab_bt_2_strategy_classification/00_README.md,1867,,2026-05-23T01:25:47.818Z,161
00_README.md,17YimGbpuJS-4f9Q59ff9mmSIvDRySDwkhwmuo8_cBl4,Trade_AI_Docs_v2/docs/intelligence_flow/schwab_bt_import_1/00_README.md,2219,,2026-05-23T01:25:54.585Z,161
00_README.md,1GXzGzWTjrc2-GrkzveClBMAJhKMiOneF8UyEbTxNXck,Trade_AI_Docs_v2/docs/intelligence_flow/schwab_bt_import_1/00_README.md,2238,,2026-05-23T01:19:16.989Z,161
00_README.md,1IHWW3BXrbBRhIKupvSQvdIBz_wlh4Q9CfeXSAj62N0k,Trade_AI_Docs_v2/docs/notifications/alert_fatigue_1/00_README.md,2401,,2026-05-23T00:28:30.086Z,161
00_README.md,14zA5h6z6DelyhBuDDBGeQLKI3nbXrPy7bJg0dGJXx4A,Trade_AI_Docs_v2/docs/atm/atm_reenable_decision_package/00_README.md,2461,,2026-05-22T23:32:32.433Z,161
00_README.md,1Qy49kKiYqkVRzr0_-nF6cy8JwFwLcLAgpFO7n9EAILs,Trade_AI_Docs_v2/docs/atm/atm_reenable_decision_package/00_README.md,2461,,2026-05-22T23:27:08.728Z,161
00_README.md,1lWgxC5qw9hfhDrY1jTCMi8TYCUBtxV_zLtLlBelvBhI,Trade_AI_Docs_v2/docs/atm/atm_reenable_decision_package/00_README.md,2460,,2026-05-22T23:09:13.364Z,161
00_README.md,15sRU5_tl2nJfRvoTaCFCNBsfwjWMyJs9Gl7e8MyAIC8,Trade_AI_Docs_v2/docs/atm/atm_reenable_decision_package/00_README.md,2480,,2026-05-22T22:59:50.060Z,161
00_README.md,1vTHSAcRU1VHheHOa4u3RoKUSbBEhH8-6Dnu0zbdckUA,Trade_AI_Docs_v2/docs/atm/atm_reenable_decision_package/00_README.md,2459,,2026-05-22T22:51:54.752Z,161
00_README.md,1eE3SOTOCgwfeXAOsdMl-iLNz4jcbSv74bxQ7gQQm5I0,Trade_AI_Docs_v2/docs/risk_management/stop_management_v2_3_strategy_trailing_tiers/00_README.md,2650,,2026-05-22T21:25:37.397Z,161
00_README.md,1eNhEviyaXKFGLZ9mfhS5zXOjW5uhasFlfy9hCANjgi8,Trade_AI_Docs_v2/docs/risk_management/stop_management_v2_3_strategy_trailing_tiers/00_README.md,2648,,2026-05-22T21:21:18.041Z,161
00_README.md,1tqwJaFlu0whaIcvS_KFIBxl1koG66lKM0cbepErEwRg,Trade_AI_Docs_v2/docs/risk_management/stop_management_v2_2_monitor_merge/00_README.md,2384,,2026-05-22T21:13:28.927Z,161
00_README.md,1RB488YMsisrWigtRQ_8GkGHhO9mqVV58AArOMySizEE,Trade_AI_Docs_v2/docs/screener_architecture/phase_screener_map5_dividend_income_scoring/00_README.md,3561,,2026-05-21T18:45:20.580Z,161
00_README.md,1ufUnqaKE3BpTRHtalX2KQo2QMt94D1j0c9vhLs1UD_w,Trade_AI_Docs_v2/docs/screener_architecture/phase_screener_map5d_dividend_quote_refresh/00_README.md,3461,,2026-05-21T18:45:03.038Z,161
00_README.md,1dHgXCN_CYgXNOh_ifI2Gdq_95lYTaGXKW4CErn6Dec0,Trade_AI_Docs_v2/docs/screener_architecture/phase_screener_map5c_dividend_yield_enrichment/00_README.md,3092,,2026-05-21T18:45:00.168Z,161
00_README.md,1en1VSHqD5M-gVcYaePM02OSYItQ4aAWeAIrYAl7hw7A,Trade_AI_Docs_v2/docs/screener_architecture/phase_screener_map5b_dividend_promoter_observation/00_README.md,4118,,2026-05-21T18:44:20.174Z,161
00_README.md,1qCkRjFhPtq9Mt5UKmJ6tifP_lQ98sf-U1dlrIT4UlTE,Trade_AI_Docs_v2/docs/screener_architecture/phase_screener_map3_promoter_family_thresholds/00_README.md,5334,,2026-05-21T15:18:11.567Z,161
00_README.md,1g11G1XPbbt_y0X5kyBBWpq-NjirraRTLLXS33Cdkt_s,Trade_AI_Docs_v2/docs/screener_architecture/phase_screener_map4_production_family_thresholds/00_README.md,3312,,2026-05-21T15:18:00.071Z,161
00_README.md,1PHKqML9B0q7xgn7kGd6Ww4OPwgdgDrE_l_oRG8cFOz0,Trade_AI_Docs_v2/docs/screener_architecture/phase_income_dividend_scan_observation/00_README.md,4307,,2026-05-21T15:17:54.735Z,161
00_README.md,10RtVPFCJD0NVP9FbZ3m1qvhjhWw2MZs_N9sl5BTu_2k,Trade_AI_Docs_v2/docs/screener_architecture/phase_screener_map2_shadow_source_runs/00_README.md,4899,,2026-05-21T15:17:13.352Z,161
00_README.md,1_s01xyT9FFcDPAT7G7m9_JxDtT3E1Q2mPnUOYq01R4o,Trade_AI_Docs_v2/docs/screener_architecture/phase_screener_map1_strategy_coverage_repair/00_README.md,5028,,2026-05-21T15:16:55.410Z,161
00_README.md,1WXJ029jRqZcTaeADqXRBE1xAkaRLW1pli0uOTg1deXg,Trade_AI_Docs_v2/docs/screener_architecture/phase_screener_map4b_promoter_observation/00_README.md,3229,,2026-05-21T15:16:50.243Z,161
00_README.md,1c7CbZbjSUDiqfXUfYd4GT_dfav8VHqnk3ptszbU8Hao,Trade_AI_Docs_v2/docs/screener_architecture/phase_afterhours_ready1_full_candidate_preparation/00_README.md,2376,,2026-05-21T02:26:06.784Z,161
00_README.md,1muw8zuHer2OIUvcCFqG9GbHZ1mY58THC9eZxJQS3dAI,Trade_AI_Docs_v2/docs/screener_architecture/phase_screener_arch4_full_universe_strategy_fit/00_README.md,2603,,2026-05-21T02:24:52.122Z,161
00_README.md,1V-mXp3w2bYxWrEAzOeXr55xaQdTXwm6rRccK_xA6d8o,Trade_AI_Docs_v2/docs/screener_architecture/phase_screener_arch5_schedule_stale_remediation/00_README.md,2139,,2026-05-21T02:23:47.138Z,161
00_README.md,190XydveHtVBsPIjqdmCb5MLaVqOjXYpE,Trade_AI_Docs_v2/docs/screener_architecture/phase_screener_arch3b_importer_membership_backfill/00_README.md,766,,2026-05-19T18:19:50.952Z,161
00_README.md,1EaQI689G8M2Hv1VZZCkgXZHTw3AcFYkm,Trade_AI_Docs_v2/docs/screener_architecture/phase_screener_arch3_catalog_lifecycle/00_README.md,1285,,2026-05-19T17:31:47.938Z,161
00_README.md,1fYd0ov3bUC_A05sidxgyYivyeulc7gFT,Trade_AI_Docs_v2/docs/screener_architecture/phase_screener_arch2b_cap_overrides/00_README.md,893,,2026-05-19T16:59:09.817Z,161
00_README.md,1THXKDBfYQK5SsyVBlDqTXVqyEl4-u5IN,Trade_AI_Docs_v2/docs/screener_architecture/phase_screener_arch2_full_ingestion_catalog/00_README.md,1357,,2026-05-19T16:36:11.338Z,161
00_README.md,1wyr1iuw45iJ4xR9fB-ztS866Kbud5ziw,Trade_AI_Docs_v2/docs/screener_architecture/phase_screener_arch1_full_coverage/00_README.md,1736,,2026-05-19T16:19:35.983Z,161
00_README.md,1X_w1mfYF-3Z3jVCN4u7_hzvVKa3sXT2U,Trade_AI_Docs_v2/docs/alerts/phase_watch2_watchpool_maturity_alerts/00_README.md,1216,,2026-05-19T13:58:20.418Z,161
00_README.md,1dmW1nw7JKmuQcxNTFSed2v8Lze3UByy_,Trade_AI_Docs_v2/docs/alerts/phase_alert3_dedicated_channel_and_page/00_README.md,874,,2026-05-19T00:37:31.900Z,161
00_README.md,1UO_pkmMgqnGvkej0ofMPy7x9iq6Bcgfl,Trade_AI_Docs_v2/docs/alerts/phase_miss1_missed_opportunity_audit/00_README.md,1038,,2026-05-19T00:24:47.537Z,161
00_README.md,199UprB8_xjWTL2fKin6y7uonnscY9GEf,Trade_AI_Docs_v2/docs/alerts/phase_alert2_telegram_callbacks/00_README.md,1413,,2026-05-19T00:14:10.930Z,161
00_README.md,1BuFB5Yxf72pxPn3JU7eqvd-yI0AyE8wT,Trade_AI_Docs_v2/docs/alerts/phase_alert1_telegram_actionable_proposals/00_README.md,1778,,2026-05-18T17:41:00.542Z,161
00_README.md,1Fc5T5gEgp9ZpSr0R-8sVJW9NJEQhlMkKoo_FYbs01Dk,Trade_AI_Docs_v2/docs/proposal_quality/phase_promote1_pre_promotion_readiness_gate/00_README.md,2449,,2026-05-21T03:09:41.974Z,161
00_README.md,1Hl51ryGKyUpnqh_Ie0T7YsLHMKe2U25e,Trade_AI_Docs_v2/docs/proposal_quality/phase_promote1_pre_promotion_readiness_gate/00_README.md,1253,,2026-05-18T17:26:29.156Z,161
00_README.md,1PxlGRM7n0I9oG5TTmQsp1OAp0KdaqmvN,Trade_AI_Docs_v2/docs/quote_architecture/phase_q1_proactive_quote_refresh/00_README.md,1289,,2026-05-18T17:03:29.516Z,161
00_README.md,1-nZGQwzJMABSJDJgEE9qZ54loP8zlF6t,Trade_AI_Docs_v2/docs/strategy_architecture/phase_r2_family_liquidity_gating/00_README.md,1623,,2026-05-18T16:13:17.265Z,161
00_README.md,1IScZX6dsoF7lXA_wcpNKQ0mLbm-kCE2X,Trade_AI_Docs_v2/docs/strategy_architecture/phase_r5_yaml_scoring_weights_router/00_README.md,1578,,2026-05-18T15:47:08.833Z,161
00_README.md,1-j_rSx-YSX4_lF3807R9YDTOH82hA4UM,Trade_AI_Docs_v2/docs/strategy_architecture/phase_strat_arch1_due_diligence/00_README.md,1966,,2026-05-18T15:17:57.430Z,161
00_README.md,1kSY27aJnBafDiPt0MEf-dy_BONq_07cu,Trade_AI_Docs_v2/docs/parallel_hardening/phase_par1_no_backup/00_README.md,1466,,2026-05-18T14:34:46.943Z,161
00_README.md,1fhUw6rbunp_W8FBZwdroz2Z9J51NM7rz,Trade_AI_Docs_v2/docs/migrations/phase_b1e_cleanup_bucket3_migration/00_README.md,1225,,2026-05-18T17:11:09.453Z,161
00_README.md,1LkswTPDXT8kmXnwgEnpb11_tuZRP_Oyu,Trade_AI_Docs_v2/docs/migrations/phase_b1c_bucket2_migration/00_README.md,1367,,2026-05-18T14:16:54.068Z,161
00_README.md,1Asxk4-rUzzPibPwO0LuRrIg_p912APa1,Trade_AI_Docs_v2/docs/frontend/phase_scalp_count2_run_nogo_denominator/00_README.md,827,,2026-05-19T14:57:40.123Z,161
00_README.md,12oO1qAuBT3BYWtMjlXybT2sQFbMVnlbY,Trade_AI_Docs_v2/docs/frontend/phase_scalp_count1c_universe_label_polish/00_README.md,220,,2026-05-19T14:24:02.607Z,161
00_README.md,1TL7QmIiBq09UFdTFqcXfOManIe2_X_2z,Trade_AI_Docs_v2/docs/frontend/phase_scalp_count1b_card_label_polish/00_README.md,600,,2026-05-19T14:16:31.280Z,161
00_README.md,1x1ipvx59UPtg6q3-yNUy2wp4zNB-qrxK,Trade_AI_Docs_v2/docs/frontend/phase_scalp_count1_current_run_counts/00_README.md,1307,,2026-05-19T14:09:27.095Z,161
00_README.md,1RVg1EnHRzql6jGbJzo-Pjjs4aH3-QahG,Trade_AI_Docs_v2/docs/frontend/phase_pp_ux2_proposal_trust_audit/00_README.md,1774,,2026-05-18T12:49:56.962Z,161
00_README.md,1eu-dKqJooTPUckDO9-IZBvk4pTiDS9zx,Trade_AI_Docs_v2/docs/frontend/phase_pp_ux1_paper_proposals_decision_packet/00_README.md,1761,,2026-05-18T12:25:32.288Z,161
00_README.md,1PlgdBeKQsdF0vITA8FNQskH9IwNqGBBgzhLMr7CQfKA,Trade_AI_Docs_v2/docs/governance/phase_gov1_scheduled_facts_a1a/00_README.md,2579,,2026-05-21T02:42:09.163Z,161
00_README.md,1tSTyl7oU50A9F-1-XUDOwZW2JQ687wa3,Trade_AI_Docs_v2/docs/governance/phase_gov1_scheduled_facts_a1a/00_README.md,884,,2026-05-18T02:47:59.495Z,161
00_README.md,1CbJgnYsQk3eoidIr1w6Y_CDJl-mO7ULLhpcOCABA734,Trade_AI_Docs_v2/docs/governance/phase9c_scheduled_maturity_board/00_README.md,2786,,2026-05-21T02:42:02.391Z,161
00_README.md,19CxfCxfH9nhunWrHXcvuFmRxQJDisQhm,Trade_AI_Docs_v2/docs/governance/phase9c_scheduled_maturity_board/00_README.md,1160,,2026-05-18T02:47:53.095Z,161
00_README.md,1x_aJdDtplRWdRKU5E8ogsYjeuBk72sBy,Trade_AI_Docs_v2/docs/strategy_proof/phase_sp2c_route_audit_pipeline_wiring/00_README.md,1388,,2026-05-18T13:43:38.654Z,161
00_README.md,1gKyA6epEfgpv4hryDu4XBSt23xs2af2i,Trade_AI_Docs_v2/docs/strategy_proof/phase_sp2b_route_audit_repair/00_README.md,1673,,2026-05-18T13:27:48.670Z,161
00_README.md,1uwMYtpQ9jHFoHk_9lRDTjE_3D34ttTgt,Trade_AI_Docs_v2/docs/strategy_proof/phase_sp2_strategy_watch_horizon_finviz_audit/00_README.md,1724,,2026-05-18T13:16:24.955Z,161
00_README.md,1Bvq6vYT3_UZhN6-b5NVegAa65yauVLMO,Trade_AI_Docs_v2/docs/strategy_proof/phase_sp1_strategy_proof_governance/00_README.md,1271,,2026-05-18T02:47:37.741Z,161
00_README.md,1XiasSioH8J1Ar1vUULbBZUjhLbU5IJBsnttWRejaj9g,Trade_AI_Docs_v2/docs/_archive/2026-05-24_cleanup/completed_phases/phase4_observability/00_README.md,2398,,2026-05-28T18:41:16.837Z,161
00_README.md,1w-zoy_G8uq1rUC9F7zJV4PK9qPGCJNhKGQA8bgwIeuI,Trade_AI_Docs_v2/docs/_archive/2026-05-24_cleanup/completed_phases/quote_architecture/phase_q1_proactive_quote_refresh/00_README.md,2625,,2026-05-28T18:40:37.701Z,161
00_README.md,15gj6Ssb287JGH0OKWGAeuvQmUCyXOw15JJ-n9gk_3yE,Trade_AI_Docs_v2/docs/_archive/2026-05-24_cleanup/completed_phases/quote_architecture/phase_q1b_premarket_quote_refresh/00_README.md,2562,,2026-05-28T18:40:23.970Z,161
00_README.md,1bwvvR32j8NxeRckTIMkVeUlj_0UvZQBjE_NL6-XUn2c,Trade_AI_Docs_v2/docs/_archive/2026-05-24_cleanup/completed_phases/phase8_lifecycle_audit/00_README.md,1847,,2026-05-28T18:39:59.479Z,161
00_README.md,1N8u4PzYzoSJQNliN7ZayWL5D0OF6KIotuVPI8g3k77E,Trade_AI_Docs_v2/docs/_archive/2026-05-24_cleanup/completed_phases/phase_sp2_strategy_watch_horizon_finviz_audit/00_README.md,2613,,2026-05-28T18:39:13.913Z,161
00_README.md,16wegcWxhynFi1KJ1fkRr-_TFqLejDWlau-f9ZqsoS18,Trade_AI_Docs_v2/docs/_archive/2026-05-24_cleanup/completed_phases/phase_journal_ux2b_digest_formatting_cron/00_README.md,2107,,2026-05-28T18:38:48.260Z,161
00_README.md,15Jw7XPjGBKYB9NxTmAuA7UmdYDV3Dy2ScTOxTVdUlkg,Trade_AI_Docs_v2/docs/_archive/2026-05-24_cleanup/completed_phases/documentation_cleanup/doc_clean_1/00_README.md,2310,,2026-05-28T18:38:32.607Z,161
00_README.md,1hwL6qAKej9hARhKf4tcsfEz8PTtsNkoCkPJhY8S8xpw,Trade_AI_Docs_v2/docs/_archive/2026-05-24_cleanup/completed_phases/migrations/phase_b1e_cleanup_bucket3_migration/00_README.md,2187,,2026-05-28T18:38:11.575Z,161
00_README.md,1K4FiNZDtKm-RrY0xWlGqYa1JBybyPUhOuErJJXZXxUg,Trade_AI_Docs_v2/docs/_archive/2026-05-24_cleanup/completed_phases/migrations/phase_b1c_bucket2_migration/00_README.md,2455,,2026-05-28T18:37:34.876Z,161
00_README.md,1OTn1ws6-BcGeKheYwdxiQvlME_YbsX-J-zxXnHlM9x0,Trade_AI_Docs_v2/docs/_archive/2026-05-24_cleanup/completed_phases/phase_screener_arch2_full_ingestion_catalog/00_README.md,2737,,2026-05-28T18:36:48.100Z,161
00_README.md,1ivaoxb_lHH32vpjphlXMi80IqttlxMT1qr-_uEIHJCo,Trade_AI_Docs_v2/docs/_archive/2026-05-24_cleanup/completed_phases/phase_r2_family_liquidity_gating/00_README.md,2783,,2026-05-28T18:36:31.953Z,161
00_README.md,10uVdvxO1DLmu_bkjTMcDrsu6EmKDXAypALhXibEKvmU,Trade_AI_Docs_v2/docs/_archive/2026-05-24_cleanup/completed_phases/phase_alert2_telegram_callbacks/00_README.md,2726,,2026-05-28T18:36:12.441Z,161
00_README.md,17XQksnjcWHEyfOZRKRR_D2A_SpJLuqDQ2M9-GeTaQNQ,Trade_AI_Docs_v2/docs/_archive/2026-05-24_cleanup/completed_phases/phase9a_proof_reliability_governance/00_README.md,2554,,2026-05-28T18:35:51.110Z,161
00_README.md,1gBaJr_l53bUAFpY1hDT1m-6vHO33ianuBRA-USfqzdM,Trade_AI_Docs_v2/docs/_archive/2026-05-24_cleanup/completed_phases/phase_atp_alert1_missed_proposal_telegram_escalation/00_README.md,2210,,2026-05-28T18:35:15.543Z,161
00_README.md,15VUj4xCz5T7F5u9mKXHodCuF0-VvazXpGxeufhpVBWI,Trade_AI_Docs_v2/docs/_archive/2026-05-24_cleanup/completed_phases/phase6_market_revalidation/00_README.md,6665,,2026-05-28T18:33:55.401Z,161
00_README.md,13MJ-2mKG4AdsHBa1NBzWA-IbstuyEUtvb0vkPpYHu_U,Trade_AI_Docs_v2/docs/_archive/2026-05-24_cleanup/completed_phases/schwab_bt_import_1/00_README.md,2243,,2026-05-28T18:32:17.932Z,161
00_README.md,1pu8haEylUQd8txJF5PNHfZ1v-FauQB9FVWkPVDiSzyA,Trade_AI_Docs_v2/docs/_archive/2026-05-24_cleanup/completed_phases/phase_alert3_dedicated_channel_and_page/00_README.md,2132,,2026-05-28T18:31:38.176Z,161
00_README.md,1CjWQg5I_iyh0FROM95x4JEPFbONAneHKXhDhaWxKtKQ,Trade_AI_Docs_v2/docs/_archive/2026-05-24_cleanup/completed_phases/phase_atp4_quote_age_sweeper_truth_counters/00_README.md,2713,,2026-05-28T18:30:43.327Z,161
00_README.md,1JI8JrYVwPZlYNr4UT85bv_AOIfADHc1xAZKbEBa8-Aw,Trade_AI_Docs_v2/docs/_archive/2026-05-24_cleanup/completed_phases/operator_hygiene/phase_ops_truth1b_pipeline_warning_alignment/00_README.md,1771,,2026-05-28T18:30:31.146Z,161
00_README.md,1jJMIYCh8x376YU6PRBL40Ily_t7dZWFJszYf9hXsxtI,Trade_AI_Docs_v2/docs/_archive/2026-05-24_cleanup/completed_phases/operator_hygiene/phase_pipe_obs1_pipeline_run_telemetry/00_README.md,2466,,2026-05-28T18:30:22.261Z,161
00_README.md,1OQWDlpplbDTWmLeUicNcT7V1_CBjykOOnsZ9yZ1bYKQ,Trade_AI_Docs_v2/docs/_archive/2026-05-24_cleanup/completed_phases/operator_hygiene/phase_post_audit_ops1_remaining_backend_fixes/00_README.md,3843,,2026-05-28T18:29:48.744Z,161
00_README.md,1tdwwzvkUnFH1MkyAp4xhpDVJKwHDWhLok9X-hPQCzbk,Trade_AI_Docs_v2/docs/_archive/2026-05-24_cleanup/completed_phases/operator_hygiene/phase_ops_hygiene1_command_surface_alert_cleanup/00_README.md,2644,,2026-05-28T18:28:57.848Z,161
00_README.md,1R-nqc_wOzloNxLm7vuhdgI5KUilpJhmFWSnY7Ioz9g8,Trade_AI_Docs_v2/docs/_archive/2026-05-24_cleanup/completed_phases/operator_hygiene/phase_backtest_lifecycle_2026-05-21/00_README.md,2303,,2026-05-28T18:28:15.277Z,161
00_README.md,1dzRauSaS-Q_-a1l41jfdnFecND0295L4mIrpypqgr2Y,Trade_AI_Docs_v2/docs/_archive/2026-05-24_cleanup/completed_phases/operator_hygiene/phase_audit_closeout1/00_README.md,2370,,2026-05-28T18:28:07.561Z,161
00_README.md,1wDpZsGK2yAxUS8dR8tTmuTSOv1Ya1A5FnYeAP0fJTyE,Trade_AI_Docs_v2/docs/_archive/2026-05-24_cleanup/completed_phases/operator_hygiene/phase_ai_brief1_stale_morning_brief/00_README.md,2405,,2026-05-28T18:28:02.822Z,161
00_README.md,1ChBN80GiGZUpX7vVhtGf3GvaR8cFtGcXmT8YpsTJD9A,Trade_AI_Docs_v2/docs/_archive/2026-05-24_cleanup/completed_phases/operator_hygiene/phase_q1c_ai_brief1b_quote_and_brief_truth/00_README.md,1623,,2026-05-28T18:27:58.038Z,161
00_README.md,1iMwDR9hqZhTn4-Scv4rHKJBz9yJ1eF36OPh4ISYfWHM,Trade_AI_Docs_v2/docs/_archive/2026-05-24_cleanup/completed_phases/operator_hygiene/phase_pipe_obs2_wrapper_telemetry/00_README.md,2734,,2026-05-28T18:27:49.877Z,161
00_README.md,1-j2eGZsbrIdZkNqjAygtn-1XToFDhlr6MPPL6y0CSMo,Trade_AI_Docs_v2/docs/_archive/2026-05-24_cleanup/completed_phases/operator_hygiene/phase_alpaca_recon_2026-05-20/00_README.md,5904,,2026-05-28T18:27:44.896Z,161
00_README.md,1Dt-VO-2hgcAhzWGnImA2tbbKX7VUuG7fZu407r-oPkA,Trade_AI_Docs_v2/docs/_archive/2026-05-24_cleanup/completed_phases/operator_hygiene/phase_agent_worker_1/00_README.md,3618,,2026-05-28T18:27:35.988Z,161
00_README.md,1iv1We1zmIJpuE0oYXu13qhwRzafeeOalBQ7kLYVvcNE,Trade_AI_Docs_v2/docs/_archive/2026-05-24_cleanup/completed_phases/operator_hygiene/phase_mobile_responsive_2026-05-20/00_README.md,4946,,2026-05-28T18:27:31.317Z,161
00_README.md,1A0VrFFsP445epRbKLyU9TPHq96i0p2FMJgPb-FI84Sk,Trade_AI_Docs_v2/docs/_archive/2026-05-24_cleanup/completed_phases/operator_hygiene/phase_ui_contract1_live_page_contract_fixes/00_README.md,2351,,2026-05-28T18:27:26.759Z,161
00_README.md,1XX_oJRh6omzN55fAufhppR-MIQy3lsls7Y2TH8IXaTM,Trade_AI_Docs_v2/docs/_archive/2026-05-24_cleanup/completed_phases/operator_hygiene/phase_regime_cron1_risk_regime_freshness/00_README.md,3574,,2026-05-28T18:26:55.128Z,161
00_README.md,1hwNyO5uP53p6T7qw7Y_khV62HTMcLe8rv_02i9EwPtU,Trade_AI_Docs_v2/docs/_archive/2026-05-24_cleanup/completed_phases/operator_hygiene/phase_ops_truth1_pipeline_governance_truth/00_README.md,2186,,2026-05-28T18:26:17.331Z,161
00_README.md,14dQasL1P5lYCKkGzevv4o-cc3who2kdnZiQSn9KMVME,Trade_AI_Docs_v2/docs/_archive/2026-05-24_cleanup/completed_phases/operator_hygiene/phase_attr1_attribution_benchmark_truth/00_README.md,3459,,2026-05-28T18:25:36.778Z,161
00_README.md,1YLupTMfo8FGvAzAkQ-wW4kTzUud-17L_tbkW_kAQDLc,Trade_AI_Docs_v2/docs/_archive/2026-05-24_cleanup/completed_phases/operator_hygiene/phase_openclaw_enhancements_2026-05-20/00_README.md,5666,,2026-05-28T18:25:30.087Z,161
00_README.md,1sKjPAkiKX1uZjerS__7VtC89jb2gZBFcjNpSQRFWQ3g,Trade_AI_Docs_v2/docs/_archive/2026-05-24_cleanup/completed_phases/operator_hygiene/phase_ui_audit2_current_state_route_cleanup/00_README.md,2614,,2026-05-28T18:25:25.676Z,161
00_README.md,1B4Tp6D-y6tPlY_T2cNhc7fDhlm-i5ebKZ5B8KpeDZ1k,Trade_AI_Docs_v2/docs/_archive/2026-05-24_cleanup/completed_phases/operator_hygiene/phase_pipe_ops2_actionable_pipeline_operations/00_README.md,2061,,2026-05-28T18:25:10.694Z,161
00_README.md,1eVxK8-lRRj4NkOLIK-B79P92JHfXk2_TEarwdXWXCAg,Trade_AI_Docs_v2/docs/_archive/2026-05-24_cleanup/completed_phases/phase_screener_arch3_catalog_lifecycle/00_README.md,2620,,2026-05-28T18:24:42.858Z,161
00_README.md,1xZn1ZZbr3vjOFRrDXRQo23K1oxk5HUYszBZDvl3YW80,Trade_AI_Docs_v2/docs/_archive/2026-05-24_cleanup/completed_phases/phase_atp5_promoter_quote_age_gate/00_README.md,2213,,2026-05-28T18:24:33.501Z,161
00_README.md,103PqZ7wwy_KUHjwPsFsa3kYUujQJEP-p7nt24txZp7Y,Trade_AI_Docs_v2/docs/_archive/2026-05-24_cleanup/completed_phases/phase_atp2_scheduled_research_cadence/00_README.md,2874,,2026-05-28T18:24:01.015Z,161
00_README.md,1UaKrMgFRRn6I4HprOetSYjqkk5ITWSEIb7KNYYbpPh0,Trade_AI_Docs_v2/docs/_archive/2026-05-24_cleanup/completed_phases/frontend/phase_pp_ux1_paper_proposals_decision_packet/00_README.md,2820,,2026-05-28T18:23:19.945Z,161
00_README.md,1iN6lSkdGO2SiKZn9c9knmnc_jElzrrbaQ2mms_4PeoM,Trade_AI_Docs_v2/docs/_archive/2026-05-24_cleanup/completed_phases/frontend/phase_scalp_count1c_universe_label_polish/00_README.md,1063,,2026-05-28T18:23:04.654Z,161
00_README.md,1WzsbjX6IUjzhKcFyoqqA-U0_V-f0gTynEp2OV5cLV0Y,Trade_AI_Docs_v2/docs/_archive/2026-05-24_cleanup/completed_phases/frontend/phase_scalp_count2_run_nogo_denominator/00_README.md,2190,,2026-05-28T18:22:56.034Z,161
00_README.md,1y_y_B4ZT6OLojlKyau31E03pMcQzJ0GdcbGuuB5fgoc,Trade_AI_Docs_v2/docs/_archive/2026-05-24_cleanup/completed_phases/frontend/phase_pp_ux2_proposal_trust_audit/00_README.md,2559,,2026-05-28T18:22:39.122Z,161
00_README.md,1xvFNvZ4ux9LP7cRJpok6TubY_FZ137H5qdNqKAt31t0,Trade_AI_Docs_v2/docs/_archive/2026-05-24_cleanup/completed_phases/frontend/phase_scalp_count1_current_run_counts/00_README.md,2616,,2026-05-28T18:22:18.170Z,161
00_README.md,1ciw4LiPqWiuvYOvNueM3XfOM5B2flU78VEQ900yoU1o,Trade_AI_Docs_v2/docs/_archive/2026-05-24_cleanup/completed_phases/frontend/phase_scalp_count1b_card_label_polish/00_README.md,2030,,2026-05-28T18:22:13.657Z,161
00_README.md,1GbwTZIFspZqxQT_VTP8Riy-_kTXbJ4RcQTEv0CX7aBU,Trade_AI_Docs_v2/docs/_archive/2026-05-24_cleanup/completed_phases/phase_miss1_missed_opportunity_audit/00_README.md,2459,,2026-05-28T18:21:59.577Z,161
00_README.md,1u5vIG-yRwwi2aUXfUiC7kQaEQl0X7jrqxIlEw1HN8kM,Trade_AI_Docs_v2/docs/_archive/2026-05-24_cleanup/completed_phases/phase_strat_arch1_due_diligence/00_README.md,2767,,2026-05-28T18:20:48.623Z,161
00_README.md,1ZzNkrE9zY0g-NQnony59Vb8-yyVt0zezYFB12DnPNDE,Trade_AI_Docs_v2/docs/_archive/2026-05-24_cleanup/completed_phases/phase_watch2_watchpool_maturity_alerts/00_README.md,2605,,2026-05-28T18:20:06.197Z,161
00_README.md,1QbbhyodfTFxWFukgxmm-fMuZ6RzxtsEDnUDeYhaAZv0,Trade_AI_Docs_v2/docs/_archive/2026-05-24_cleanup/completed_phases/phase_r5_yaml_scoring_weights_router/00_README.md,2809,,2026-05-28T18:19:42.739Z,161
00_README.md,15vKPCr25vYRsKZPKQpev6VyYlo4iOzCRUfVjycYbYrA,Trade_AI_Docs_v2/docs/_archive/2026-05-24_cleanup/completed_phases/parallel_hardening/phase_par1_no_backup/00_README.md,2753,,2026-05-28T18:18:57.853Z,161
00_README.md,1TlvJclYGyALVGVBdPFU52d6ey0CbkNEGmOe15igo_c8,Trade_AI_Docs_v2/docs/_archive/2026-05-24_cleanup/completed_phases/phase3_media_prose/00_README.md,2819,,2026-05-28T18:18:16.992Z,161
00_README.md,1xsFtXGa3vsyNYJGbyi6tsI5OsomTJj5FtYyvAwhzL40,Trade_AI_Docs_v2/docs/_archive/2026-05-24_cleanup/completed_phases/phase_atp3_truth_layer_action_workflow/00_README.md,2378,,2026-05-28T18:17:28.314Z,161
00_README.md,1QUz8-OMnFAcuA5WlvaUIRQ5dt-5zpFOBeiP9YeuvqCI,Trade_AI_Docs_v2/docs/_archive/2026-05-24_cleanup/completed_phases/stop_management_v2_0_backfill_tracking/00_README.md,2589,,2026-05-28T18:16:59.182Z,161
00_README.md,17pj6CRN4NyDvORnKFQSmy1ZLEhooXeMp5cWx_SmWNVE,Trade_AI_Docs_v2/docs/_archive/2026-05-24_cleanup/completed_phases/stop_management_v2_2_monitor_merge/00_README.md,2360,,2026-05-28T18:16:29.042Z,161
00_README.md,14tXxlbItsykO8zTuexuPWYgr0YWt3VMFax0H3cFqXJY,Trade_AI_Docs_v2/docs/_archive/2026-05-24_cleanup/completed_phases/schwab_bt_4_classification_writeback/00_README.md,2832,,2026-05-28T18:16:12.615Z,161
00_README.md,1upZzmLQOLCq_hCO5RUU1A23SwelWvQVl3dE3oqqvDws,Trade_AI_Docs_v2/docs/_archive/2026-05-24_cleanup/completed_phases/phase7_approval_simulator/00_README.md,3861,,2026-05-28T18:16:08.033Z,161
00_README.md,1mEpqwD4IPr4lHjtekrUFlnoMi0JOgLTb-jz0fjpXeOo,Trade_AI_Docs_v2/docs/_archive/2026-05-24_cleanup/completed_phases/phase_screener_arch1_full_coverage/00_README.md,3123,,2026-05-28T18:15:52.899Z,161
00_README.md,16F8q7wOtg26LO4PE23dvhjmQXqDZNI9NvZOKF3LcHws,Trade_AI_Docs_v2/docs/_archive/2026-05-24_cleanup/completed_phases/phase_atp4b_counter_alignment/00_README.md,1554,,2026-05-28T18:15:40.188Z,161
00_README.md,1rAnfeE2I5HseQvA_tyEbGHflfLJKeTr0N5k_RVcW7yM,Trade_AI_Docs_v2/docs/_archive/2026-05-24_cleanup/completed_phases/schwab_bt_2_strategy_classification/00_README.md,1887,,2026-05-28T18:15:35.827Z,161
00_README.md,1dZUrUovk79tZzbj0RCAtbpIxerqRN72qhMXgK2lzz-Y,Trade_AI_Docs_v2/docs/_archive/2026-05-24_cleanup/completed_phases/intelligence_flow_2_account_defaults_schwab_backtest/00_README.md,2420,,2026-05-28T18:15:19.072Z,161
00_README.md,1hZV7eztDQXih0ccOxW_FcLbpJhvR_oKdb-xUqfSgI5M,Trade_AI_Docs_v2/docs/_archive/2026-05-24_cleanup/completed_phases/phase_journal_ux2_persistent_lessons_digest/00_README.md,2564,,2026-05-28T18:14:53.205Z,161
00_README.md,1cFOlrkgOTlT5L8fiN2F7Q6HIgitrATkF2dsHFAjt56g,Trade_AI_Docs_v2/docs/_archive/2026-05-24_cleanup/completed_phases/phase_screener_arch3c_membership_lifecycle_api/00_README.md,2917,,2026-05-28T18:13:26.365Z,161
00_README.md,12Eyo6p-9VaoQTtjvxhIzrVsxrHsFn8k6cxVp7dkbR2g,Trade_AI_Docs_v2/docs/_archive/2026-05-24_cleanup/completed_phases/phase_sp1_strategy_proof_governance/00_README.md,2557,,2026-05-28T18:12:30.127Z,161
00_README.md,1oHcNIAsHvnS_XKbUxz5KVW6P9oIGT3MALQzQlkQh7HY,Trade_AI_Docs_v2/docs/_archive/2026-05-24_cleanup/completed_phases/stop_management_v2_1_reconciliation_engine/00_README.md,2197,,2026-05-28T18:12:16.289Z,161
00_README.md,1HYLJho5dTiuUqtI3C2rulaF3h5lAz4pK0heMcxJU75M,Trade_AI_Docs_v2/docs/_archive/2026-05-24_cleanup/completed_phases/phase_screener_arch3b_importer_membership_backfill/00_README.md,1913,,2026-05-28T18:11:40.347Z,161
00_README.md,1KTVoW0muSzrQJLyXarqzjGi3CNRqGIG3ZXk7lUxxzWc,Trade_AI_Docs_v2/docs/_archive/2026-05-24_cleanup/completed_phases/recovery/phase_br2a_existing_gog_drive_backup/00_README.md,2405,,2026-05-28T18:11:18.961Z,161
00_README.md,1Qdx4FLwiC4eUrzLWj8BpRI9JgcjyCTV6p68zC8QCPb0,Trade_AI_Docs_v2/docs/_archive/2026-05-24_cleanup/completed_phases/recovery/phase_br1_offsite_backup_restore/00_README.md,2644,,2026-05-28T18:11:03.400Z,161
00_README.md,1BkvSno-ZOlh0hYZaABLhaeJ0bvSXXQdu8yl4joDrmQo,Trade_AI_Docs_v2/docs/_archive/2026-05-24_cleanup/completed_phases/phase_alert1_telegram_actionable_proposals/00_README.md,3781,,2026-05-28T18:10:42.891Z,161
00_README.md,1Co2qMuWQHYDmOLIcCyQ4crL0uzzbBPPTQHUzQ1iwkGg,Trade_AI_Docs_v2/docs/_archive/2026-05-24_cleanup/completed_phases/bugfixes/bugfix_rr_prepromotion_alert/00_README.md,3066,,2026-05-28T18:10:19.466Z,161
00_README.md,1ubiLf9RDfroH9FJ4pUp6ZsTIudiSZS3fab6_-7teZwE,Trade_AI_Docs_v2/docs/_archive/2026-05-24_cleanup/completed_phases/phase_sp2b_route_audit_repair/00_README.md,2783,,2026-05-28T18:09:37.481Z,161
00_README.md,1i9BBJ7FkRM6kIJamEsN8mcStNmouNQRNn2h3iE71iCg,Trade_AI_Docs_v2/docs/_archive/2026-05-24_cleanup/completed_phases/phase_sp2c_route_audit_pipeline_wiring/00_README.md,2638,,2026-05-28T18:08:49.589Z,161
00_README.md,14xVhaUqrdPSU2M6leQhR3S6TWKPEGvggLQxOfz90kv0,Trade_AI_Docs_v2/docs/_archive/2026-05-24_cleanup/completed_phases/phase_screener_arch3d_falloff_lifecycle_apply/00_README.md,2614,,2026-05-28T18:08:07.444Z,161
00_README.md,1NzWtXKMGfPiHJCH8DVzF21NwFeW1geOZU3QTAcJnsbs,Trade_AI_Docs_v2/docs/_archive/2026-05-24_cleanup/completed_phases/phase2_embedding_ab/00_README.md,7110,,2026-05-28T18:06:07.253Z,161
00_README.md,11gnr0qtKiHgTVL1gR7Neme9MpF7n87Dn27nJZ8tDmtQ,Trade_AI_Docs_v2/docs/_archive/2026-05-24_cleanup/completed_phases/phase5_feedback_learning/00_README.md,2482,,2026-05-28T18:04:10.050Z,161
00_README.md,1ICor_TCrIlHKo3DaZ-05qZ-S84rTm3tSJ6m_lv00BT0,Trade_AI_Docs_v2/docs/_archive/2026-05-24_cleanup/completed_phases/intelligence_flow_1/00_README.md,2954,,2026-05-28T18:03:22.530Z,161
00_README.md,1UC3mD7kltmussW0zpc98J8Y7bJDb6GT4BzpRkI75ZXk,Trade_AI_Docs_v2/docs/_archive/2026-05-24_cleanup/completed_phases/phase9b_maturity_control_board/00_README.md,2216,,2026-05-28T18:03:08.376Z,161
00_README.md,1LKK3v9RFhr5Zra3JOT2ZFlg0Us5MUspicywQm-e4LQ0,Trade_AI_Docs_v2/docs/_archive/2026-05-24_cleanup/completed_phases/phase_screener_arch2b_cap_overrides/00_README.md,2394,,2026-05-28T18:03:00.195Z,161
00_README.md,102zRps6_4dCvS1kSgUQ1gcuBZ7A6sLJZzp1f3PVT-PM,Trade_AI_Docs_v2/docs/_archive/2026-05-24_cleanup/completed_phases/schwab_bt_3_enterprise_replay/00_README.md,3132,,2026-05-28T18:02:50.788Z,161
00_README.md,14AN7luSKvH51l4SCKJmMNemfzqshJ2HIXri_kfQI0N8,Trade_AI_Docs_v2/docs/_archive/2026-05-24_cleanup/completed_phases/phase_journal_ux1b_closed_trade_action_dashboard/00_README.md,2770,,2026-05-28T18:02:21.831Z,161
00_README.md,1gXdlGmQB5IRSm-cfs-Lmeaije5yitpaI8EnUN5YTTAI,Trade_AI_Docs_v2/docs/operations/overnight_activity_repair/00_README.md,2633,,2026-05-21T19:13:48.739Z,161
00_README.md,1xYecWgsrU4aUsgHnfaLXb9T61E7R_W61,Trade_AI_Docs_v2/docs/execution_safety/phase8_lifecycle_audit/00_README.md,805,,2026-05-17T23:16:36.064Z,161
00_README.md,1p0w7ga2-t3pqLiUvW_mGzBmeUts_FpLw,Trade_AI_Docs_v2/docs/execution_safety/phase6_market_revalidation/00_README.md,5294,,2026-05-17T23:15:48.073Z,161
00_README.md,1ubvQZ71T7ZGAxIhCCFeFw9O0e3fu6xW8,Trade_AI_Docs_v2/docs/execution_safety/phase7_approval_simulator/00_README.md,1583,,2026-05-17T23:14:57.834Z,161
00_README.md,1-i6DnvlOd6EnHH9vaX6pDxZPB_YAJvQp,Trade_AI_Docs_v2/docs/project/documentation_cleanup/doc_clean_1/00_README.md,889,,2026-05-18T01:06:01.699Z,161
00_README.md,1L_OiSTTEcmqoBZEO5OECMWaHJ4OXYB9m,Trade_AI_Docs_v2/docs/project/documentation_cleanup/doc_clean_1/00_README.md,889,,2026-05-17T23:59:17.800Z,161
00_README.md,18f6zoSghA7J_q6Kc_9ZCc35Zg0Shb1Fn,Trade_AI_Docs_v2/docs/llm_fleet/phase4_observability/00_README.md,1160,,2026-05-17T23:13:29.396Z,161
00_README.md,1E0K-_q_59a4f7NXO4Wp2XeMIvV8a1NnL,Trade_AI_Docs_v2/docs/llm_fleet/phase3_media_prose/00_README.md,1845,,2026-05-17T23:13:09.788Z,161
00_README.md,1UjUj6DurBTjm_A51Tf3gAnOtvQ9ODUDIb-bWVu63bqU,Trade_AI_Docs_v2/docs/llm_fleet/phase2_embedding_ab/00_README.md,7088,,2026-05-21T02:29:31.960Z,161
00_README.md,1rVZx7VrQbpy6ErBAD-PMStQXzeDyAvHi,Trade_AI_Docs_v2/docs/llm_fleet/phase2_embedding_ab/00_README.md,7149,,2026-05-17T23:12:04.198Z,161
00_README.md,100L2sXi7YOsgPOXdV60-eh-sDOD0beaN,Trade_AI_Docs_v2/docs/llm_fleet/phase5_feedback_learning/00_README.md,1128,,2026-05-17T23:10:28.135Z,161
00_README.md,1klfbkY4Znh8xINZblsM5aosexdM3Dsz-zgeJgsOEkJc,Trade_AI_Docs_v2/docs/maturity_hardening/post_stop_v2_maturity_refresh/00_README.md,1045,,2026-05-22T21:42:28.418Z,161
00_README.md,1Dj8RkZ0SyWIAHFzMoj1H6lySJ6-Z5561FBmG4f42fOY,Trade_AI_Docs_v2/docs/maturity_hardening/post_stop_v2_maturity_refresh/00_README.md,1044,,2026-05-22T21:31:42.163Z,161
00_README.md,1riME6dlplkjliYGDIpblkx-RuuYVulyS,Trade_AI_Docs_v2/docs/maturity_hardening/phase9b_maturity_control_board/00_README.md,1006,,2026-05-18T02:46:51.003Z,161
00_README.md,1CNe6PNfB2dvS6UDp4zu-XIYu5T2Zfqo1,Trade_AI_Docs_v2/docs/maturity_hardening/phase9a_proof_reliability_governance/00_README.md,1339,,2026-05-17T22:58:38.502Z,161
00_README.md,1haaYT6s1lR_zgWyqEHtYblcVHqcOSnb5,Trade_AI_Docs_v2/docs/recovery/phase_br2a_existing_gog_drive_backup/00_README.md,853,,2026-05-18T02:47:14.194Z,161
00_README.md,1W_FmIRIW5BjJwCeHCM-fxJ12or3HR1q_,Trade_AI_Docs_v2/docs/recovery/phase_br1_offsite_backup_restore/00_README.md,1354,,2026-05-17T23:13:47.071Z,161
00_README.md,1oXSjwPL0Pe-8LuMK487kRWX6HIhEmDIQ,Trade_AI_Docs_v2/docs/recovery/phase_br1_offsite_backup_restore/00_README.md,1354,,2026-05-17T22:54:59.454Z,161
00_README.md,1ypuGMyMbTg0pBn0_BCDFXhkGgm-rqXuC,Trade_AI_Docs_v2/docs/maturity_hardening/phase9a_proof_reliability_governance/00_README.md,1339,,2026-05-17T22:41:23.943Z,161
00_README.md,1eQaI9wqxK-9YFvFbsUlYF-LDhMwyVpx7,Trade_AI_Docs_v2/docs/maturity_hardening/phase9a_proof_reliability_governance/00_README.md,1339,,2026-05-17T22:36:58.020Z,161
01_quote_architecture.md,1asWkSOH55GHcT42wJd-F5nLmql07ywxg,Trade_AI_Docs_v2/docs/strategy_architecture/phase_strat_arch1_due_diligence/01_quote_architecture.md,2523,,2026-05-18T15:18:03.481Z,2
01_quote_architecture.md,1gI2dutmQYfLh_DlZF19xAshJAoY_fzlHd6TTEWVipNs,Trade_AI_Docs_v2/docs/_archive/2026-05-24_cleanup/completed_phases/phase_strat_arch1_due_diligence/01_quote_architecture.md,3292,,2026-05-28T18:20:59.993Z,2
02_router_scoring_architecture.md,13yDmGux5uoZk8CJhQ2DmlQaG3y5P7hsn,Trade_AI_Docs_v2/docs/strategy_architecture/phase_strat_arch1_due_diligence/02_router_scoring_architecture.md,3792,,2026-05-18T15:18:01.586Z,2
02_router_scoring_architecture.md,14gCFUm2O7O7azf_EBunzI7yvywtrdc2REMNnazka4lc,Trade_AI_Docs_v2/docs/_archive/2026-05-24_cleanup/completed_phases/phase_strat_arch1_due_diligence/02_router_scoring_architecture.md,3550,,2026-05-28T18:20:56.059Z,2
03_strategy_taxonomy.md,1SrB06cISvAIUhz9lEAvXJzaUxD1KPuP4,Trade_AI_Docs_v2/docs/strategy_architecture/phase_strat_arch1_due_diligence/03_strategy_taxonomy.md,3389,,2026-05-18T15:17:59.427Z,2
03_strategy_taxonomy.md,1U1qWdyK_sb4cJiQzHQMhQ8wv8GjZRcX1Pz-I73woe5g,Trade_AI_Docs_v2/docs/_archive/2026-05-24_cleanup/completed_phases/phase_strat_arch1_due_diligence/03_strategy_taxonomy.md,3265,,2026-05-28T18:20:52.337Z,2
04_evidence_architecture_v2.md,1Jo81sp1P2OyriPs4R6WgXvoue3jVXT7A,Trade_AI_Docs_v2/docs/strategy_architecture/phase_strat_arch1_due_diligence/04_evidence_architecture_v2.md,2936,,2026-05-18T15:18:05.336Z,2
04_evidence_architecture_v2.md,1roObP-RHUzvIULKuJPvZtCXU3pO0IzqNyW3zQQtyi6k,Trade_AI_Docs_v2/docs/_archive/2026-05-24_cleanup/completed_phases/phase_strat_arch1_due_diligence/04_evidence_architecture_v2.md,3905,,2026-05-28T18:21:03.776Z,2
05_finviz_architecture.md,12cID84LkXw4rXlLOFhp5JQjhvAV3yxHi,Trade_AI_Docs_v2/docs/strategy_architecture/phase_strat_arch1_due_diligence/05_finviz_architecture.md,2908,,2026-05-18T15:17:50.681Z,2
05_finviz_architecture.md,1Ajof6iZTwGNt9eRYnTNmuUS2OkgsjpJ5uDx1YV5z4WU,Trade_AI_Docs_v2/docs/_archive/2026-05-24_cleanup/completed_phases/phase_strat_arch1_due_diligence/05_finviz_architecture.md,3444,,2026-05-28T18:20:38.225Z,2
06_enhancement_roadmap.md,1GuDYzMAi0faFRLpMSvuwcNmo17y_NmY9,Trade_AI_Docs_v2/docs/strategy_architecture/phase_strat_arch1_due_diligence/06_enhancement_roadmap.md,3517,,2026-05-18T15:18:07.395Z,2
06_enhancement_roadmap.md,1HQPRxi6E5AryEJxAVRVa_L5kRa2eKnr2scq3sbwVhd4,Trade_AI_Docs_v2/docs/_archive/2026-05-24_cleanup/completed_phases/phase_strat_arch1_due_diligence/06_enhancement_roadmap.md,4335,,2026-05-28T18:21:07.370Z,2
A1A.md,1xS8P9NFFDhPQmSP_SwFePtGdH6a1Ek4-JNaxpOG_lW8,Trade_AI_Docs_v2/docs/A1A.md,5066,,2026-05-21T02:41:56.905Z,2
A1A.md,1DaZhDn0p2hsmp_eUI6ld82YrP9we520h,Trade_AI_Docs_v2/docs/A1A.md,4105,,2026-05-17T23:16:56.831Z,2
AGENT_COLLABORATION_DECISION_COCKPIT_APPLY_REPORT.md,1XEzYR_qn9_JfkZsyRkG6lNDGrVyizRSG,Trade_AI_Docs_v2/ui_redesign/designer_workspace/implementation_prompts/AGENT_COLLABORATION_DECISION_COCKPIT_APPLY_REPORT.md,718,,2026-05-25T16:55:59.478Z,2
AGENT_COLLABORATION_DECISION_COCKPIT_APPLY_REPORT.md,1DAVL7kBpVEw8tDTp0iUu82yNjTkBHbM25FdA1PeVh10,Trade_AI_Docs_v2/docs/ui_redesign/designer_workspace/implementation_prompts/AGENT_COLLABORATION_DECISION_COCKPIT_APPLY_REPORT.md,1949,,2026-05-28T18:52:41.838Z,2
AGENT_COLLABORATION_DECISION_COCKPIT_NOTES.md,1o9ufgRiRBcQF9fc4PyWPvvLzC1L24lGk,Trade_AI_Docs_v2/ui_redesign/designer_workspace/designed_replacements/AGENT_COLLABORATION_DECISION_COCKPIT_NOTES.md,2983,,2026-05-25T16:49:18.332Z,2
AGENT_COLLABORATION_DECISION_COCKPIT_NOTES.md,1GmqYj9U6JbrIHK-OJufqD2-9fwt3LS9KPBzyJu_ynwQ,Trade_AI_Docs_v2/docs/ui_redesign/designer_workspace/designed_replacements/AGENT_COLLABORATION_DECISION_COCKPIT_NOTES.md,4385,,2026-05-28T18:56:37.289Z,2
AGENT_COLLABORATION_DESIGN_NOTES.md,1K12opiM1ZpFvPhJ2pPK6v1Y89xJRN0nE,Trade_AI_Docs_v2/ui_redesign/designer_workspace/designed_replacements/AGENT_COLLABORATION_DESIGN_NOTES.md,6315,,2026-05-25T22:50:25.062Z,3
AGENT_COLLABORATION_DESIGN_NOTES.md,1VMkVq78Oko924XnTSuraGD81SnHgWPeb,Trade_AI_Docs_v2/ui_redesign/designer_workspace/designed_replacements/AGENT_COLLABORATION_DESIGN_NOTES.md,5031,,2026-05-25T22:33:03.775Z,3
AGENT_COLLABORATION_DESIGN_NOTES.md,1nQ-UMY08qACSRD3eH1uMIhqMe6JQJ4JnGTw8CBZeMPI,Trade_AI_Docs_v2/docs/ui_redesign/designer_workspace/designed_replacements/AGENT_COLLABORATION_DESIGN_NOTES.md,6407,,2026-05-28T18:54:05.425Z,3
AGENT_INTELLIGENCE_PIPELINES.md,10g2MUccMpR8kfDzda4iuILdiDh2XSnhWCUwcftK2SDQ,Trade_AI_Docs_v2/docs/_archive/archive/2026-04-27_pre_bible/AGENT_INTELLIGENCE_PIPELINES.md,4243,,2026-05-21T02:47:43.093Z,4
AGENT_INTELLIGENCE_PIPELINES.md,12V5YjVROuQ4SQt23MuFNrw4Cp6yKl4ff,Trade_AI_Docs_v2/docs/_archive/archive/2026-04-27_pre_bible/AGENT_INTELLIGENCE_PIPELINES.md,2779,,2026-05-18T00:01:09.373Z,4
AGENT_INTELLIGENCE_PIPELINES.md,1-3K9fjXnRpjncKix7oz3oiapbgHq0D2p,Trade_AI_Docs_v2/docs/archive/2026-04-27_pre_bible/AGENT_INTELLIGENCE_PIPELINES.md,2779,,2026-05-17T23:00:33.938Z,4
AGENT_INTELLIGENCE_PIPELINES.md,1YgLskzoAcBeo4fkXvs2BYbPG_gE9qoyL,Trade_AI_Docs_v2/docs/archive/2026-04-27_pre_bible/AGENT_INTELLIGENCE_PIPELINES.md,2779,,2026-05-17T22:43:19.177Z,4
AGENT_MONITORING_AUDIT.md,19tjQO-YtpZTN-G2ft-Xx7gqe_HBYu22W,Trade_AI_Docs_v2/atm_audit_2026_05_26/AGENT_MONITORING_AUDIT.md,19850,,2026-05-26T15:26:51.009Z,3
AGENT_MONITORING_AUDIT.md,1gOSmKIrXcIsui1Pt-BYhkT2DGVetFh1J,Trade_AI_Docs_v2/atm_audit_2026_05_26/AGENT_MONITORING_AUDIT.md,19850,,2026-05-26T15:23:05.473Z,3
AGENT_MONITORING_AUDIT.md,181TwRLFeIqVhIv8JT5A_DB5IYbRuLsFgUUV_SgVPKRU,Trade_AI_Docs_v2/docs/atm_audit_2026_05_26/AGENT_MONITORING_AUDIT.md,17391,,2026-05-28T16:59:57.453Z,3
AGENT_NEXT_STEPS_RUNBOOK.md,1vT61l8OTrWKneBItct52bf9RCwqqP0n9KSw160YUEdU,Trade_AI_Docs_v2/docs/_archive/archive/2026-04-27_pre_bible/AGENT_NEXT_STEPS_RUNBOOK.md,2752,,2026-05-21T02:49:04.965Z,3
AGENT_NEXT_STEPS_RUNBOOK.md,1QGWpo_-2bVZmzWJNUthzGj1vxHSiXJgX,Trade_AI_Docs_v2/docs/_archive/archive/2026-04-27_pre_bible/AGENT_NEXT_STEPS_RUNBOOK.md,1195,,2026-05-18T00:02:53.298Z,3
AGENT_NEXT_STEPS_RUNBOOK.md,1mso9OPPY67PGS_xT2NNrulEQiFYdffJc,Trade_AI_Docs_v2/docs/archive/2026-04-27_pre_bible/AGENT_NEXT_STEPS_RUNBOOK.md,1195,,2026-05-17T22:45:05.692Z,3
AGENT_ROSTER.md,1sibLT8eIAJQRHE47MTe--HOuj1q_XJ2P,Trade_AI_Docs_v2/AGENT_ROSTER.md,6367,,2026-05-26T14:57:22.679Z,2
AGENT_ROSTER.md,1QW6NiX2BS7zkVAh4ofeMxmx5ed69s0K43hP1hDWntt0,Trade_AI_Docs_v2/docs/AGENT_ROSTER.md,6053,,2026-05-28T17:18:45.551Z,2
AGENT_ROUTER_IMPLEMENTATION.md,1C1cMKNrzrzC6jx-KapxEWsUg-I-e9PqIr2heEwhzm6w,Trade_AI_Docs_v2/docs/_archive/archive/2026-04-27_pre_bible/AGENT_ROUTER_IMPLEMENTATION.md,8539,,2026-05-21T03:01:49.985Z,3
AGENT_ROUTER_IMPLEMENTATION.md,1LCS-YI84TD4OQyXG--7ksHQSZ5Ub2hgb,Trade_AI_Docs_v2/docs/_archive/archive/2026-04-27_pre_bible/AGENT_ROUTER_IMPLEMENTATION.md,6335,,2026-05-18T00:09:24.171Z,3
AGENT_ROUTER_IMPLEMENTATION.md,1a-IPN0OE39MlPBUTaz66D2Qk83gxmQJf,Trade_AI_Docs_v2/docs/archive/2026-04-27_pre_bible/AGENT_ROUTER_IMPLEMENTATION.md,6335,,2026-05-17T22:51:38.946Z,3
ALERT_INTELLIGENCE_PIPELINE.md,1OGCjQPQS4JVc-AQbLC62chN7iUIoLUe1JJ6pZZgNMaQ,Trade_AI_Docs_v2/docs/_archive/archive/2026-04-27_pre_bible/ALERT_INTELLIGENCE_PIPELINE.md,7280,,2026-05-21T02:49:08.626Z,3
ALERT_INTELLIGENCE_PIPELINE.md,1qRiZfmIpqcvNDxTG3uK4Kx6J5pyASXq7,Trade_AI_Docs_v2/docs/_archive/archive/2026-04-27_pre_bible/ALERT_INTELLIGENCE_PIPELINE.md,5612,,2026-05-18T00:02:54.876Z,3
ALERT_INTELLIGENCE_PIPELINE.md,1rvY4xRaG8YJLYERzaj7KM53wSoDZGWQU,Trade_AI_Docs_v2/docs/archive/2026-04-27_pre_bible/ALERT_INTELLIGENCE_PIPELINE.md,5612,,2026-05-17T22:45:07.516Z,3
ALL_V2_ROUTE_MAP.md,1Q2LbkEzA9r2vDjrOh8caYegNcmY68WNX,Trade_AI_Docs_v2/ui_redesign/ALL_V2_ROUTE_MAP.md,9245,,2026-05-25T14:39:05.908Z,2
ALL_V2_ROUTE_MAP.md,1kK8D-vgAzMcC61trZdKHK0uQRYRwIx2qv5bveGJHQog,Trade_AI_Docs_v2/docs/ui_redesign/ALL_V2_ROUTE_MAP.md,9245,,2026-05-28T18:56:44.248Z,2
API_CAPTURE_SUMMARY.md,1of5jS7d1MzGhOJ2U9MH5i-Y3pkrrxWr-,Trade_AI_Docs_v2/atm_audit_2026_05_26/API_CAPTURE_SUMMARY.md,872,,2026-05-26T15:21:00.383Z,2
API_CAPTURE_SUMMARY.md,1FAdgVQ_7hRy8HBlnggXlo1tBmFglz-TRh18mn8O4A_s,Trade_AI_Docs_v2/docs/atm_audit_2026_05_26/api_samples/API_CAPTURE_SUMMARY.md,1690,,2026-05-28T17:00:20.425Z,2
API_CONTRACTS_AND_PAYLOADS.md,15rSMVF3_UjCEbp3gWZcFEblIm_s88pey,Trade_AI_Docs_v2/ui_redesign/API_CONTRACTS_AND_PAYLOADS.md,8657,,2026-05-25T14:39:07.493Z,2
API_CONTRACTS_AND_PAYLOADS.md,1dpkUB6OQlt2bJtQU-6a6cYMyjYpwSKOxyeY3AKIn9_E,Trade_AI_Docs_v2/docs/ui_redesign/API_CONTRACTS_AND_PAYLOADS.md,8665,,2026-05-28T18:46:55.651Z,2
APPENDIX_E_SCRIPT_ROUTING_MATRIX.md,1h-HPNtunESEqRirZg71EBLgR9_uq1U2leIq3MeR4_IU,Trade_AI_Docs_v2/docs/APPENDIX_E_SCRIPT_ROUTING_MATRIX.md,5051,,2026-05-21T02:32:22.885Z,2
APPENDIX_E_SCRIPT_ROUTING_MATRIX.md,1bsOyQxfNDBQzFJiDna6e4JhwOpTCO1bU,Trade_AI_Docs_v2/docs/APPENDIX_E_SCRIPT_ROUTING_MATRIX.md,5015,,2026-05-17T23:13:56.431Z,2
ARCHITECTURE_BLUEPRINT_V1.md,1HxAFYZtu_fnjfNEUEkwJbBNyQDDfXmnu,Trade_AI_Docs_v2/ui_redesign/ARCHITECTURE_BLUEPRINT_V1.md,4125,,2026-05-25T15:08:47.532Z,2
ARCHITECTURE_BLUEPRINT_V1.md,1MZ9u_zpJlEDbYuFIOeokvg4uZUhnA0Pi8HJDIfxe4ao,Trade_AI_Docs_v2/docs/ui_redesign/ARCHITECTURE_BLUEPRINT_V1.md,5378,,2026-05-28T18:46:10.043Z,2
ARCHITECTURE_INFOGRAM.md,1NxZBSO1KXkp-YaZPhGUi1Km3O8_Cig3HAnCpnIO2Q3I,Trade_AI_Docs_v2/docs/_archive/2026-05-11_session29_cleanup/ARCHITECTURE_INFOGRAM.md,19605,,2026-05-21T03:04:10.214Z,2
ARCHITECTURE_INFOGRAM.md,14-AkY3tzLMVn2Dp6GWWiYMKSqx6AqIiK,Trade_AI_Docs_v2/docs/_archive/2026-05-11_session29_cleanup/ARCHITECTURE_INFOGRAM.md,14955,,2026-05-17T23:19:34.486Z,2
ARCHITECTURE_OVERVIEW.md,1SrfL5cmkK4OAv1A6ml9KkDcbCkbjYJiBUDEdz9HWy7Y,Trade_AI_Docs_v2/docs/ARCHITECTURE_OVERVIEW.md,18089,,2026-05-28T17:19:21.408Z,5
ARCHITECTURE_OVERVIEW.md,1wsawP-v3PMZE5T4RYvW8M8vFT5ozT9e8C1u9VLZNyRg,Trade_AI_Docs_v2/docs/ARCHITECTURE_OVERVIEW.md,17167,,2026-05-21T15:18:37.272Z,5
ARCHITECTURE_OVERVIEW.md,1i55SODjOoGZ4zcuLWzPQaZlZU6NSHQla5-msrS4CzUM,Trade_AI_Docs_v2/docs/ARCHITECTURE_OVERVIEW.md,15408,,2026-05-21T02:39:08.387Z,5
ARCHITECTURE_OVERVIEW.md,1DDz0z83NBylRmktThZEhY4laFxtTB2Zb,Trade_AI_Docs_v2/docs/ARCHITECTURE_OVERVIEW.md,13067,,2026-05-18T12:54:29.186Z,5
ARCHITECTURE_OVERVIEW.md,1_aHOXdXx1SyfaRiMHBbaVK8ebMLOvAXH,Trade_AI_Docs_v2/docs/ARCHITECTURE_OVERVIEW.md,10813,,2026-05-17T23:16:53.166Z,5
ARCHIVE_MANIFEST.md,1zlQsKGgvPbhOF-ubSPzYZYOR1hdA-EotWz2IBsJjtFU,Trade_AI_Docs_v2/docs/_archive/post_session35_cleanup_20260509/ARCHIVE_MANIFEST.md,1778,,2026-05-21T03:03:34.535Z,2
ARCHIVE_MANIFEST.md,1zdPottwLz2oiyRN6fQEi2kp7pVvKS36y,Trade_AI_Docs_v2/docs/_archive/post_session35_cleanup_20260509/ARCHIVE_MANIFEST.md,1061,,2026-05-17T23:18:13.944Z,2
ATMControlRoom.tsx,1ZUkFPOvNJM5PdKEOk1raaIOuDK1RLbwo,Trade_AI_Docs_v2/docs/atm_lifecycle_v1_2026_05_26/backups/v3_3_v3_4_pre_apply_20260527_095544/ATMControlRoom.tsx,26358,,2026-05-28T17:24:08.002Z,4
ATMControlRoom.tsx,11Rutl5yyu--6-ee_w5jsr4OWJL8gjr6E,Trade_AI_Docs_v2/docs/atm_lifecycle_v1_2026_05_26/backups/v3_1_v3_2_pre_traceability_20260527_084653/ATMControlRoom.tsx,26163,,2026-05-28T17:23:43.562Z,4
ATMControlRoom.tsx,1JAydDp9hmpHRkreDDLDXy8TN4k8duA5F,Trade_AI_Docs_v2/docs/atm_lifecycle_v1_2026_05_26/backups/v3_5_pre_apply_20260527_161658/ATMControlRoom.tsx,26544,,2026-05-28T17:23:09.095Z,4
ATMControlRoom.tsx,1treD_93kU_a9UCXiUbznvdx-TpQDhhP0,Trade_AI_Docs_v2/docs/atm_lifecycle_v1_2026_05_26/backups/v3_7_pre_apply_20260527_220426/ATMControlRoom.tsx,26882,,2026-05-28T17:22:54.272Z,4
ATM_APPROVE_FAILED_2026-05-22.md,1GVhBk0MRKP_kXcI0kkVLwzWDZr1WWpPL413I2irWXxE,Trade_AI_Docs_v2/docs/audits/ATM_APPROVE_FAILED_2026-05-22.md,9323,,2026-05-22T17:12:49.175Z,3
ATM_APPROVE_FAILED_2026-05-22.md,1m8MwvOiOU3xIDnekE6iw2pea7hrWjpng2-w5w53CS1s,Trade_AI_Docs_v2/docs/audits/ATM_APPROVE_FAILED_2026-05-22.md,8814,,2026-05-22T17:00:01.515Z,3
ATM_APPROVE_FAILED_2026-05-22.md,1w0i20jUvKWcDrMSvpIkWQrP4r8QPA1Th5vwZEhMk9ts,Trade_AI_Docs_v2/docs/audits/ATM_APPROVE_FAILED_2026-05-22.md,8764,,2026-05-22T16:50:11.879Z,3
ATM_CRON_MAP.md,149hq8CYdiCZtTI0eHVDnOX8Uli3W5GX1,Trade_AI_Docs_v2/atm_audit_2026_05_26/ATM_CRON_MAP.md,5248,,2026-05-26T15:20:58.986Z,2
ATM_CRON_MAP.md,1824rKO3clWobVFZvrbAOP_ir5_gl-gtpd2GG_-OOVuY,Trade_AI_Docs_v2/docs/atm_audit_2026_05_26/cron_snapshot/ATM_CRON_MAP.md,5457,,2026-05-28T17:18:32.301Z,2
ATM_SYSTEM_AUDIT.md,1GRA3xlL7dw8531hJYoKqQ17FyaEb2WtJ,Trade_AI_Docs_v2/atm_audit_2026_05_26/ATM_SYSTEM_AUDIT.md,19414,,2026-05-26T15:26:52.462Z,3
ATM_SYSTEM_AUDIT.md,1A8jYjR357fBmI3eUyT-9M6O5ijt80LKl,Trade_AI_Docs_v2/atm_audit_2026_05_26/ATM_SYSTEM_AUDIT.md,19414,,2026-05-26T15:22:11.952Z,3
ATM_SYSTEM_AUDIT.md,1wayop1uFCPlv_SHlSfS1f3GijYkPxGzd1-LyxjVLpZg,Trade_AI_Docs_v2/docs/atm_audit_2026_05_26/ATM_SYSTEM_AUDIT.md,17992,,2026-05-28T17:08:19.022Z,3
ATM_V1_DAY1_DASHBOARD_2026-05-22.md,1bBOEXmW9XBxm92RdP3i1W0vFuQrCSMO69qz7X24GNlU,Trade_AI_Docs_v2/docs/sessions/ATM_V1_DAY1_DASHBOARD_2026-05-22.md,6262,,2026-05-22T14:19:06.279Z,2
ATM_V1_DAY1_DASHBOARD_2026-05-22.md,1w0___R5n5OhFFyG4SZh3o1qEmfwIrQixSbZr5J2vk38,Trade_AI_Docs_v2/docs/sessions/ATM_V1_DAY1_DASHBOARD_2026-05-22.md,6007,,2026-05-22T14:08:12.192Z,2
AUDIT_FINDINGS.md,13iU_GfjETdnVvevyrVNz78zOStbER3XI1GwUgwwEp2Q,Trade_AI_Docs_v2/docs/design/signal_freshness_audit_2026-05-15/AUDIT_FINDINGS.md,6942,,2026-05-21T02:27:30.092Z,3
AUDIT_FINDINGS.md,1axeE3HFrcQHrL46sowht_YaHEtdUguk1,Trade_AI_Docs_v2/docs/design/signal_freshness_audit_2026-05-15/AUDIT_FINDINGS.md,6220,,2026-05-17T23:10:21.915Z,3
AUDIT_FINDINGS.md,1apdUNvOjL4FHqvfZf38fZpi-8tmHV1hq,Trade_AI_Docs_v2/docs/design/signal_freshness_audit_2026-05-15/AUDIT_FINDINGS.md,6220,,2026-05-17T22:53:09.436Z,3
AUDIT_REPORT.md,1jeJ2CqbFAd8_O__jPUG4pLprPsNk_poP_xhxdCyNUf0,Trade_AI_Docs_v2/docs/_archive/dashboard_audit_20260515/AUDIT_REPORT.md,4031,,2026-05-21T03:05:36.914Z,2
AUDIT_REPORT.md,1hUgHOGC3d7VvaPQkRhJhPOiJF1-qD2mY,Trade_AI_Docs_v2/docs/_archive/dashboard_audit_20260515/AUDIT_REPORT.md,3099,,2026-05-17T23:20:23.684Z,2
AUDIT_RESULT.md,1U2GA5zwLoHB_o-eF0pNBpN0O1prmrFUnT5KZgUzDQfw,Trade_AI_Docs_v2/docs/_archive/dashboard_audit_clean_20260515/AUDIT_RESULT.md,2939,,2026-05-21T03:05:40.274Z,2
AUDIT_RESULT.md,1BUScr3NYatULwICHV89AFd9k67W-_6_g,Trade_AI_Docs_v2/docs/_archive/dashboard_audit_clean_20260515/AUDIT_RESULT.md,1657,,2026-05-17T23:20:30.271Z,2
AUTOMATION_TRUST_CENTER_APPLY_PLAN.md,1NkhcfwO6N8DBwBjOUndvsC6sOKEURJLR,Trade_AI_Docs_v2/ui_redesign/designer_workspace/designed_replacements/phase2b_automation_trust/AUTOMATION_TRUST_CENTER_APPLY_PLAN.md,6607,,2026-05-25T18:00:32.677Z,3
AUTOMATION_TRUST_CENTER_APPLY_PLAN.md,1JRNZH9V7N06h4b6AsvBIkC38HTpe2Xz8nXc0a9uW9CM,Trade_AI_Docs_v2/docs/ui_redesign/designer_workspace/designed_replacements/phase2b_automation_trust/AUTOMATION_TRUST_CENTER_APPLY_PLAN.md,7734,,2026-05-28T18:55:48.638Z,3
AUTOMATION_TRUST_CENTER_APPLY_PLAN.md,1_yvJWX9ZXVJO4w6I-s00eXVReINHs0PaGShbsRp0ZQE,Trade_AI_Docs_v2/docs/ui_redesign/designer_workspace/backups/phase2b_automation_trust_apply_20260525_1345/AUTOMATION_TRUST_CENTER_APPLY_PLAN.md,7735,,2026-05-28T18:51:18.297Z,3
AUTOMATION_TRUST_CENTER_DESIGN_NOTES.md,1YbTRbqmRW0t8-HDZuhMGi15qAHwsL3a1,Trade_AI_Docs_v2/ui_redesign/designer_workspace/designed_replacements/phase2b_automation_trust/AUTOMATION_TRUST_CENTER_DESIGN_NOTES.md,7462,,2026-05-25T18:00:34.106Z,3
AUTOMATION_TRUST_CENTER_DESIGN_NOTES.md,17XA_BKlmNUSGDTE11pMadHscett3xx7bQ1a3fa19a-4,Trade_AI_Docs_v2/docs/ui_redesign/designer_workspace/designed_replacements/phase2b_automation_trust/AUTOMATION_TRUST_CENTER_DESIGN_NOTES.md,9212,,2026-05-28T18:56:00.575Z,3
AUTOMATION_TRUST_CENTER_DESIGN_NOTES.md,1oxI-fevbV9QOmkiH24P-Dnj2noDMFVLkm0_CbaPn5SU,Trade_AI_Docs_v2/docs/ui_redesign/designer_workspace/backups/phase2b_automation_trust_apply_20260525_1345/AUTOMATION_TRUST_CENTER_DESIGN_NOTES.md,9214,,2026-05-28T18:51:38.326Z,3
AccountBadge.tsx.md,1j52cIwmgy3hdL2kttRzPD0MuHSZXs1M8,Trade_AI_Docs_v2/ui_redesign/designer_workspace/current_source_text/AccountBadge.tsx.md,1463,,2026-05-25T15:43:26.226Z,2
AccountBadge.tsx.md,1faBR8u6R_xOQU25OLOv_D2cZpChJBXEdspkw60MNe3Y,Trade_AI_Docs_v2/docs/ui_redesign/designer_workspace/current_source_text/AccountBadge.tsx.md,4087,,2026-05-28T18:47:16.328Z,2
ActionButton.tsx.REPLACEMENT.md,1sZ_vQooAYSsUd1dKL7b2rbyv_k8xjebT,Trade_AI_Docs_v2/ui_redesign/designer_workspace/designed_replacements/phase1_5_ui_primitives/ActionButton.tsx.REPLACEMENT.md,3093,,2026-05-25T16:12:21.681Z,3
ActionButton.tsx.REPLACEMENT.md,1E0Ri_zUwnFTTIbRM_JpPNRpOZ2htVU2HCJsN9xy9J4k,Trade_AI_Docs_v2/docs/ui_redesign/designer_workspace/designed_replacements/phase1_5_ui_primitives/ActionButton.tsx.REPLACEMENT.md,7039,,2026-05-28T18:55:09.358Z,3
ActionButton.tsx.REPLACEMENT.md,15jVS0GCaMM0gYOkiusv5NrSCxfjMwiAYgGvvHkOkwBw,Trade_AI_Docs_v2/docs/ui_redesign/designer_workspace/backups/phase1_5_ui_primitives_apply_20260525_1216/ActionButton.tsx.REPLACEMENT.md,7034,,2026-05-28T18:49:59.031Z,3
AdminModals.tsx.md,1UYe4eA_PWG_c01aZb32XYLdyUC2pNnuH,Trade_AI_Docs_v2/ui_redesign/designer_workspace/current_source_text/AdminModals.tsx.md,7704,,2026-05-25T15:43:27.732Z,2
AdminModals.tsx.md,1iCg0if3K2kneRW197v-rbieXynUQ-9TsCXtWfNxMH_M,Trade_AI_Docs_v2/docs/ui_redesign/designer_workspace/current_source_text/AdminModals.tsx.md,14602,,2026-05-28T18:47:05.009Z,2
AgentCalibration.tsx,16LZFwL9xk6q4OEuGYKlkGOg6Z7oaZjtc,Trade_AI_Docs_v2/ui_redesign/source_snapshot/AgentCalibration.tsx,24520,,2026-05-25T14:40:48.206Z,2
AgentCalibration.tsx,19Eqqgv46kXfNFw15wLl0gGz9yppMkiJi,Trade_AI_Docs_v2/docs/ui_redesign/source_snapshot/pages/AgentCalibration.tsx,24520,,2026-05-28T18:45:34.304Z,2
AgentCalibration.tsx.md,16DTb1JxbakAvmrCiNDRXQtkN5v0DQPr8,Trade_AI_Docs_v2/ui_redesign/designer_workspace/current_source_text/AgentCalibration.tsx.md,24904,,2026-05-25T15:43:29.279Z,2
AgentCalibration.tsx.md,1DDbv2v6FtSHXSZjb7HC33GRCIXYzvkX3qSjHMJOg-hs,Trade_AI_Docs_v2/docs/ui_redesign/designer_workspace/current_source_text/AgentCalibration.tsx.md,40777,,2026-05-28T18:47:28.835Z,2
AgentChip.tsx.REPLACEMENT.md,1anbn1h0j8NeDgYrfQnbkF2CbO7CTYbNR,Trade_AI_Docs_v2/ui_redesign/designer_workspace/designed_replacements/phase1_5_ui_primitives/AgentChip.tsx.REPLACEMENT.md,3600,,2026-05-25T16:12:23.082Z,3
AgentChip.tsx.REPLACEMENT.md,1bajvOhx2Hqtf5TW16CqWT4ZyGwLUP0XF9SjS8_49Tyo,Trade_AI_Docs_v2/docs/ui_redesign/designer_workspace/designed_replacements/phase1_5_ui_primitives/AgentChip.tsx.REPLACEMENT.md,8833,,2026-05-28T18:55:31.120Z,3
AgentChip.tsx.REPLACEMENT.md,11w1doGaaLXopdv_EU8dWfDmwGrtsY_Kk36_miQbJwcw,Trade_AI_Docs_v2/docs/ui_redesign/designer_workspace/backups/phase1_5_ui_primitives_apply_20260525_1216/AgentChip.tsx.REPLACEMENT.md,8832,,2026-05-28T18:50:27.205Z,3
AgentCollaboration.tsx,1F9qBF-BKTJ4W9IbGfnnqGDfeX6CP8_Jm,Trade_AI_Docs_v2/ui_redesign/source_snapshot/AgentCollaboration.tsx,16908,,2026-05-25T14:40:49.471Z,5
AgentCollaboration.tsx,159Wv6ZL8MB2vB5SyoPtu1rBy8yxSSwYg,Trade_AI_Docs_v2/docs/ui_redesign/designer_workspace/backups/agent_collab_apply_20260525_1252/AgentCollaboration.tsx,16908,,2026-05-28T18:52:37.168Z,5
AgentCollaboration.tsx,1KNYTkI8_rdDAqzFBrjlSF6UkcodakPS0,Trade_AI_Docs_v2/docs/ui_redesign/designer_workspace/backups/agent_collab_raci_apply_20260525_1836/AgentCollaboration.tsx,16507,,2026-05-28T18:52:34.249Z,5
AgentCollaboration.tsx,1Ro60TyAjGtpte5lkO1uKjGeS3Y0dHGjZ,Trade_AI_Docs_v2/docs/ui_redesign/designer_workspace/backups/agent_collab_v3_apply_20260525_1854/AgentCollaboration.tsx,31319,,2026-05-28T18:51:41.020Z,5
AgentCollaboration.tsx,1sY5iPObqV7f17zBzTLBoCVv6QsmlAr_u,Trade_AI_Docs_v2/docs/ui_redesign/source_snapshot/pages/AgentCollaboration.tsx,16908,,2026-05-28T18:45:53.557Z,5
AgentCollaboration.tsx.REPLACEMENT.md,1uIMdwZyp_pUQqEQsg6hWboqQ4OEm2k1R,Trade_AI_Docs_v2/ui_redesign/designer_workspace/designed_replacements/AgentCollaboration.tsx.REPLACEMENT.md,56501,,2026-05-25T22:50:20.301Z,5
AgentCollaboration.tsx.REPLACEMENT.md,1kGqVThQPjbbnNKcJueQnt6VHPVGVTiBm,Trade_AI_Docs_v2/ui_redesign/designer_workspace/designed_replacements/AgentCollaboration.tsx.REPLACEMENT.md,33564,,2026-05-25T22:33:02.453Z,5
AgentCollaboration.tsx.REPLACEMENT.md,1j8nrVTXiUwLAXKODYIsGceqVlDXCwnqv,Trade_AI_Docs_v2/ui_redesign/designer_workspace/designed_replacements/AgentCollaboration.tsx.REPLACEMENT.md,17544,,2026-05-25T16:49:16.988Z,5
AgentCollaboration.tsx.REPLACEMENT.md,1jo2YChk7QkNnDlj-eeLDrGlc90qNeumE,Trade_AI_Docs_v2/ui_redesign/designer_workspace/designed_replacements/AgentCollaboration.tsx.REPLACEMENT.md,429,,2026-05-25T15:44:40.494Z,5
AgentCollaboration.tsx.REPLACEMENT.md,1z0M7897_EYT3qPdSclthYcif1v7XsLKng3mVs9Xkdls,Trade_AI_Docs_v2/docs/ui_redesign/designer_workspace/designed_replacements/AgentCollaboration.tsx.REPLACEMENT.md,73094,,2026-05-28T18:56:20.473Z,5
AgentCollaboration.tsx.md,1SkvUT7Vm8IMLeD5wmmh5FVIsHFOtqDgM,Trade_AI_Docs_v2/ui_redesign/designer_workspace/current_source_text/AgentCollaboration.tsx.md,17296,,2026-05-25T15:43:30.705Z,2
AgentCollaboration.tsx.md,1bKU7Gy75jnIOwQpIM1_Hip9puZ592LbTILw7dFX6Dsc,Trade_AI_Docs_v2/docs/ui_redesign/designer_workspace/current_source_text/AgentCollaboration.tsx.md,16178,,2026-05-28T18:48:41.320Z,2
AgentPipeline.tsx,1GXjeQ7EIIbormmmn9WW1X6fVXdpTdL4d,Trade_AI_Docs_v2/ui_redesign/source_snapshot/AgentPipeline.tsx,28844,,2026-05-25T14:40:50.834Z,3
AgentPipeline.tsx,14ii70hqBLq1BRtWBbMc-o0c4N5mBsTxU,Trade_AI_Docs_v2/docs/ui_redesign/designer_workspace/backups/phase2b_automation_trust_apply_20260525_1345/AgentPipeline.tsx,28844,,2026-05-28T18:51:30.794Z,3
AgentPipeline.tsx,1QM8Edce0_VB6pd49PtJ_BM2aGVSX5Ykp,Trade_AI_Docs_v2/docs/ui_redesign/source_snapshot/pages/AgentPipeline.tsx,28844,,2026-05-28T18:45:43.633Z,3
AgentPipeline.tsx.REPLACEMENT.md,1EqBdBM2_8pxQamnxDxUDEPqPQj1br7uM,Trade_AI_Docs_v2/ui_redesign/designer_workspace/designed_replacements/phase2b_automation_trust/AgentPipeline.tsx.REPLACEMENT.md,29982,,2026-05-25T18:00:35.444Z,3
AgentPipeline.tsx.REPLACEMENT.md,1jrm1fL2uFhCBi7J0BkMw7NgxuYbnMyh5c8ofEk2Wek8,Trade_AI_Docs_v2/docs/ui_redesign/designer_workspace/designed_replacements/phase2b_automation_trust/AgentPipeline.tsx.REPLACEMENT.md,45120,,2026-05-28T18:55:54.046Z,3
AgentPipeline.tsx.REPLACEMENT.md,1CZHvYiZ-iC0qxWnUEbh2BFL1RzTzlE_527mqbDwHQfE,Trade_AI_Docs_v2/docs/ui_redesign/designer_workspace/backups/phase2b_automation_trust_apply_20260525_1345/AgentPipeline.tsx.REPLACEMENT.md,45116,,2026-05-28T18:51:22.814Z,3
AgentPipeline.tsx.md,1KQyT1Aqbz7nVsk0OSw4mLJGIpfoZKJXo,Trade_AI_Docs_v2/ui_redesign/designer_workspace/current_source_text/AgentPipeline.tsx.md,29222,,2026-05-25T15:43:32.206Z,2
AgentPipeline.tsx.md,1rY9rSSGCPTkSl5vXTz40urfZkSf4PKFWnoqkF06K2CI,Trade_AI_Docs_v2/docs/ui_redesign/designer_workspace/current_source_text/AgentPipeline.tsx.md,45070,,2026-05-28T18:49:09.165Z,2
AlertsDashboard.tsx,1gasRdTobtZ-Zqv261RZN-8St8-ozgCPS,Trade_AI_Docs_v2/ui_redesign/source_snapshot/AlertsDashboard.tsx,8918,,2026-05-25T14:40:52.296Z,2
AlertsDashboard.tsx,1BN94AyU0lLL9JI0KohMrMDXrYWK33VQb,Trade_AI_Docs_v2/docs/ui_redesign/source_snapshot/pages/AlertsDashboard.tsx,8918,,2026-05-28T18:45:14.727Z,2
App.tsx,1yIQxXnlbNwd18FBV0e7gOws7e-ePnFz4,Trade_AI_Docs_v2/ui_redesign/source_snapshot/App.tsx,14394,,2026-05-25T14:41:31.233Z,4
App.tsx,1qhI3rjQYw4GOXYaSrzioPCeC_0uKoE5h,Trade_AI_Docs_v2/docs/ui_redesign/source_snapshot/App.tsx,14394,,2026-05-28T18:44:58.124Z,4
App.tsx,1uBvtoa_Zw73jkHi0WYV2_wdCFqretuti,Trade_AI_Docs_v2/docs/_archive/archive/2026-04-27_pre_bible/morning_brief_redesign_kit/App.tsx,5294,,2026-05-18T00:01:55.753Z,4
App.tsx,12XfJTtXsZTWRX1I19_W-xwHTz93qcOfH,Trade_AI_Docs_v2/docs/archive/2026-04-27_pre_bible/morning_brief_redesign_kit/App.tsx,5294,,2026-05-17T22:44:06.179Z,4
App.tsx.md,17LhcJpasogSVSJUDrTnUlkz9bXt4e2Gc,Trade_AI_Docs_v2/ui_redesign/designer_workspace/current_source_text/App.tsx.md,14773,,2026-05-25T15:43:33.609Z,2
App.tsx.md,1VXgL_O0raLvBsLjswSIQouFZqAMfD25ESZrzI6MX474,Trade_AI_Docs_v2/docs/ui_redesign/designer_workspace/current_source_text/App.tsx.md,21088,,2026-05-28T18:48:33.046Z,2
Approvals.tsx.REPLACEMENT.md,1UEHCt58kLKRCt5_q7OSutpOUMnlk_Rtt,Trade_AI_Docs_v2/ui_redesign/designer_workspace/designed_replacements/phase4_governance_approvals/Approvals.tsx.REPLACEMENT.md,39831,,2026-05-25T18:56:45.320Z,3
Approvals.tsx.REPLACEMENT.md,1kTRY_zzwTIAGVUz3rUw77NfYb_SCYiEyD-Une8OheQ8,Trade_AI_Docs_v2/docs/ui_redesign/designer_workspace/designed_replacements/phase4_governance_approvals/Approvals.tsx.REPLACEMENT.md,54493,,2026-05-28T18:54:53.357Z,3
Approvals.tsx.REPLACEMENT.md,1iIa4gApaXrMhAjSdMRi2N0yGInSKvtYwdwV7otzEOvQ,Trade_AI_Docs_v2/docs/ui_redesign/designer_workspace/backups/phase4b_approvals_apply_20260525_1510/Approvals.tsx.REPLACEMENT.md,54492,,2026-05-28T18:51:51.267Z,3
AutomatedTradeMode.tsx,116X4vbZF9bE7kjenFOEMnEfjVlqyZuu-,Trade_AI_Docs_v2/ui_redesign/source_snapshot/AutomatedTradeMode.tsx,31182,,2026-05-25T14:40:54.020Z,3
AutomatedTradeMode.tsx,1TilX2XxxaP1yT3GZN_gT7swTiWRWrwly,Trade_AI_Docs_v2/docs/ui_redesign/source_snapshot/pages/AutomatedTradeMode.tsx,31182,,2026-05-28T18:45:55.361Z,3
AutomatedTradeMode.tsx,1U-ymfOAk9P9Z5YARdM7Mf2E0jRyUJejg,Trade_AI_Docs_v2/docs/atm_audit_2026_05_26/source_snapshot/AutomatedTradeMode.tsx,31182,,2026-05-28T17:07:38.465Z,3
BACKTESTING_LIFECYCLE_VALIDATION_AFTER_CLASSIFIER_FIX.md,14ZiQCy5sQS_6gDLBh_o2b6Ml7b4z7fckr-vUQpC7720,Trade_AI_Docs_v2/docs/atm_lifecycle_v1_2026_05_29/BACKTESTING_LIFECYCLE_VALIDATION_AFTER_CLASSIFIER_FIX.md,3051,,2026-05-29T12:39:56.575Z,2
BACKTESTING_LIFECYCLE_VALIDATION_AFTER_CLASSIFIER_FIX.md,139lIKs84e95ZwpOMjj0pYerFsCw9OZmVZm25GYvPVOY,Trade_AI_Docs_v2/docs/atm_lifecycle_v1_2026_05_28/classifier_source_fix/BACKTESTING_LIFECYCLE_VALIDATION_AFTER_CLASSIFIER_FIX.md,3098,,2026-05-29T03:09:50.360Z,2
BACKUP_RETENTION_POLICY.md,1kTVfamSUEpjkPBJLbuxvcNEqFTeZbggK,Trade_AI_Docs_v2/BACKUP_RETENTION_POLICY.md,1016,,2026-05-24T15:32:29.934Z,2
BACKUP_RETENTION_POLICY.md,1e5lWoLqHPoI4K7fGq_yEGEB1fp7zEgmbHkWpP3vKKes,Trade_AI_Docs_v2/docs/drive_cleanup/BACKUP_RETENTION_POLICY.md,2567,,2026-05-28T17:18:50.184Z,2
BOT_MATURITY_ROADMAP_v1.md,1WiWzY0wXVdowJDIib2V_iJej6yoY9XjumNfYoo1TELI,Trade_AI_Docs_v2/docs/strategy/BOT_MATURITY_ROADMAP_v1.md,14218,,2026-05-21T03:17:55.017Z,2
BOT_MATURITY_ROADMAP_v1.md,1qiUnoKuy2hHdHjJVwA0tOKXO9SpHcOR6,Trade_AI_Docs_v2/docs/strategy/BOT_MATURITY_ROADMAP_v1.md,19741,,2026-05-17T23:22:41.133Z,2
BarChart.tsx,1VuAXAptR_XhXiHmOD_1KVoQHN49ndF9p,Trade_AI_Docs_v2/docs/_archive/archive/2026-04-27_pre_bible/morning_brief_redesign_kit/components/BarChart.tsx,1407,,2026-05-18T00:01:54.174Z,2
BarChart.tsx,1dVKpbzt2FBXNVnEpa4msH_Ant4NZdZl3,Trade_AI_Docs_v2/docs/archive/2026-04-27_pre_bible/morning_brief_redesign_kit/components/BarChart.tsx,1407,,2026-05-17T22:44:04.326Z,2
BarChartJS.tsx,18s3NA9BRGvTHttvFJHjMHNpz2XdO4_Wj,Trade_AI_Docs_v2/docs/ui_redesign/source_snapshot/components/charts/BarChartJS.tsx,1224,,2026-05-28T18:44:48.791Z,3
BarChartJS.tsx,1RYy2XfwcO5kH1hs-XC5fFgAJrBm5iYPQ,Trade_AI_Docs_v2/docs/_archive/archive/2026-04-27_pre_bible/morning_brief_redesign_kit/components/charts/BarChartJS.tsx,1224,,2026-05-18T00:01:49.103Z,3
BarChartJS.tsx,16PVQ6UbaxDtEcrFICBnfZhbNBYo3KVU1,Trade_AI_Docs_v2/docs/archive/2026-04-27_pre_bible/morning_brief_redesign_kit/components/charts/BarChartJS.tsx,1224,,2026-05-17T22:43:59.058Z,3
Brokerage Statement_2026-02-28_258.PDF,1tV10jrwOpBaeJX1y5ysT0IuuMsqW07h0,Trade_AI_Docs_v2/docs/_archive/archive/2026-04-27_pre_bible/handoff_2026-04-19/Brokerage Statement_2026-02-28_258.PDF,224015,,2026-05-18T00:04:10.208Z,3
Brokerage Statement_2026-02-28_258.PDF,12g-IeHk7FQjX_MBO5r08i0abp3ACUJ4V,Trade_AI_Docs_v2/docs/archive/2026-04-27_pre_bible/handoff_2026-04-19/Brokerage Statement_2026-02-28_258.PDF,224015,,2026-05-17T23:03:34.801Z,3
Brokerage Statement_2026-02-28_258.PDF,1ibUNlVfyuI7i0LKUB-X8TXuO1rGejPPx,Trade_AI_Docs_v2/docs/archive/2026-04-27_pre_bible/handoff_2026-04-19/Brokerage Statement_2026-02-28_258.PDF,224015,,2026-05-17T22:46:23.886Z,3
Brokerage Statement_2026-02-28_415.PDF,1E5fyGr9aZzqBIMRU7WW3GGvabOdzhkwb,Trade_AI_Docs_v2/docs/_archive/archive/2026-04-27_pre_bible/handoff_2026-04-19/Brokerage Statement_2026-02-28_415.PDF,177921,,2026-05-18T00:04:13.694Z,3
Brokerage Statement_2026-02-28_415.PDF,11SzimCQjJ0Ax4PtI4zYe1fTnVUMHDSRm,Trade_AI_Docs_v2/docs/archive/2026-04-27_pre_bible/handoff_2026-04-19/Brokerage Statement_2026-02-28_415.PDF,177921,,2026-05-17T23:03:38.360Z,3
Brokerage Statement_2026-02-28_415.PDF,11_ktExXPM9CWqqfYTPN7qNeryE6Vxskb,Trade_AI_Docs_v2/docs/archive/2026-04-27_pre_bible/handoff_2026-04-19/Brokerage Statement_2026-02-28_415.PDF,177921,,2026-05-17T22:46:27.396Z,3
Brokerage Statement_2026-02-28_469.PDF,1ZpF7hfcu6sHXdakpVT4VHKvTMhWw9D2A,Trade_AI_Docs_v2/docs/_archive/archive/2026-04-27_pre_bible/handoff_2026-04-19/Brokerage Statement_2026-02-28_469.PDF,222338,,2026-05-18T00:05:13.747Z,3
Brokerage Statement_2026-02-28_469.PDF,19mLvL8M7VvyDBovG_Yts1YlZhSRqbfEr,Trade_AI_Docs_v2/docs/archive/2026-04-27_pre_bible/handoff_2026-04-19/Brokerage Statement_2026-02-28_469.PDF,222338,,2026-05-17T23:04:39.566Z,3
Brokerage Statement_2026-02-28_469.PDF,10eH22HQp4Ooc_TohdRnk4XzPh1FznQ4I,Trade_AI_Docs_v2/docs/archive/2026-04-27_pre_bible/handoff_2026-04-19/Brokerage Statement_2026-02-28_469.PDF,222338,,2026-05-17T22:47:27.638Z,3
Brokerage Statement_2026-03-31_258.PDF,1ipHPro0P020W6_yC3f9n7HMPI3zbtxPv,Trade_AI_Docs_v2/docs/_archive/archive/2026-04-27_pre_bible/handoff_2026-04-19/Brokerage Statement_2026-03-31_258.PDF,215932,,2026-05-18T00:08:36.671Z,2
Brokerage Statement_2026-03-31_258.PDF,1P1VuqZO_H5pBpiciT4-F9rA-BIPqSfHe,Trade_AI_Docs_v2/docs/archive/2026-04-27_pre_bible/handoff_2026-04-19/Brokerage Statement_2026-03-31_258.PDF,215932,,2026-05-17T22:50:51.604Z,2
Brokerage Statement_2026-03-31_415.PDF,1S5hwqyrLcfdygp8TQXyp5Qstk4T-jX19,Trade_AI_Docs_v2/docs/_archive/archive/2026-04-27_pre_bible/handoff_2026-04-19/Brokerage Statement_2026-03-31_415.PDF,180958,,2026-05-18T00:04:43.433Z,3
Brokerage Statement_2026-03-31_415.PDF,1viXvP-f-sUobi84w079ovsb46caYtswl,Trade_AI_Docs_v2/docs/archive/2026-04-27_pre_bible/handoff_2026-04-19/Brokerage Statement_2026-03-31_415.PDF,180958,,2026-05-17T23:04:07.425Z,3
Brokerage Statement_2026-03-31_415.PDF,1O484dLK7qvPZNxptqOy0tngB4g616bHs,Trade_AI_Docs_v2/docs/archive/2026-04-27_pre_bible/handoff_2026-04-19/Brokerage Statement_2026-03-31_415.PDF,180958,,2026-05-17T22:46:55.788Z,3
Brokerage Statement_2026-03-31_469.PDF,1p1uSiL4r8cOuwcmwnWiLqDJxOl0sH-Ay,Trade_AI_Docs_v2/docs/_archive/archive/2026-04-27_pre_bible/handoff_2026-04-19/Brokerage Statement_2026-03-31_469.PDF,228404,,2026-05-18T00:05:50.913Z,3
Brokerage Statement_2026-03-31_469.PDF,1IKMfO7QChujFreKOeGdMH-wOjAWaUQdl,Trade_AI_Docs_v2/docs/archive/2026-04-27_pre_bible/handoff_2026-04-19/Brokerage Statement_2026-03-31_469.PDF,228404,,2026-05-17T23:05:17.041Z,3
Brokerage Statement_2026-03-31_469.PDF,1Z6Pu8J45Z7dz9eO7Yr73gOBgeSP8-BcQ,Trade_AI_Docs_v2/docs/archive/2026-04-27_pre_bible/handoff_2026-04-19/Brokerage Statement_2026-03-31_469.PDF,228404,,2026-05-17T22:48:05.725Z,3
CAPITAL_ALLOCATION_AUDIT.md,1ywRPkox62mt_5NViyku1LCE3xwImbS_J,Trade_AI_Docs_v2/atm_audit_2026_05_26/CAPITAL_ALLOCATION_AUDIT.md,16741,,2026-05-26T15:26:53.887Z,3
CAPITAL_ALLOCATION_AUDIT.md,1JfO4ew39K0tq6ejULVPYKWRHUfhKp0U9,Trade_AI_Docs_v2/atm_audit_2026_05_26/CAPITAL_ALLOCATION_AUDIT.md,16741,,2026-05-26T15:22:13.492Z,3
CAPITAL_ALLOCATION_AUDIT.md,1Cvzpp9-iv3bvJVihlpbYk_eCCAVkpvz-_GnbubzLSf8,Trade_AI_Docs_v2/docs/atm_audit_2026_05_26/CAPITAL_ALLOCATION_AUDIT.md,17019,,2026-05-28T17:08:00.140Z,3
CHEAT_SHEET.md,1-whT537YkBFhg5-3_BHfvjPlraqDONbWerKR4wDZ7Tg,Trade_AI_Docs_v2/docs/CHEAT_SHEET.md,25205,,2026-05-21T15:18:28.591Z,8
CHEAT_SHEET.md,1YdC-gZbTg354OM5zLdTdhC3VUvIIe4NP_-gVigimV2w,Trade_AI_Docs_v2/docs/CHEAT_SHEET.md,24863,,2026-05-21T02:32:09.339Z,8
CHEAT_SHEET.md,1y9h0EyZigGLaTz8zRfAFkBKzFWa7VtSx,Trade_AI_Docs_v2/docs/CHEAT_SHEET.md,17547,,2026-05-18T14:34:29.548Z,8
CHEAT_SHEET.md,1LTHQVPMPgGwpTemcTRSyWvfEAx08pRwY,Trade_AI_Docs_v2/docs/CHEAT_SHEET.md,16692,,2026-05-18T13:27:31.776Z,8
CHEAT_SHEET.md,13vFwAdkGCBB464pXfAq4YqU1F52TDFGO,Trade_AI_Docs_v2/docs/CHEAT_SHEET.md,16126,,2026-05-18T13:16:11.797Z,8
CHEAT_SHEET.md,1V2-71vDO1_H4uW6dbPM14Q_FzOUaPzzY,Trade_AI_Docs_v2/docs/CHEAT_SHEET.md,15660,,2026-05-18T12:54:24.929Z,8
CHEAT_SHEET.md,1sxYcm7lys0tGHoC9bqOIld7Bx_6Pi9gJ,Trade_AI_Docs_v2/docs/CHEAT_SHEET.md,14636,,2026-05-18T02:47:18.620Z,8
CHEAT_SHEET.md,1nCrJkIC0JNfxJZ2P8MOUR89uviVLRrs-,Trade_AI_Docs_v2/docs/CHEAT_SHEET.md,13612,,2026-05-17T23:13:52.253Z,8
CIO_DASHBOARD_V6_SPEC.md,16vbM2fQKwupQkbmY9Vslp6-h7VIzK42b032ah0v0deE,Trade_AI_Docs_v2/docs/_archive/archive/2026-04-27_pre_bible/v6_research_agent/trade_ai_v6_research_agent_package/docs/CIO_DASHBOARD_V6_SPEC.md,3858,,2026-05-21T02:46:58.485Z,3
CIO_DASHBOARD_V6_SPEC.md,1FDE0MuO6d0sUTOhP9z3dBAmW3bnkDmCS,Trade_AI_Docs_v2/docs/_archive/archive/2026-04-27_pre_bible/v6_research_agent/trade_ai_v6_research_agent_package/docs/CIO_DASHBOARD_V6_SPEC.md,1485,,2026-05-18T00:00:32.466Z,3
CIO_DASHBOARD_V6_SPEC.md,1o9GzSr2nJ3HhcrW0k5HVPQPAzlV27VTm,Trade_AI_Docs_v2/CIO_DASHBOARD_V6_SPEC.md,1485,,2026-05-17T22:42:43.183Z,3
CIO_OPERATOR_PLAYBOOK.md,1dlA0ikX1gnVQ2AWDukneSiSNbUePPpKDz7ZLUT7UvDU,Trade_AI_Docs_v2/docs/_archive/archive/2026-04-28_pre_bible/v8_agent_activation/trade_ai_v8_agent_activation_package/docs/CIO_OPERATOR_PLAYBOOK.md,2922,,2026-05-21T03:03:04.939Z,3
CIO_OPERATOR_PLAYBOOK.md,1g0fmPHwBtrWyY_8z8khzlLp9UczdYyMX,Trade_AI_Docs_v2/docs/_archive/archive/2026-04-28_pre_bible/v8_agent_activation/trade_ai_v8_agent_activation_package/docs/CIO_OPERATOR_PLAYBOOK.md,1730,,2026-05-18T00:10:31.588Z,3
CIO_OPERATOR_PLAYBOOK.md,1GjHnwfeCDY4Uc50fKpqM8P8FC-trE5qU,Trade_AI_Docs_v2/docs/archive/2026-04-28_pre_bible/v8_agent_activation/trade_ai_v8_agent_activation_package/docs/CIO_OPERATOR_PLAYBOOK.md,1730,,2026-05-17T22:52:45.216Z,3
CLASSIFICATION_RULE_ENGINE_IMPLEMENTATION_LOG.md,1v4cYTzy2hlhg-0gUuwA6MnfhaHxVcD0D7DlvroeCZtU,Trade_AI_Docs_v2/docs/_archive/archive/2026-04-27_pre_bible/CLASSIFICATION_RULE_ENGINE_IMPLEMENTATION_LOG.md,18560,,2026-05-21T03:02:18.345Z,3
CLASSIFICATION_RULE_ENGINE_IMPLEMENTATION_LOG.md,1lA6cuTO3JFAlDYWIHxUAq36XTwD-Dbyg,Trade_AI_Docs_v2/docs/_archive/archive/2026-04-27_pre_bible/CLASSIFICATION_RULE_ENGINE_IMPLEMENTATION_LOG.md,16269,,2026-05-18T00:09:55.049Z,3
CLASSIFICATION_RULE_ENGINE_IMPLEMENTATION_LOG.md,1kTDbHE_m_njMHGxVobD3j0KnVEh1ov3a,Trade_AI_Docs_v2/docs/archive/2026-04-27_pre_bible/CLASSIFICATION_RULE_ENGINE_IMPLEMENTATION_LOG.md,16269,,2026-05-17T22:52:10.924Z,3
CLAUDE_APPLY_DESIGNER_REPLACEMENTS_TEMPLATE.md,1L9GmE8wpDfhYZG1u2BKcgefnUGRf0-N5,Trade_AI_Docs_v2/ui_redesign/designer_workspace/implementation_prompts/CLAUDE_APPLY_DESIGNER_REPLACEMENTS_TEMPLATE.md,1637,,2026-05-25T15:44:53.067Z,2
CLAUDE_APPLY_DESIGNER_REPLACEMENTS_TEMPLATE.md,11VB1xMRsFtsmIxcDCwXTK7VVPX3hDIjkVo3FfD4JPCs,Trade_AI_Docs_v2/docs/ui_redesign/designer_workspace/implementation_prompts/CLAUDE_APPLY_DESIGNER_REPLACEMENTS_TEMPLATE.md,3368,,2026-05-28T18:53:25.730Z,2
CLAUDE_CODE_DOC_ENFORCEMENT_PROMPT.md,1NVK9L8cODjGbK3Ai4CtyBWWE4bWbfNeWf-TOozipE0g,Trade_AI_Docs_v2/docs/_archive/archive/2026-04-27_pre_bible/v5_proactive_intelligence/trade_ai_v5_package/prompts/CLAUDE_CODE_DOC_ENFORCEMENT_PROMPT.md,2437,,2026-05-21T02:47:19.997Z,3
CLAUDE_CODE_DOC_ENFORCEMENT_PROMPT.md,1VJ0ID40dbnq8fsipGVxIsVPMdGA79vmQ,Trade_AI_Docs_v2/docs/_archive/archive/2026-04-27_pre_bible/v5_proactive_intelligence/trade_ai_v5_package/prompts/CLAUDE_CODE_DOC_ENFORCEMENT_PROMPT.md,818,,2026-05-18T00:00:53.145Z,3
CLAUDE_CODE_DOC_ENFORCEMENT_PROMPT.md,1wGIqFRXbchBAFaFWTqGRLo-8GtZTThHP,Trade_AI_Docs_v2/CLAUDE_CODE_DOC_ENFORCEMENT_PROMPT.md,818,,2026-05-17T22:43:00.826Z,3
CLAUDE_CODE_DOC_ENFORCEMENT_V6.md,1CT7_9ktxKjJVpExCbZ6HB0td35EIJgJhtt1JXl83Vic,Trade_AI_Docs_v2/docs/_archive/archive/2026-04-27_pre_bible/v6_research_agent/trade_ai_v6_research_agent_package/prompts/CLAUDE_CODE_DOC_ENFORCEMENT_V6.md,1740,,2026-05-21T02:46:48.612Z,3
CLAUDE_CODE_DOC_ENFORCEMENT_V6.md,1vCoWT3XweWLlHUklYoBD-2jwbemnzVc3,Trade_AI_Docs_v2/docs/_archive/archive/2026-04-27_pre_bible/v6_research_agent/trade_ai_v6_research_agent_package/prompts/CLAUDE_CODE_DOC_ENFORCEMENT_V6.md,464,,2026-05-18T00:00:25.497Z,3
CLAUDE_CODE_DOC_ENFORCEMENT_V6.md,1MuHHaUpQEtpYDSwCaMscwy0-U1ZMsnw2,Trade_AI_Docs_v2/CLAUDE_CODE_DOC_ENFORCEMENT_V6.md,464,,2026-05-17T22:42:35.930Z,3
CLAUDE_CODE_EXECUTION_PROMPT_LLM_v4_1_FINAL.md,11FxSL50Lw7AyhydwNGUc-OLOnw7_PTuRouK2AbhMav8,Trade_AI_Docs_v2/docs/CLAUDE_CODE_EXECUTION_PROMPT_LLM_v4_1_FINAL.md,33370,,2026-05-21T02:32:30.349Z,2
CLAUDE_CODE_EXECUTION_PROMPT_LLM_v4_1_FINAL.md,10orHcGAqFXOfAaIFLJGqkzt3jzl0itHp,Trade_AI_Docs_v2/docs/CLAUDE_CODE_EXECUTION_PROMPT_LLM_v4_1_FINAL.md,28413,,2026-05-17T23:13:58.035Z,2
CLAUDE_CODE_HANDOFF.md,1-2JiZ3B_fiDq33j_I8uxL8_rLp0y1rya,Trade_AI_Docs_v2/docs/yaml_patches/docs/CLAUDE_CODE_HANDOFF.md,8710,,2026-05-17T23:23:02.223Z,6
CLAUDE_CODE_HANDOFF.md,1KBpivmmu3u2xJqOOBeQ0FPJAfe59ZGx-ppKdpasxJ1M,Trade_AI_Docs_v2/docs/_archive/2026-05-24_cleanup/completed_phases/yaml_patches/docs/CLAUDE_CODE_HANDOFF.md,11464,,2026-05-28T18:41:04.263Z,6
CLAUDE_CODE_HANDOFF.md,1aXIl1Rxrkosu9gN0iTX2O4RJ5VbqP8oKP3mdfPatcWY,Trade_AI_Docs_v2/docs/_archive/archive/2026-04-27_pre_bible/CLAUDE_CODE_HANDOFF.md,17445,,2026-05-21T02:48:36.992Z,6
CLAUDE_CODE_HANDOFF.md,1YhlVtMjci3cznl1p4CrKQYPssncpWuqz,Trade_AI_Docs_v2/docs/_archive/archive/2026-04-27_pre_bible/CLAUDE_CODE_HANDOFF.md,13926,,2026-05-18T00:02:37.198Z,6
CLAUDE_CODE_HANDOFF.md,1YClwKOXoVy-m_mLe8pG3tEZrUcoL2KgT,Trade_AI_Docs_v2/docs/archive/2026-04-27_pre_bible/CLAUDE_CODE_HANDOFF.md,13926,,2026-05-17T23:02:01.160Z,6
CLAUDE_CODE_HANDOFF.md,1ZHg5GnhI_7AhAB7xFO9AHwsrUKGNZRms,Trade_AI_Docs_v2/docs/archive/2026-04-27_pre_bible/CLAUDE_CODE_HANDOFF.md,13926,,2026-05-17T22:44:49.061Z,6
CLAUDE_CODE_HANDOFF_S34.md,1IHsluFSQRTnXBMuiY17gKmLIJlx2UiN5,Trade_AI_Docs_v2/docs/yaml_patches_s34/docs/CLAUDE_CODE_HANDOFF_S34.md,9654,,2026-05-17T23:22:33.083Z,2
CLAUDE_CODE_HANDOFF_S34.md,1QYsaYe_UBg65opW5DOYMV26dO4Pv95QTFOhr4fzpA1M,Trade_AI_Docs_v2/docs/_archive/2026-05-24_cleanup/completed_phases/yaml_patches_s34/docs/CLAUDE_CODE_HANDOFF_S34.md,13825,,2026-05-28T18:35:06.475Z,2
CLAUDE_CODE_MASTER_PROMPT_V5.md,1plqDSMRLOgd6Be_Rn2Gg3_NqjFLyOdCHtCFGB6hzt6A,Trade_AI_Docs_v2/docs/_archive/archive/2026-04-27_pre_bible/v5_proactive_intelligence/trade_ai_v5_package/prompts/CLAUDE_CODE_MASTER_PROMPT_V5.md,5889,,2026-05-21T02:47:23.520Z,3
CLAUDE_CODE_MASTER_PROMPT_V5.md,11Aj6GQCea7rq2ouhczYMWvyf4v2gEWwJ,Trade_AI_Docs_v2/docs/_archive/archive/2026-04-27_pre_bible/v5_proactive_intelligence/trade_ai_v5_package/prompts/CLAUDE_CODE_MASTER_PROMPT_V5.md,5335,,2026-05-18T00:00:54.978Z,3
CLAUDE_CODE_MASTER_PROMPT_V5.md,1kO8RUxnOFBptDPNYgLYqEpYjbKLxhkKd,Trade_AI_Docs_v2/CLAUDE_CODE_MASTER_PROMPT_V5.md,5335,,2026-05-17T22:43:04.180Z,3
CLAUDE_CODE_MASTER_PROMPT_V6.md,1zGWx0z90Umf8AK2A7hTNlKuzqXxifZT8ZlJOoEKGJHY,Trade_AI_Docs_v2/docs/_archive/archive/2026-04-27_pre_bible/v6_research_agent/trade_ai_v6_research_agent_package/prompts/CLAUDE_CODE_MASTER_PROMPT_V6.md,5747,,2026-05-21T02:46:52.005Z,3
CLAUDE_CODE_MASTER_PROMPT_V6.md,117UVCne3fq1PuIC92rwDmqI5HT4kEiO7,Trade_AI_Docs_v2/docs/_archive/archive/2026-04-27_pre_bible/v6_research_agent/trade_ai_v6_research_agent_package/prompts/CLAUDE_CODE_MASTER_PROMPT_V6.md,5331,,2026-05-18T00:00:27.329Z,3
CLAUDE_CODE_MASTER_PROMPT_V6.md,1HWXGBY_yycOZoqqZCaDymzMg1Ng-T5pQ,Trade_AI_Docs_v2/docs/archive/2026-04-27_pre_bible/v6_research_agent/trade_ai_v6_research_agent_package/prompts/CLAUDE_CODE_MASTER_PROMPT_V6.md,5331,,2026-05-17T22:42:37.979Z,3
CLAUDE_CODE_MASTER_PROMPT_V7.md,1c0rpX4R7Atdq6tbpIT_lrYICsgQI86qkzsO2KEyjXko,Trade_AI_Docs_v2/docs/_archive/archive/2026-04-27_pre_bible/v7_cio_intelligence/trade_ai_v7_cio_package/prompts/CLAUDE_CODE_MASTER_PROMPT_V7.md,4948,,2026-05-21T03:01:56.862Z,3
CLAUDE_CODE_MASTER_PROMPT_V7.md,11vrQgahqKSGOfOr9mxz36_ZfJZfIYJb1,Trade_AI_Docs_v2/docs/_archive/archive/2026-04-27_pre_bible/v7_cio_intelligence/trade_ai_v7_cio_package/prompts/CLAUDE_CODE_MASTER_PROMPT_V7.md,4629,,2026-05-18T00:09:41.564Z,3
CLAUDE_CODE_MASTER_PROMPT_V7.md,1abAzTGtG5QUUwzf7-hF7EqDApksPJdnt,Trade_AI_Docs_v2/CLAUDE_CODE_MASTER_PROMPT_V7.md,4629,,2026-05-17T22:51:57.923Z,3
CLAUDE_CODE_MASTER_PROMPT_V8.md,14xsbpA-LCHYIJgd_WiYOZXeqVtmRGHirPuhndvS-4k8,Trade_AI_Docs_v2/docs/_archive/archive/2026-04-28_pre_bible/v8_agent_activation/trade_ai_v8_agent_activation_package/prompts/CLAUDE_CODE_MASTER_PROMPT_V8.md,8809,,2026-05-21T03:02:54.832Z,3
CLAUDE_CODE_MASTER_PROMPT_V8.md,1dYnBsXCpEyUtlRBgRcCa_ydQjZHXrzbR,Trade_AI_Docs_v2/docs/_archive/archive/2026-04-28_pre_bible/v8_agent_activation/trade_ai_v8_agent_activation_package/prompts/CLAUDE_CODE_MASTER_PROMPT_V8.md,9007,,2026-05-18T00:10:24.957Z,3
CLAUDE_CODE_MASTER_PROMPT_V8.md,1bgz-_XzqsnTO45TU9jRrNpOKWhwY4Jsc,Trade_AI_Docs_v2/CLAUDE_CODE_MASTER_PROMPT_V8.md,9007,,2026-05-17T22:52:36.498Z,3
CLAUDE_CODE_PROMPT_CLOSED_LOOP_INTELLIGENCE_V3.md,1TtlfRny_viQj7mHNUXHCwqjbPLzKv4mUfBa20cylc-s,Trade_AI_Docs_v2/docs/_archive/archive/2026-04-27_pre_bible/CLAUDE_CODE_PROMPT_CLOSED_LOOP_INTELLIGENCE_V3.md,28995,,2026-05-21T02:48:03.426Z,4
CLAUDE_CODE_PROMPT_CLOSED_LOOP_INTELLIGENCE_V3.md,1RImBpw40haPuCbq54k8kyr3Fctlx_PiM,Trade_AI_Docs_v2/docs/_archive/archive/2026-04-27_pre_bible/CLAUDE_CODE_PROMPT_CLOSED_LOOP_INTELLIGENCE_V3.md,18840,,2026-05-18T00:01:18.425Z,4
CLAUDE_CODE_PROMPT_CLOSED_LOOP_INTELLIGENCE_V3.md,1eUeEbVj3yNDr-CBl-NZzVRqC8M75WP5Y,Trade_AI_Docs_v2/docs/archive/2026-04-27_pre_bible/CLAUDE_CODE_PROMPT_CLOSED_LOOP_INTELLIGENCE_V3.md,18840,,2026-05-17T23:00:42.633Z,4
CLAUDE_CODE_PROMPT_CLOSED_LOOP_INTELLIGENCE_V3.md,1yWzLKDy65Opd4NQNCguMaMZ5Glj-j-yx,Trade_AI_Docs_v2/docs/archive/2026-04-27_pre_bible/CLAUDE_CODE_PROMPT_CLOSED_LOOP_INTELLIGENCE_V3.md,18840,,2026-05-17T22:43:27.728Z,4
CLOSED_LOOP_INTELLIGENCE_AUDIT.md,1-NFHscE0zWJdpjbAlVjBDNzB1gXl9E5ZSkA75EgwujA,Trade_AI_Docs_v2/docs/_archive/archive/2026-04-27_pre_bible/CLOSED_LOOP_INTELLIGENCE_AUDIT.md,10439,,2026-05-21T03:02:21.979Z,3
CLOSED_LOOP_INTELLIGENCE_AUDIT.md,1wGTuNWDYYMT_NC3a95p6_jzlzOPhE0UO,Trade_AI_Docs_v2/docs/_archive/archive/2026-04-27_pre_bible/CLOSED_LOOP_INTELLIGENCE_AUDIT.md,10098,,2026-05-18T00:09:56.937Z,3
CLOSED_LOOP_INTELLIGENCE_AUDIT.md,1Pq7LdpRQ8BulhxFSY194LuyujWjKA0Bz,Trade_AI_Docs_v2/docs/archive/2026-04-27_pre_bible/CLOSED_LOOP_INTELLIGENCE_AUDIT.md,10098,,2026-05-17T22:52:12.615Z,3
CLOSED_LOOP_INTELLIGENCE_IMPLEMENTATION_LOG.md,1HP6axXra3cZG_9tPiMP37Bvar3d6H2Vw2PD1kPEjtYI,Trade_AI_Docs_v2/docs/_archive/archive/2026-04-27_pre_bible/CLOSED_LOOP_INTELLIGENCE_IMPLEMENTATION_LOG.md,10024,,2026-05-21T02:47:50.528Z,4
CLOSED_LOOP_INTELLIGENCE_IMPLEMENTATION_LOG.md,1xYKIenGDhIBPvDSk5YS099OpYwcmdHns,Trade_AI_Docs_v2/docs/_archive/archive/2026-04-27_pre_bible/CLOSED_LOOP_INTELLIGENCE_IMPLEMENTATION_LOG.md,8991,,2026-05-18T00:01:13.177Z,4
CLOSED_LOOP_INTELLIGENCE_IMPLEMENTATION_LOG.md,1wt2cacoOt0zTpPh5pMn8F8k7W5AtcGog,Trade_AI_Docs_v2/docs/archive/2026-04-27_pre_bible/CLOSED_LOOP_INTELLIGENCE_IMPLEMENTATION_LOG.md,8991,,2026-05-17T23:00:37.480Z,4
CLOSED_LOOP_INTELLIGENCE_IMPLEMENTATION_LOG.md,12IlU9l81xLeTAPaVlq6luR4DmpyeIzTE,Trade_AI_Docs_v2/docs/archive/2026-04-27_pre_bible/CLOSED_LOOP_INTELLIGENCE_IMPLEMENTATION_LOG.md,8991,,2026-05-17T22:43:22.440Z,4
COMMAND_CENTER_CIO_UI_NOTES.md,1vAuu5CSA_NnhoMgRHI63SY0rKhnp8bm1rk8mEl2vnxw,Trade_AI_Docs_v2/docs/_archive/archive/2026-04-27_pre_bible/v6_research_agent/trade_ai_v6_research_agent_package/ui/COMMAND_CENTER_CIO_UI_NOTES.md,2163,,2026-05-21T02:47:16.503Z,3
COMMAND_CENTER_CIO_UI_NOTES.md,1RUTH1Yq-4tRfJF08t_SyS3qduE3q1die,Trade_AI_Docs_v2/docs/_archive/archive/2026-04-27_pre_bible/v6_research_agent/trade_ai_v6_research_agent_package/ui/COMMAND_CENTER_CIO_UI_NOTES.md,726,,2026-05-18T00:00:45.803Z,3
COMMAND_CENTER_CIO_UI_NOTES.md,1N1EgpPW_mUYPKdRQJliVnanRs1-I_jvY,Trade_AI_Docs_v2/COMMAND_CENTER_CIO_UI_NOTES.md,726,,2026-05-17T22:42:55.861Z,3
COMMAND_CENTER_UI_V5_PLAN.md,12MGURUiwiW9J_mf69Jcowaig_1nTLdVsoMEnvdYTMF8,Trade_AI_Docs_v2/docs/_archive/archive/2026-04-27_pre_bible/v5_proactive_intelligence/trade_ai_v5_package/docs/COMMAND_CENTER_UI_V5_PLAN.md,2858,,2026-05-21T02:47:32.913Z,3
COMMAND_CENTER_UI_V5_PLAN.md,1HbzSuqTstt-hx64VMLmFO6hQBW2MCzO4,Trade_AI_Docs_v2/docs/_archive/archive/2026-04-27_pre_bible/v5_proactive_intelligence/trade_ai_v5_package/docs/COMMAND_CENTER_UI_V5_PLAN.md,1405,,2026-05-18T00:01:01.654Z,3
COMMAND_CENTER_UI_V5_PLAN.md,1jjhxzk7cUMH5jPg05CGh0Kg-H1gwRjLM,Trade_AI_Docs_v2/docs/archive/2026-04-27_pre_bible/v5_proactive_intelligence/trade_ai_v5_package/docs/COMMAND_CENTER_UI_V5_PLAN.md,1405,,2026-05-17T22:43:11.252Z,3
COMPARISON.md,13uOoWjhi-5TKXwbUAFUNDBgqXT6gf9eQzL3Q7sKM5VE,Trade_AI_Docs_v2/docs/_archive/dashboard_audit_20260515_2335/COMPARISON.md,3614,,2026-05-21T03:08:23.892Z,2
COMPARISON.md,1ecSBn9XftX-aTs2SqidWMyRgOilUYbVu,Trade_AI_Docs_v2/docs/_archive/dashboard_audit_20260515_2335/COMPARISON.md,2690,,2026-05-17T23:21:55.079Z,2
COMPONENT_INVENTORY.md,1Kdfy378jyz2cWVH22PPV0HOUKUhwdFPO,Trade_AI_Docs_v2/ui_redesign/COMPONENT_INVENTORY.md,4991,,2026-05-25T14:39:09.096Z,2
COMPONENT_INVENTORY.md,1GRty-UZAHYLBvdD0Y3bqpud2erIw7xm1HQcVsEZa3hc,Trade_AI_Docs_v2/docs/ui_redesign/COMPONENT_INVENTORY.md,6073,,2026-05-28T18:58:49.121Z,2
CONFIG_FILE_DB_MIGRATION_AUDIT.md,1VDlmcdAVSsq-vwidSHEKamUDlH7Ul64EI5DsJgocoKc,Trade_AI_Docs_v2/docs/_archive/2026-05-11_session29_cleanup/CONFIG_FILE_DB_MIGRATION_AUDIT.md,4986,,2026-05-21T03:04:06.297Z,2
CONFIG_FILE_DB_MIGRATION_AUDIT.md,1uMReZfGIT7uFdAXTXw1F4WCE3VKoKaBb,Trade_AI_Docs_v2/docs/_archive/2026-05-11_session29_cleanup/CONFIG_FILE_DB_MIGRATION_AUDIT.md,4909,,2026-05-17T23:19:32.818Z,2
COST_MODEL.md,1Fawb2aNxry5OUk8dYXTPPXMCL7B7C5sXmhhsELU25x8,Trade_AI_Docs_v2/docs/COST_MODEL.md,9953,,2026-05-21T03:19:30.612Z,2
COST_MODEL.md,1RwOyFBM4X0a2vWpemtaHq8s0bqEpKC2-,Trade_AI_Docs_v2/docs/COST_MODEL.md,8450,,2026-05-17T23:23:10.279Z,2
CURRENT_OPEN_TRADES,1gRLh2hdnG_VngnJ0BZpwOQ9MO1P8b7eueDbpSnMMGvs,Trade_AI_Docs_v2/docs/atm_lifecycle_v1_2026_05_26/execution_stop_proof_v3_3_v3_4_export/row_exports/CURRENT_OPEN_TRADES,1024,,2026-05-28T17:30:49.830Z,2
CURRENT_OPEN_TRADES,1uYbtmLT0-QNsUyb_iWW47uTa0kqNMkA5qHLU1i1CR_M,Trade_AI_Docs_v2/docs/atm_lifecycle_v1_2026_05_26/stop_trailing_timestop_v3_5_design/row_exports/CURRENT_OPEN_TRADES,1024,,2026-05-28T17:26:12.355Z,2
CURRENT_PROJECT_CONTEXT.md,1Q1K3QnVB66lNBaif5hu-j0UfTNIGKq32,Trade_AI_Docs_v2/CURRENT_PROJECT_CONTEXT.md,6430,,2026-05-26T15:26:59.548Z,14
CURRENT_PROJECT_CONTEXT.md,1QRd8zFIEjzQl5bBoBmJlAMXoDzeUKbN1jXrvm0aCCmU,Trade_AI_Docs_v2/docs/atm_audit_2026_05_26/CURRENT_PROJECT_CONTEXT.md,7100,,2026-05-28T16:59:47.931Z,14
CURRENT_PROJECT_CONTEXT.md,1YWq-BAsV5FO7IHZQIldy9I75Pe9kfkMAyaLjCQSBvso,Trade_AI_Docs_v2/docs/project/CURRENT_PROJECT_CONTEXT.md,7071,,2026-05-28T17:18:57.496Z,14
CURRENT_PROJECT_CONTEXT.md,1MTy-ZHbiw8ZgVXgPx-vryHq4FjTuK7oVt6dBPVSp7pU,Trade_AI_Docs_v2/docs/project/CURRENT_PROJECT_CONTEXT.md,5907,,2026-05-23T00:05:51.370Z,14
CURRENT_PROJECT_CONTEXT.md,1gG5iZ1j7Uo8XdGmz6IeeJwrbt9hrrbsA30psCRqmneQ,Trade_AI_Docs_v2/docs/project/CURRENT_PROJECT_CONTEXT.md,5906,,2026-05-23T00:02:17.831Z,14
CURRENT_PROJECT_CONTEXT.md,1MmPemm61H-hsgNwcV-fV0RwxD3Q0V0QSCUQwO-PFh_k,Trade_AI_Docs_v2/docs/project/CURRENT_PROJECT_CONTEXT.md,5884,,2026-05-22T23:33:55.904Z,14
CURRENT_PROJECT_CONTEXT.md,1JpLAU_KEW96ykrLjpUcVp7Hus6iq2YgSF05nsXde3Oc,Trade_AI_Docs_v2/docs/project/CURRENT_PROJECT_CONTEXT.md,5884,,2026-05-22T23:28:31.890Z,14
CURRENT_PROJECT_CONTEXT.md,12d_0ntlIGvIaO3D5ijnC4ljTaeqy_aGxiGIY897XNuQ,Trade_AI_Docs_v2/docs/project/CURRENT_PROJECT_CONTEXT.md,5554,,2026-05-22T23:10:36.766Z,14
CURRENT_PROJECT_CONTEXT.md,1oFXcSvE99ToO2o2lUYRTARL29R0zA6m5eKEeHWXFKt8,Trade_AI_Docs_v2/docs/project/CURRENT_PROJECT_CONTEXT.md,5560,,2026-05-22T23:01:08.720Z,14
CURRENT_PROJECT_CONTEXT.md,1pX4dVoo7cl8p7azAdExhU0JBBHOwSGisrRW2uLAV1Jk,Trade_AI_Docs_v2/docs/project/CURRENT_PROJECT_CONTEXT.md,5558,,2026-05-22T22:52:53.072Z,14
CURRENT_PROJECT_CONTEXT.md,1OiIWo04fmFBU5PwddOcRtK3nNBszKo__mwnpfwmUgzI,Trade_AI_Docs_v2/docs/project/CURRENT_PROJECT_CONTEXT.md,5539,,2026-05-22T21:43:25.550Z,14
CURRENT_PROJECT_CONTEXT.md,1Bvjf2N1hClwnpOXddojxatab4caYhRu2Gx5sLaI2TRw,Trade_AI_Docs_v2/docs/project/CURRENT_PROJECT_CONTEXT.md,5539,,2026-05-22T21:32:37.386Z,14
CURRENT_PROJECT_CONTEXT.md,1KDwn4ffGU0DmlqGQTYtBz3T1VerB5kHhph9m67VotVA,Trade_AI_Docs_v2/docs/project/CURRENT_PROJECT_CONTEXT.md,5140,,2026-05-22T20:28:30.048Z,14
CURRENT_PROJECT_CONTEXT.md,1pEZeL3AcDZkkDFTifSVSBInwnzto3fJhFKDaIHou1wE,Trade_AI_Docs_v2/docs/project/CURRENT_PROJECT_CONTEXT.md,5139,,2026-05-22T20:03:14.303Z,14
Card.tsx,1FnWoyi0KFj3Va70p0R7ftVp0bEyNAWXR,Trade_AI_Docs_v2/ui_redesign/source_snapshot/Card.tsx,1899,,2026-05-25T14:41:24.455Z,4
Card.tsx,1LhnAS9Yw2YeWrG8EMYCSDmVIlT-LASOp,Trade_AI_Docs_v2/docs/ui_redesign/source_snapshot/components/Card.tsx,1899,,2026-05-28T18:43:57.744Z,4
Card.tsx,1bG8CGMuC7Mu-Ds-El1p0RFpn6HXpCpcJ,Trade_AI_Docs_v2/docs/_archive/archive/2026-04-27_pre_bible/morning_brief_redesign_kit/components/Card.tsx,1032,,2026-05-18T00:01:35.771Z,4
Card.tsx,1Ig3tC2xnoOx5NGIANIZcW2CkY32QJIsw,Trade_AI_Docs_v2/docs/archive/2026-04-27_pre_bible/morning_brief_redesign_kit/components/Card.tsx,1032,,2026-05-17T22:43:44.773Z,4
Card.tsx.md,1g1957zISxAUKzW3ZN38_zM1mTMkbQkuk,Trade_AI_Docs_v2/ui_redesign/designer_workspace/current_source_text/Card.tsx.md,2263,,2026-05-25T15:43:34.916Z,2
Card.tsx.md,1NVtsgTB3_5sJvUcGabWKCXHMDsQ1tKmVx_YQgBhKIlQ,Trade_AI_Docs_v2/docs/ui_redesign/designer_workspace/current_source_text/Card.tsx.md,5510,,2026-05-28T18:48:56.220Z,2
Command.tsx,1XL0HhCSTyFdmRvrwtWbSznJCzlHdr-ut,Trade_AI_Docs_v2/ui_redesign/source_snapshot/Command.tsx,12672,,2026-05-25T14:40:55.423Z,2
Command.tsx,19JpKUkNp-KGGnB4ZPBVaGkQ2VLtlqaS7,Trade_AI_Docs_v2/docs/ui_redesign/source_snapshot/pages/Command.tsx,12672,,2026-05-28T18:45:17.026Z,2
ConfluenceBadge.tsx.md,1rXoIk3Zedk1CSRRWP5fM-uR4tLbp9iPT,Trade_AI_Docs_v2/ui_redesign/designer_workspace/current_source_text/ConfluenceBadge.tsx.md,2221,,2026-05-25T15:43:36.251Z,2
ConfluenceBadge.tsx.md,1Iyfdi42ADU744gMcscc00xYJ7-8ySrygEAi2OKrY1sA,Trade_AI_Docs_v2/docs/ui_redesign/designer_workspace/current_source_text/ConfluenceBadge.tsx.md,5543,,2026-05-28T18:49:31.351Z,2
DASHBOARD_AUDIT_WORKFLOW.md,1JCL0TL0C_VTuSQZE5Jyu2XIubsMTkL7L,Trade_AI_Docs_v2/DASHBOARD_AUDIT_WORKFLOW.md,1847,,2026-05-23T21:44:13.622Z,2
DASHBOARD_AUDIT_WORKFLOW.md,1FwPlDa8zvSXjyEGVdv2PclK1FDkrl4AOBWv62NBGku0,Trade_AI_Docs_v2/docs/DASHBOARD_AUDIT_WORKFLOW.md,3348,,2026-05-28T18:59:04.031Z,2
DATA_PRODUCT_FRESHNESS_REGISTRY.md,1izLzvjglI88lRzqh0uVaJnmYHVG4EJDO,Trade_AI_Docs_v2/DATA_PRODUCT_FRESHNESS_REGISTRY.md,3238,,2026-05-24T15:46:58.991Z,3
DATA_PRODUCT_FRESHNESS_REGISTRY.md,18vLde-7FGtOLX8XuQqrEpUMPYVDUFcxf,Trade_AI_Docs_v2/DATA_PRODUCT_FRESHNESS_REGISTRY.md,3225,,2026-05-24T01:06:43.401Z,3
DATA_PRODUCT_FRESHNESS_REGISTRY.md,1JFuV7BhMllDUfm58srUk7T70G3K7kq9uVesn-yGLPHo,Trade_AI_Docs_v2/docs/ui_audits/2026-05-23_command_center_reliability_fix/DATA_PRODUCT_FRESHNESS_REGISTRY.md,3781,,2026-05-28T16:56:28.710Z,3
DECISION_QA.md,1nRtshGVIstx3BSrJcX1kJ40O2_hoMACkf2_vdHROUBY,Trade_AI_Docs_v2/docs/_archive/archive/2026-04-27_pre_bible/DECISION_QA.md,19553,,2026-05-21T03:01:36.282Z,3
DECISION_QA.md,16nCPRbykIt3tKgdLHezmE-a56f7fJ30d,Trade_AI_Docs_v2/docs/_archive/archive/2026-04-27_pre_bible/DECISION_QA.md,16367,,2026-05-18T00:09:15.702Z,3
DECISION_QA.md,1xo6s35doqbybq9aicPfWbOCQYlUkAvzO,Trade_AI_Docs_v2/docs/archive/2026-04-27_pre_bible/DECISION_QA.md,16367,,2026-05-17T22:51:30.140Z,3
DEPENDENCIES.md,1q66L0bwbfcOCZeJC8IsSjZT9RIlebm-OOkzFX7UI6q8,Trade_AI_Docs_v2/docs/_archive/2026-05-08/DEPENDENCIES.md,3115,,2026-05-21T03:07:35.809Z,2
DEPENDENCIES.md,1V8jCu5q7w6sm-S2g11iKc_LnEP9rhzS-,Trade_AI_Docs_v2/docs/_archive/2026-05-08/DEPENDENCIES.md,1845,,2026-05-17T23:21:32.476Z,2
DEPLOYMENT_COMMANDS.md,13iNGeQDFVPiGRMTYILEcR-RJxm7iBPB7vuT8uk3nl5k,Trade_AI_Docs_v2/docs/_archive/archive/2026-04-28_pre_bible/v8_agent_activation/trade_ai_v8_agent_activation_package/commands/DEPLOYMENT_COMMANDS.md,2462,,2026-05-21T03:03:08.606Z,9
DEPLOYMENT_COMMANDS.md,1uS3CHgFMcP9m2ZgKoz-YRjc41vhFkg94,Trade_AI_Docs_v2/docs/_archive/archive/2026-04-28_pre_bible/v8_agent_activation/trade_ai_v8_agent_activation_package/commands/DEPLOYMENT_COMMANDS.md,1231,,2026-05-18T00:10:34.432Z,9
DEPLOYMENT_COMMANDS.md,1Y_VyAyKIRZx7saguxwxlhwZemeQRsb-TfXqJVlhvNmU,Trade_AI_Docs_v2/docs/_archive/archive/2026-04-27_pre_bible/v7_cio_intelligence/trade_ai_v7_cio_package/commands/DEPLOYMENT_COMMANDS.md,2262,,2026-05-21T03:02:13.511Z,9
DEPLOYMENT_COMMANDS.md,1ILn4L6rJrJGTDf5JZ1iN7JM3A_RJCkzZ,Trade_AI_Docs_v2/docs/_archive/archive/2026-04-27_pre_bible/v7_cio_intelligence/trade_ai_v7_cio_package/commands/DEPLOYMENT_COMMANDS.md,1154,,2026-05-18T00:09:53.059Z,9
DEPLOYMENT_COMMANDS.md,1Cciy-msHS9HCvbrTtfw3_YzXEr55HIeCjet1p3P-DZs,Trade_AI_Docs_v2/docs/_archive/archive/2026-04-27_pre_bible/v5_proactive_intelligence/trade_ai_v5_package/commands/DEPLOYMENT_COMMANDS.md,2795,,2026-05-21T02:47:39.400Z,9
DEPLOYMENT_COMMANDS.md,1Dw1u14FSaRa7t_3gs0v-v2o09sfvKW6B,Trade_AI_Docs_v2/docs/_archive/archive/2026-04-27_pre_bible/v5_proactive_intelligence/trade_ai_v5_package/commands/DEPLOYMENT_COMMANDS.md,1357,,2026-05-18T00:01:07.673Z,9
DEPLOYMENT_COMMANDS.md,1Gww7DdXgEUEAfDUEjsMGiM0RdvD4dy-kWLbThvBYtjg,Trade_AI_Docs_v2/docs/_archive/archive/2026-04-27_pre_bible/v6_research_agent/trade_ai_v6_research_agent_package/commands/DEPLOYMENT_COMMANDS.md,2756,,2026-05-21T02:47:13.298Z,9
DEPLOYMENT_COMMANDS.md,1BYXgno5XfEa5okOh41vn_wfbo6Ot1zZs,Trade_AI_Docs_v2/docs/_archive/archive/2026-04-27_pre_bible/v6_research_agent/trade_ai_v6_research_agent_package/commands/DEPLOYMENT_COMMANDS.md,1337,,2026-05-18T00:00:42.522Z,9
DEPLOYMENT_COMMANDS.md,12bJZA5IcoTumsyppsOCkvvTSaAdTH4F-,Trade_AI_Docs_v2/DEPLOYMENT_COMMANDS.md,1231,,2026-05-17T22:52:48.132Z,9
DESIGNER_MISSING_FILES_REPORT.md,1CMCBN5r04PjDy_t7vTOG0dGeSMmSofQP,Trade_AI_Docs_v2/ui_redesign/designer_workspace/DESIGNER_MISSING_FILES_REPORT.md,5565,,2026-05-25T15:43:09.570Z,2
DESIGNER_MISSING_FILES_REPORT.md,1lL2rF001DSshb230ZrnQMzduHZuumXQatu3QF3VaO2E,Trade_AI_Docs_v2/docs/ui_redesign/designer_workspace/DESIGNER_MISSING_FILES_REPORT.md,5776,,2026-05-28T18:56:40.405Z,2
DESIGN_TOKENS_CURRENT.md,1YEz_D9x2KJIYwWlmWKpVJaCN4vwpndIn,Trade_AI_Docs_v2/ui_redesign/DESIGN_TOKENS_CURRENT.md,4425,,2026-05-25T14:39:10.610Z,2
DESIGN_TOKENS_CURRENT.md,1KWWDXVIojrcLlQkFo6pFbCyykxWLgVHCZbqaDknGDb4,Trade_AI_Docs_v2/docs/ui_redesign/DESIGN_TOKENS_CURRENT.md,6374,,2026-05-28T18:43:28.614Z,2
DOCS_ROSTER.md,1gGlxVgSeenUqNrRpZ0voCdaC_XTz9fge,Trade_AI_Docs_v2/DOCS_ROSTER.md,16279,,2026-05-26T14:57:20.098Z,2
DOCS_ROSTER.md,1Yr1elmwcEP8SfNvE-yGfyeW1H07U0a5gGZNkB8sKiTI,Trade_AI_Docs_v2/docs/DOCS_ROSTER.md,13634,,2026-05-28T16:59:35.405Z,2
DOCUMENTATION_STANDARDS.md,1zQBljSAzD9UtIXFaoFOSHWZPd4EtSrE0p2kTNCdeceM,Trade_AI_Docs_v2/docs/operations/DOCUMENTATION_STANDARDS.md,6059,,2026-05-21T02:43:48.980Z,2
DOCUMENTATION_STANDARDS.md,1M9G7K1iclRp5vHMB-3zqyxH8qtBEvjIH,Trade_AI_Docs_v2/docs/operations/DOCUMENTATION_STANDARDS.md,4732,,2026-05-17T23:17:52.622Z,2
DOCX_UPDATE_PROTOCOL.md,1Y3tXUObAWAKVmtv6GTIuqZCXqzgOJEXbs8iDMDjzLlU,Trade_AI_Docs_v2/docs/_archive/2026-05-09_pre_cloud_rebuild/DOCX_UPDATE_PROTOCOL.md,7627,,2026-05-21T03:05:46.878Z,2
DOCX_UPDATE_PROTOCOL.md,1BBiIajdwWlyWvhYm9PlfS9NnAeRQ2bv-,Trade_AI_Docs_v2/docs/_archive/2026-05-09_pre_cloud_rebuild/DOCX_UPDATE_PROTOCOL.md,4877,,2026-05-17T23:20:43.185Z,2
DOC_CONSOLIDATION_REPORT_20260509.md,1EJdk4J0wQnJP9Qpi3icigZCQs59JOVlva39BkruLvDQ,Trade_AI_Docs_v2/docs/_archive/post_session35_cleanup_20260509/old_drift_reports/DOC_CONSOLIDATION_REPORT_20260509.md,2874,,2026-05-21T03:03:27.603Z,2
DOC_CONSOLIDATION_REPORT_20260509.md,1P7x2m04Zq2ObnuvFinpLuNEGO67cffJ7,Trade_AI_Docs_v2/docs/_archive/post_session35_cleanup_20260509/old_drift_reports/DOC_CONSOLIDATION_REPORT_20260509.md,1938,,2026-05-17T23:18:09.379Z,2
DOC_DRIFT_REVIEW_20260509.md,1I389UhKAjwNsfPuZnNNeSgxbdh_ceWHO4AQsXx3LTeE,Trade_AI_Docs_v2/docs/_archive/post_session35_cleanup_20260509/old_drift_reports/DOC_DRIFT_REVIEW_20260509.md,3321,,2026-05-21T03:03:24.055Z,2
DOC_DRIFT_REVIEW_20260509.md,1b6IfJHEAmoIRLIctMMOBsw8-vvqpi9WI,Trade_AI_Docs_v2/docs/_archive/post_session35_cleanup_20260509/old_drift_reports/DOC_DRIFT_REVIEW_20260509.md,2300,,2026-05-17T23:18:07.637Z,2
DOC_DRIFT_REVIEW_POST_SESSION35_20260509.md,1IXPd83pnxLfMna6TIvH8S-z1rsn0f2B5_YB9NZKbsVY,Trade_AI_Docs_v2/docs/_archive/2026-05-11_session29_cleanup/DOC_DRIFT_REVIEW_POST_SESSION35_20260509.md,2467,,2026-05-21T03:05:33.262Z,2
DOC_DRIFT_REVIEW_POST_SESSION35_20260509.md,1UD8WKJ-tpGF0Ym40Zq_Omb-lindhJ__l,Trade_AI_Docs_v2/docs/_archive/2026-05-11_session29_cleanup/DOC_DRIFT_REVIEW_POST_SESSION35_20260509.md,1494,,2026-05-17T23:20:20.578Z,2
DOF_Auction_Bronx_2026-05-14_20260511 (6).xlsx,1JLvQrHuFXBDAyRv-4NC88LhmxxqDZAr9,Trade_AI_Docs_v2/docs/_archive/DOF_Auction_Bronx_2026-05-14_20260511 (6).xlsx,27750,,2026-05-18T00:10:51.635Z,2
DOF_Auction_Bronx_2026-05-14_20260511 (6).xlsx,1fXPYGEi0-spqF4J-FfwcS5aPIa2AqF0y,Trade_AI_Docs_v2/docs/DOF_Auction_Bronx_2026-05-14_20260511 (6).xlsx,27750,,2026-05-17T23:16:51.404Z,2
DRIVE_INVENTORY_SUMMARY.md,1oSl1C4_u_Ne82gow0eafwrS4CKb8-TM9,Trade_AI_Docs_v2/DRIVE_INVENTORY_SUMMARY.md,6220,,2026-05-24T15:32:28.553Z,2
DRIVE_INVENTORY_SUMMARY.md,1RIEYe8ITcXmluqLQ-VNc9MdFV0V2R8Boitm-K449ngs,Trade_AI_Docs_v2/docs/drive_cleanup/DRIVE_INVENTORY_SUMMARY.md,3827,,2026-05-28T17:18:53.984Z,2
DUPLICATE_AND_OVERLAP_AUDIT.md,1jI6zt4nEuIYrGlzj_K-p3rV3tHcwBOH0,Trade_AI_Docs_v2/ui_redesign/DUPLICATE_AND_OVERLAP_AUDIT.md,7082,,2026-05-25T14:39:12.017Z,2
DUPLICATE_AND_OVERLAP_AUDIT.md,1fq0jKA4HytdnMUKGbvRCN0WkQOVrOsqQf9XvNlUeJkc,Trade_AI_Docs_v2/docs/ui_redesign/DUPLICATE_AND_OVERLAP_AUDIT.md,7163,,2026-05-28T18:58:52.610Z,2
DataGrid.tsx,12AHT4m7spoFPPCDP-wnSnZQ6IDssSOYC,Trade_AI_Docs_v2/docs/ui_redesign/source_snapshot/components/DataGrid.tsx,4342,,2026-05-28T18:43:48.160Z,3
DataGrid.tsx,17wy9HBzsYFZqfOW4tmUar_2o12iMB2JI,Trade_AI_Docs_v2/docs/_archive/archive/2026-04-27_pre_bible/morning_brief_redesign_kit/components/DataGrid.tsx,4342,,2026-05-18T00:01:29.834Z,3
DataGrid.tsx,1wjyTtfz9zTVsbNr1jG-DFtRw3ASrRtQw,Trade_AI_Docs_v2/DataGrid.tsx,4342,,2026-05-17T22:43:37.719Z,3
DataGrid.tsx.md,1_ZqdtxUxaJExjaJlPZ19ROcD53aQ1TWU,Trade_AI_Docs_v2/ui_redesign/designer_workspace/current_source_text/DataGrid.tsx.md,4714,,2026-05-25T15:43:37.770Z,2
DataGrid.tsx.md,1doJrD51FeTLs2UxVitEpdMMexqsJ0LNFaLcdxIdfbnc,Trade_AI_Docs_v2/docs/ui_redesign/designer_workspace/current_source_text/DataGrid.tsx.md,9316,,2026-05-28T18:49:24.277Z,2
DetailDrawer.tsx,13QAcVZRgu8_AgcA3DS_aq5nHHc1WSk2I,Trade_AI_Docs_v2/ui_redesign/source_snapshot/DetailDrawer.tsx,2356,,2026-05-25T14:41:28.594Z,4
DetailDrawer.tsx,1WgKWJWaslWmHKC5YVOxPV2nZdfUWQhgm,Trade_AI_Docs_v2/docs/ui_redesign/source_snapshot/components/DetailDrawer.tsx,2356,,2026-05-28T18:44:36.587Z,4
DetailDrawer.tsx,1ZBdhoMobDp5g0zouPKkGgLpth6DAcnXc,Trade_AI_Docs_v2/docs/_archive/archive/2026-04-27_pre_bible/morning_brief_redesign_kit/components/DetailDrawer.tsx,2356,,2026-05-18T00:01:42.680Z,4
DetailDrawer.tsx,18FDQt97Zh2dsxNo_cROCDGk9R2Jz3DVD,Trade_AI_Docs_v2/docs/archive/2026-04-27_pre_bible/morning_brief_redesign_kit/components/DetailDrawer.tsx,2356,,2026-05-17T22:43:52.063Z,4
DetailDrawer.tsx.md,1lhip_DeaIYektxqdFkCWxlkY6rfu8Cnl,Trade_AI_Docs_v2/ui_redesign/designer_workspace/current_source_text/DetailDrawer.tsx.md,2736,,2026-05-25T15:43:39.121Z,2
DetailDrawer.tsx.md,1uwgtgtezrB49LNj91R-t0iMy0s4aEXZcFK6jkDNSzy4,Trade_AI_Docs_v2/docs/ui_redesign/designer_workspace/current_source_text/DetailDrawer.tsx.md,6124,,2026-05-28T18:48:48.877Z,2
DoughnutChart.tsx,1si9wP6w8AODOfJKj49MhlX_KBKUkSrGt,Trade_AI_Docs_v2/docs/ui_redesign/source_snapshot/components/charts/DoughnutChart.tsx,1073,,2026-05-28T18:44:46.701Z,3
DoughnutChart.tsx,1rqd3KqcptGktfycStTRuUoONnXJe55Y_,Trade_AI_Docs_v2/docs/_archive/archive/2026-04-27_pre_bible/morning_brief_redesign_kit/components/charts/DoughnutChart.tsx,1035,,2026-05-18T00:01:47.352Z,3
DoughnutChart.tsx,1bUHyM1-G8H3ezD4n0EL7kCwWzt3TgIes,Trade_AI_Docs_v2/DoughnutChart.tsx,1035,,2026-05-17T22:43:56.804Z,3
ENV_TELEGRAM_CONFIG.md,1p4dvaDdH4ow-ONCddA7UTpZoQ-pJGOq6whp6jH4971E,Trade_AI_Docs_v2/docs/_archive/2026-05-08/ENV_TELEGRAM_CONFIG.md,4745,,2026-05-21T03:08:06.760Z,2
ENV_TELEGRAM_CONFIG.md,1Cq3v5lCNka9H6oyhTR04fOe68n_xDnXg,Trade_AI_Docs_v2/docs/_archive/2026-05-08/ENV_TELEGRAM_CONFIG.md,2970,,2026-05-17T23:21:41.185Z,2
EXECUTION_TIME_REVALIDATION_20260509.md,1TY0JWUfHm0JM1LMnxrP94XXiL0qrmR9AWJ_E1o-1itU,Trade_AI_Docs_v2/docs/_archive/2026-05-11_session29_cleanup/EXECUTION_TIME_REVALIDATION_20260509.md,6718,,2026-05-21T03:05:10.326Z,2
EXECUTION_TIME_REVALIDATION_20260509.md,1ZzkAw6UzkHrkBUqVC-EHAXTiUXKssR1s,Trade_AI_Docs_v2/docs/_archive/2026-05-11_session29_cleanup/EXECUTION_TIME_REVALIDATION_20260509.md,5581,,2026-05-17T23:20:07.388Z,2
EXECUTION_TIME_REVALIDATION_AUDIT_20260509.md,1VBkptm_gMO3qaQ9n1l0vUoqHo2PKKePW7WV44r6e8kc,Trade_AI_Docs_v2/docs/_archive/2026-05-11_session29_cleanup/EXECUTION_TIME_REVALIDATION_AUDIT_20260509.md,4034,,2026-05-21T03:05:23.284Z,2
EXECUTION_TIME_REVALIDATION_AUDIT_20260509.md,1Dusu8dts2FG5QmagqHa_VJUdxUtxA61f,Trade_AI_Docs_v2/docs/_archive/2026-05-11_session29_cleanup/EXECUTION_TIME_REVALIDATION_AUDIT_20260509.md,2860,,2026-05-17T23:20:14.452Z,2
FINVIZ_ENRICHMENT.md,19KU7GktE0X64nUALJEk5ZLkFW-lcepK5rG2O611lOlo,Trade_AI_Docs_v2/docs/_archive/archive/2026-04-27_pre_bible/FINVIZ_ENRICHMENT.md,13485,,2026-05-21T03:01:42.901Z,3
FINVIZ_ENRICHMENT.md,169DuLrSkrD0sKAT40F9Y95luDtys2bhL,Trade_AI_Docs_v2/docs/_archive/archive/2026-04-27_pre_bible/FINVIZ_ENRICHMENT.md,8838,,2026-05-18T00:09:20.887Z,3
FINVIZ_ENRICHMENT.md,1J9j9W_hcKKIozVOYNw5SszVv5VNzTuFm,Trade_AI_Docs_v2/docs/archive/2026-04-27_pre_bible/FINVIZ_ENRICHMENT.md,8838,,2026-05-17T22:51:35.180Z,3
FIX_SUMMARY.md,1kDqa5DgOtTzEqzJGUf0VKkqItuO8H7tw,Trade_AI_Docs_v2/FIX_SUMMARY.md,3590,,2026-05-24T01:06:42.188Z,4
FIX_SUMMARY.md,1y5pm3j0GXl-Jx2_FPSFbEEBo8wjaxIK0,Trade_AI_Docs_v2/FIX_SUMMARY.md,3320,,2026-05-24T00:18:41.540Z,4
FIX_SUMMARY.md,1vDScI8cJob9ZHO743DpbCFU5AoHyNHVKKjFGe5w8nXQ,Trade_AI_Docs_v2/docs/ui_audits/2026-05-23_command_center_fix/FIX_SUMMARY.md,4541,,2026-05-28T16:59:17.710Z,4
FIX_SUMMARY.md,150w3QaiSyQyak3jQJSj8_sH72Hb1W5lfs7AEn4I5l3M,Trade_AI_Docs_v2/docs/ui_audits/2026-05-23_command_center_reliability_fix/FIX_SUMMARY.md,4992,,2026-05-28T16:56:53.933Z,4
FOCUSED_IMPROVEMENT_PLAN.md,1eTLqHGOxciUw-MJNsTfKsfSSaYPejTVzszhe1N2MUJ0,Trade_AI_Docs_v2/docs/_archive/2026-05-24_cleanup/old_versions/FOCUSED_IMPROVEMENT_PLAN.md,21818,,2026-05-28T18:42:28.011Z,3
FOCUSED_IMPROVEMENT_PLAN.md,1dLdcMqSwrSDQ2QDRWXMGpHSE2rnRHrm1XMl0XGmZoWw,Trade_AI_Docs_v2/docs/project/FOCUSED_IMPROVEMENT_PLAN.md,21828,,2026-05-21T02:33:36.730Z,3
FOCUSED_IMPROVEMENT_PLAN.md,1Kf71w4C5kVpnxYE-Je2by24UqKma-zGE,Trade_AI_Docs_v2/docs/project/FOCUSED_IMPROVEMENT_PLAN.md,19819,,2026-05-17T23:14:38.282Z,3
FreshnessBadge.tsx.md,1VS-nUQLYy3kqL32VLUqQI3r43zdGxWcD,Trade_AI_Docs_v2/ui_redesign/designer_workspace/current_source_text/FreshnessBadge.tsx.md,2223,,2026-05-25T15:43:40.625Z,2
FreshnessBadge.tsx.md,1b5xe8-8pd5Z_qGBVYDSDFNX8N32Q0u4BXDI2dkz--ro,Trade_AI_Docs_v2/docs/ui_redesign/designer_workspace/current_source_text/FreshnessBadge.tsx.md,6083,,2026-05-28T18:47:42.928Z,2
GAP_ANALYSIS_V7_TEMPLATE.md,16RG58FTY_gVYiSRZbecJ3StILpoweogS7ByAwA_qxPQ,Trade_AI_Docs_v2/docs/_archive/archive/2026-04-27_pre_bible/v7_cio_intelligence/trade_ai_v7_cio_package/docs/GAP_ANALYSIS_V7_TEMPLATE.md,3338,,2026-05-21T03:02:03.466Z,3
GAP_ANALYSIS_V7_TEMPLATE.md,1Zy7GDexLWUh34IFvrBNUZa9gsl8dLnHL,Trade_AI_Docs_v2/docs/_archive/archive/2026-04-27_pre_bible/v7_cio_intelligence/trade_ai_v7_cio_package/docs/GAP_ANALYSIS_V7_TEMPLATE.md,1107,,2026-05-18T00:09:46.392Z,3
GAP_ANALYSIS_V7_TEMPLATE.md,1YJkJN9pdJqAFV_HqFvv5Gw8vvG3-VV7h,Trade_AI_Docs_v2/GAP_ANALYSIS_V7_TEMPLATE.md,1107,,2026-05-17T22:52:02.435Z,3
GEMMA3_12B_GPU_CANARY_REPORT.md,1yIObDf1harqw-viQlk2BiyRnYFKurdpuuVKDSjlmNxI,Trade_AI_Docs_v2/docs/atm_lifecycle_v1_2026_05_28/GEMMA3_12B_GPU_CANARY_REPORT.md,5115,,2026-05-29T02:35:17.879Z,2
GEMMA3_12B_GPU_CANARY_REPORT.md,1_dUR-V-WNO0B86SU9rFlar-DHDWPxKSBZy2bgyxwmRY,Trade_AI_Docs_v2/docs/atm_lifecycle_v1_2026_05_28/GEMMA3_12B_GPU_CANARY_REPORT.md,4203,,2026-05-29T02:20:35.178Z,2
GOVERNANCE_APPROVALS_APPLY_PLAN.md,1w-H9-tKygo-MSD-mwMr34q1iGmEtz9G1,Trade_AI_Docs_v2/ui_redesign/designer_workspace/designed_replacements/phase4_governance_approvals/GOVERNANCE_APPROVALS_APPLY_PLAN.md,1776,,2026-05-25T18:56:46.708Z,2
GOVERNANCE_APPROVALS_APPLY_PLAN.md,1GYGxrzjExqabygyukOZA2kA9xTsKJYo7oecJzpDP2wA,Trade_AI_Docs_v2/docs/ui_redesign/designer_workspace/designed_replacements/phase4_governance_approvals/GOVERNANCE_APPROVALS_APPLY_PLAN.md,8178,,2026-05-28T18:54:44.588Z,2
GOVERNANCE_APPROVALS_DESIGN_NOTES.md,197sYg9xfb1G6KNb4oXoYMGXnDG7Fxm5S,Trade_AI_Docs_v2/ui_redesign/designer_workspace/designed_replacements/phase4_governance_approvals/GOVERNANCE_APPROVALS_DESIGN_NOTES.md,2000,,2026-05-25T18:56:47.955Z,2
GOVERNANCE_APPROVALS_DESIGN_NOTES.md,1Pu3f5i_6UAHA_Mma6vAij9UVRQmhKb0MTR2Lv938RRk,Trade_AI_Docs_v2/docs/ui_redesign/designer_workspace/designed_replacements/phase4_governance_approvals/GOVERNANCE_APPROVALS_DESIGN_NOTES.md,7827,,2026-05-28T18:54:17.766Z,2
GOVERNANCE_APPROVALS_ROUTE_AUDIT.md,1ZQ3S_BcEvwqxOJtFJAijGnAgKjDf9blU,Trade_AI_Docs_v2/ui_redesign/designer_workspace/designed_replacements/phase4_governance_approvals/GOVERNANCE_APPROVALS_ROUTE_AUDIT.md,3352,,2026-05-25T18:56:49.311Z,2
GOVERNANCE_APPROVALS_ROUTE_AUDIT.md,1HgFIdEaxZjpB3iUbAIT5dyn2CcQDml_yd7ThRip5Wyk,Trade_AI_Docs_v2/docs/ui_redesign/designer_workspace/designed_replacements/phase4_governance_approvals/GOVERNANCE_APPROVALS_ROUTE_AUDIT.md,4182,,2026-05-28T18:54:48.133Z,2
GOVERNANCE_TRADEAI_PROSPECTS_REVIEW.md,1k1DR6Wousb1iPm8g3Ip8wJgYMbH6H8c1,Trade_AI_Docs_v2/ui_redesign/GOVERNANCE_TRADEAI_PROSPECTS_REVIEW.md,3844,,2026-05-25T14:39:13.548Z,2
GOVERNANCE_TRADEAI_PROSPECTS_REVIEW.md,18pmax2TBH3CK_KZDBz3g8qHi16f4FlAGuIuxfes3AyA,Trade_AI_Docs_v2/docs/ui_redesign/GOVERNANCE_TRADEAI_PROSPECTS_REVIEW.md,5112,,2026-05-28T18:58:45.603Z,2
GPU_OLLAMA_SETUP.md,1ifGSFwqA6i4ERyzniZbGt-SPdf9w7M5j9YGCq8Bss1k,Trade_AI_Docs_v2/docs/GPU_OLLAMA_SETUP.md,5405,,2026-05-21T02:20:30.065Z,4
GPU_OLLAMA_SETUP.md,1brl5zoTg6D39G1wyYxDBbsjEf3rXMmih,Trade_AI_Docs_v2/docs/GPU_OLLAMA_SETUP.md,3458,,2026-05-17T22:58:53.810Z,4
GPU_OLLAMA_SETUP.md,1p1fOAQfWN_pT8KMPYZN5sqB-mbjvWkzl,Trade_AI_Docs_v2/docs/GPU_OLLAMA_SETUP.md,3458,,2026-05-17T22:41:38.814Z,4
GPU_OLLAMA_SETUP.md,11W1snBSMJsX_rcPP8HfgQzR-rgmqnFHL,Trade_AI_Docs_v2/docs/GPU_OLLAMA_SETUP.md,3458,,2026-05-17T22:37:13.402Z,4
GlobalAlertBanner.tsx,1FhCSQy92BzLerIpZgEmxz-KZ4IJRRaQP,Trade_AI_Docs_v2/ui_redesign/source_snapshot/GlobalAlertBanner.tsx,3139,,2026-05-25T14:41:29.783Z,2
GlobalAlertBanner.tsx,1HH6HwzToiJw2KDnGu14QwzSCyPfyaNQF,Trade_AI_Docs_v2/docs/ui_redesign/source_snapshot/components/GlobalAlertBanner.tsx,3139,,2026-05-28T18:43:49.906Z,2
GlobalAlertBanner.tsx.md,1LAMhiZNNqRuvLus2BiPnpQbMGmU7WK_t,Trade_AI_Docs_v2/ui_redesign/designer_workspace/current_source_text/GlobalAlertBanner.tsx.md,3529,,2026-05-25T15:43:42.023Z,2
GlobalAlertBanner.tsx.md,1tAS2m60w5Lrxh63f73HC9dIpR0Q0kyeY_OZ4zve4AUQ,Trade_AI_Docs_v2/docs/ui_redesign/designer_workspace/current_source_text/GlobalAlertBanner.tsx.md,7919,,2026-05-28T18:49:34.789Z,2
GovernanceHub.tsx,1Gyq53NFyYWBXJugf7FzmFKOR7xwD0zZ8,Trade_AI_Docs_v2/ui_redesign/source_snapshot/GovernanceHub.tsx,1228,,2026-05-25T14:40:56.873Z,3
GovernanceHub.tsx,1GGIaboEa2195KIGarXp0HWHzlWD7yimK,Trade_AI_Docs_v2/docs/ui_redesign/designer_workspace/backups/phase4a_governance_apply_20260525_1501/GovernanceHub.tsx,1228,,2026-05-28T18:52:16.755Z,3
GovernanceHub.tsx,1uw-xdhT_KxpzfB5CkyCNIfX4XLg_KRHS,Trade_AI_Docs_v2/docs/ui_redesign/source_snapshot/pages/GovernanceHub.tsx,1228,,2026-05-28T18:45:10.035Z,3
GovernanceHub.tsx.REPLACEMENT.md,1P1MRBlYz2uI0J2MBUX4EJ77L1CoorGiH,Trade_AI_Docs_v2/ui_redesign/designer_workspace/designed_replacements/phase4_governance_approvals/GovernanceHub.tsx.REPLACEMENT.md,2249,,2026-05-25T18:56:50.702Z,4
GovernanceHub.tsx.REPLACEMENT.md,1pNBq7J2arSNuLP3wFfCTehpLcfmjJdK9,Trade_AI_Docs_v2/ui_redesign/designer_workspace/designed_replacements/GovernanceHub.tsx.REPLACEMENT.md,414,,2026-05-25T15:44:41.746Z,4
GovernanceHub.tsx.REPLACEMENT.md,1x_JIFsAjzmZ2a77jspRRHR3AdchkDEgTe2LxCmODPsQ,Trade_AI_Docs_v2/docs/ui_redesign/designer_workspace/designed_replacements/phase4_governance_approvals/GovernanceHub.tsx.REPLACEMENT.md,4892,,2026-05-28T18:54:21.998Z,4
GovernanceHub.tsx.REPLACEMENT.md,1RnP9uEQtow81nRlWy8mkexRd8-WC5IsP4Y6rVgc9we4,Trade_AI_Docs_v2/docs/ui_redesign/designer_workspace/designed_replacements/GovernanceHub.tsx.REPLACEMENT.md,1725,,2026-05-28T18:54:01.625Z,4
GovernanceHub.tsx.md,1ln_y8yfNt1DWRbE9ZFC7bl83gpMseqww,Trade_AI_Docs_v2/ui_redesign/designer_workspace/current_source_text/GovernanceHub.tsx.md,1605,,2026-05-25T15:43:43.625Z,2
GovernanceHub.tsx.md,1tDSg7DG9o3iMJvuHin38Dy5GKj5Etj8l9p3STd5CBQA,Trade_AI_Docs_v2/docs/ui_redesign/designer_workspace/current_source_text/GovernanceHub.tsx.md,4028,,2026-05-28T18:49:37.827Z,2
HANDOFF_INDEX_2026-04-19.md,1nNxQMwexi7Vwza9z8fzDatBYxUsDLtzQQUv71DF3ZRM,Trade_AI_Docs_v2/docs/_archive/archive/2026-04-27_pre_bible/handoff_2026-04-19/HANDOFF_INDEX_2026-04-19.md,7749,,2026-05-21T02:56:49.290Z,4
HANDOFF_INDEX_2026-04-19.md,1FXxyriFpP6nreJFPhKHeVoZsgukJ3zQh,Trade_AI_Docs_v2/docs/_archive/archive/2026-04-27_pre_bible/handoff_2026-04-19/HANDOFF_INDEX_2026-04-19.md,8760,,2026-05-18T00:06:52.104Z,4
HANDOFF_INDEX_2026-04-19.md,1W4sU6MgRmJImpr3qmpDSeEeMEUyesVXi,Trade_AI_Docs_v2/docs/archive/2026-04-27_pre_bible/handoff_2026-04-19/HANDOFF_INDEX_2026-04-19.md,8760,,2026-05-17T23:06:19.383Z,4
HANDOFF_INDEX_2026-04-19.md,1UVCouTXbBYlc83ljZp5Dehu_WO-qO05w,Trade_AI_Docs_v2/docs/archive/2026-04-27_pre_bible/handoff_2026-04-19/HANDOFF_INDEX_2026-04-19.md,8760,,2026-05-17T22:49:08.145Z,4
HANDOFF_MANIFEST.md,1wWNjVq0K36r6Ll_dOslbtjpUFLwwBy_Q,Trade_AI_Docs_v2/atm_audit_2026_05_26/HANDOFF_MANIFEST.md,3208,,2026-05-26T15:20:51.322Z,12
HANDOFF_MANIFEST.md,1A7heSYwoR3XAXLjIYVR4G59TlhyQ7nzR,Trade_AI_Docs_v2/ui_redesign/HANDOFF_MANIFEST.md,3149,,2026-05-25T15:08:50.877Z,12
HANDOFF_MANIFEST.md,1_jsg6i44_gFnTfaj7CmX30ZJYea4Y6bS,Trade_AI_Docs_v2/ui_redesign/HANDOFF_MANIFEST.md,2901,,2026-05-25T14:39:15.133Z,12
HANDOFF_MANIFEST.md,1U5To2nDbi6Ja90Ybi_uOiN8OT9HyNyFDcdiH9qg8-S8,Trade_AI_Docs_v2/docs/ui_redesign/HANDOFF_MANIFEST.md,4335,,2026-05-28T18:46:21.395Z,12
HANDOFF_MANIFEST.md,1MMlNJ7UBLvlcHEyyuk8NDIchO95O3EHkZUv5kvvmahA,Trade_AI_Docs_v2/docs/atm_lifecycle_v1_2026_05_26/journal_learning_backtesting_v3_6_design/HANDOFF_MANIFEST.md,2200,,2026-05-28T18:01:03.566Z,12
HANDOFF_MANIFEST.md,1NfDJ18WaIXemgzt8lmgrN-PeU0TGKFH9R5AC6q89Fkk,Trade_AI_Docs_v2/docs/atm_lifecycle_v1_2026_05_26/backtest_llm_coverage_v4_0_design/HANDOFF_MANIFEST.md,1530,,2026-05-28T18:00:18.131Z,12
HANDOFF_MANIFEST.md,1RorILjm9ZU95pzXZMvEDeNjljGj3REm8ARL88gXDEtY,Trade_AI_Docs_v2/docs/atm_lifecycle_v1_2026_05_26/unified_trade_inspector_v3_7_design/HANDOFF_MANIFEST.md,2038,,2026-05-28T17:32:35.029Z,12
HANDOFF_MANIFEST.md,1iDpw2gbnojEmWhwNxm-Mf3TCoa1p02OSHcCXNuWz86U,Trade_AI_Docs_v2/docs/atm_lifecycle_v1_2026_05_26/execution_stop_proof_v3_3_v3_4_export/HANDOFF_MANIFEST.md,2225,,2026-05-28T17:31:39.912Z,12
HANDOFF_MANIFEST.md,1WUt3J7ZM-1B1ZgcUyqDU_e4anBhjQorUgdCfXvbCvE8,Trade_AI_Docs_v2/docs/atm_lifecycle_v1_2026_05_26/llm_backtesting_workflow_v3_8_design/HANDOFF_MANIFEST.md,1891,,2026-05-28T17:27:42.214Z,12
HANDOFF_MANIFEST.md,1yRBCIz-SWgqi60kVp9CDppso4AasiUcyZhvpNam0Sjw,Trade_AI_Docs_v2/docs/atm_lifecycle_v1_2026_05_26/stop_trailing_timestop_v3_5_design/HANDOFF_MANIFEST.md,2014,,2026-05-28T17:26:34.349Z,12
HANDOFF_MANIFEST.md,1ykAcQHQ4B7eXiioQ0U_FoGavDTLFCQetLFI5cXkpIiY,Trade_AI_Docs_v2/docs/atm_lifecycle_v1_2026_05_26/llm_delayed_monthly_v3_9_design/HANDOFF_MANIFEST.md,1630,,2026-05-28T17:24:28.331Z,12
HANDOFF_MANIFEST.md,1jBOPxRosWFMZSF4WSaRPEa3A9wnT0RuFEYvxsqwMbck,Trade_AI_Docs_v2/docs/atm_audit_2026_05_26/HANDOFF_MANIFEST.md,4541,,2026-05-28T17:08:11.633Z,12
IDENTITY.md,10kO5TzABIlrz9W_oUmkSioAOjHSDBrTd,Trade_AI_Docs_v2/docs/iris/IDENTITY.md,1605,,2026-05-17T23:22:12.708Z,2
IDENTITY.md,1ILNQlfayWyD9aDgacHNmMPD78vQvKhSr15gP2AAVPcU,Trade_AI_Docs_v2/docs/_archive/2026-05-24_cleanup/completed_phases/iris/IDENTITY.md,1860,,2026-05-28T18:30:54.289Z,2
IMPLEMENTATION_CONSTRAINTS.md,1-cJHLxaIQ9WrFOH0dYm5FN1rw6WqM7UM,Trade_AI_Docs_v2/ui_redesign/IMPLEMENTATION_CONSTRAINTS.md,3290,,2026-05-25T14:39:16.622Z,2
IMPLEMENTATION_CONSTRAINTS.md,1c0KsavdCMliqGnIgALmTyg41XJY5unTQ7EQl4GSJYS8,Trade_AI_Docs_v2/docs/ui_redesign/IMPLEMENTATION_CONSTRAINTS.md,4866,,2026-05-28T18:43:31.910Z,2
IMPROVEMENT_PLAN_2026-05-11.md,1pJaiuN2Kv0NR7PH7m0UJQi3uiGigXxJ7J7kDWKG2M1c,Trade_AI_Docs_v2/docs/IMPROVEMENT_PLAN_2026-05-11.md,9209,,2026-05-21T03:19:37.662Z,2
IMPROVEMENT_PLAN_2026-05-11.md,1lBbnnc6XtnDIdif-Md3nku1FTICSbyqa,Trade_AI_Docs_v2/docs/IMPROVEMENT_PLAN_2026-05-11.md,9431,,2026-05-17T23:23:15.026Z,2
INCIDENT_TIMELINE_EVIDENCE.md,1LHg2yjdGpat7ctm_i1gTUAO1RnUutUbz,Trade_AI_Docs_v2/atm_audit_2026_05_26/INCIDENT_TIMELINE_EVIDENCE.md,7537,,2026-05-26T15:20:57.296Z,2
INCIDENT_TIMELINE_EVIDENCE.md,1XUrIBHnxq80q8NXy23Kl7yNLRE10_zrfbPqN23bqKvE,Trade_AI_Docs_v2/docs/atm_audit_2026_05_26/log_evidence/INCIDENT_TIMELINE_EVIDENCE.md,9443,,2026-05-28T17:18:20.932Z,2
INSTALL_AND_COMMANDS.md,1AiP5NDSek-13HxkbJeH9Ih6yH1sqtQKtieBxfbAc7hQ,Trade_AI_Docs_v2/docs/_archive/archive/2026-04-27_pre_bible/INSTALL_AND_COMMANDS.md,7945,,2026-05-21T02:48:21.435Z,4
INSTALL_AND_COMMANDS.md,1kp3lU0nHG8Zs4LfJNlOH_frBzKUE2ReU,Trade_AI_Docs_v2/docs/_archive/archive/2026-04-27_pre_bible/INSTALL_AND_COMMANDS.md,5156,,2026-05-18T00:02:27.844Z,4
INSTALL_AND_COMMANDS.md,1tQvOzpcGYJC5hOdqkfQGSqW1ZP23oj0h,Trade_AI_Docs_v2/docs/archive/2026-04-27_pre_bible/INSTALL_AND_COMMANDS.md,5156,,2026-05-17T23:01:52.251Z,4
INSTALL_AND_COMMANDS.md,14KJta69ox-DzPlSpHekQt-tF9tm_Eroz,Trade_AI_Docs_v2/docs/archive/2026-04-27_pre_bible/INSTALL_AND_COMMANDS.md,5156,,2026-05-17T22:44:38.992Z,4
INVESTIGATION_REPORT.md,1ole199xboCioKT-29qTu3vSf1wHA1aFNx01W6ProPx0,Trade_AI_Docs_v2/docs/_archive/2026-05-14_session_39/INVESTIGATION_REPORT.md,17257,,2026-05-21T03:06:00.426Z,2
INVESTIGATION_REPORT.md,1Al0bJnuJh1UQzlp9QSXByOquTTwcdbjr,Trade_AI_Docs_v2/docs/_archive/2026-05-14_session_39/INVESTIGATION_REPORT.md,14998,,2026-05-17T23:20:51.519Z,2
ImportModal.tsx,1D9xP1UBlnSGclX0cNQVqa5y2h9FaELsy,Trade_AI_Docs_v2/docs/_archive/archive/2026-04-27_pre_bible/morning_brief_redesign_kit/components/ImportModal.tsx,8539,,2026-05-18T00:01:39.185Z,2
ImportModal.tsx,1VeCqa-IdvvZvYreO-Z9_L3BlgOfZEyv9,Trade_AI_Docs_v2/docs/archive/2026-04-27_pre_bible/morning_brief_redesign_kit/components/ImportModal.tsx,8539,,2026-05-17T22:43:48.446Z,2
Inbox.tsx,1FGLShzLal-tIPRxz631s-MXzewsWQDTM,Trade_AI_Docs_v2/ui_redesign/source_snapshot/Inbox.tsx,850,,2026-05-25T14:40:58.167Z,2
Inbox.tsx,139YwH6RjlBDRmHCQ5d1S0aTtnnnALcGS,Trade_AI_Docs_v2/docs/ui_redesign/source_snapshot/pages/Inbox.tsx,850,,2026-05-28T18:45:25.029Z,2
IntelligenceHub.tsx,1LTXK5i2fHNIq3XCWY1EabhDprpScnzNB,Trade_AI_Docs_v2/ui_redesign/source_snapshot/IntelligenceHub.tsx,1512,,2026-05-25T14:40:59.646Z,2
IntelligenceHub.tsx,1ygeT41vPtEjc3J5srtgyjYedjfR1Buf3,Trade_AI_Docs_v2/docs/ui_redesign/source_snapshot/pages/IntelligenceHub.tsx,1512,,2026-05-28T18:45:21.379Z,2
JournalHub.tsx,1Da-eL5OEZWzad7-5sjexhUHd8Y0b7jkM,Trade_AI_Docs_v2/ui_redesign/source_snapshot/JournalHub.tsx,1470,,2026-05-25T14:41:01.281Z,2
JournalHub.tsx,1AXCG_Qd55yRGXbOTh8amYP7YCN6XyKxU,Trade_AI_Docs_v2/docs/ui_redesign/source_snapshot/pages/JournalHub.tsx,1470,,2026-05-28T18:45:40.041Z,2
KEY_TRADES,1hX8Z9UW4TLlTLf1OxQ9AbAPH0owUL_AckzmI9o6ag-4,Trade_AI_Docs_v2/docs/atm_lifecycle_v1_2026_05_26/unified_trade_inspector_v3_7_design/row_exports/KEY_TRADES,1024,,2026-05-28T17:32:31.771Z,2
KEY_TRADES,1nHtI_4sGa3YWjgz6VxLmYS3OhRIQgR4DMd1mvSni_zM,Trade_AI_Docs_v2/docs/atm_lifecycle_v1_2026_05_26/llm_backtesting_workflow_v3_8_design/enrichment_2026_05_27/row_exports/KEY_TRADES,1024,,2026-05-28T17:28:01.918Z,2
LLM_DATA_DICTIONARY.md,1LUusYFOKzWb11eicaspnSvlSW-QGOSGn-5B0g2pBA1o,Trade_AI_Docs_v2/docs/LLM_DATA_DICTIONARY.md,9527,,2026-05-21T02:27:34.553Z,3
LLM_DATA_DICTIONARY.md,1jDjAwz3BVFILuLJo_n-1Q688A8mf2DFa,Trade_AI_Docs_v2/docs/LLM_DATA_DICTIONARY.md,8709,,2026-05-17T23:10:23.789Z,3
LLM_DATA_DICTIONARY.md,1xq9GeSQlTsYnEbLA7HUAy-dEYR57yEUV,Trade_AI_Docs_v2/docs/LLM_DATA_DICTIONARY.md,8709,,2026-05-17T22:53:11.062Z,3
LLM_FLEET_STRATEGY_v4_1_FINAL.md,1Nh_iAEIJ8dFfz0r3GyJ9KitfdvoO2xmflFdCOB1MNRQ,Trade_AI_Docs_v2/docs/LLM_FLEET_STRATEGY_v4_1_FINAL.md,51008,,2026-05-21T02:32:19.725Z,2
LLM_FLEET_STRATEGY_v4_1_FINAL.md,1gTG0AMZZyJT1gb9mv4K8bzl1hvoZmdex,Trade_AI_Docs_v2/docs/LLM_FLEET_STRATEGY_v4_1_FINAL.md,57233,,2026-05-17T23:13:54.564Z,2
LLM_PROVIDER_GUIDE.md,1tNyETE0dfJsbGWOKSlU18sKEMxJQHYV1qQJwMYPYEiw,Trade_AI_Docs_v2/docs/_archive/2026-05-08/LLM_PROVIDER_GUIDE.md,20175,,2026-05-21T03:07:56.677Z,2
LLM_PROVIDER_GUIDE.md,1Gamhyr__BiFeXRTbFge6DfyP-cd9eCBt,Trade_AI_Docs_v2/docs/_archive/2026-05-08/LLM_PROVIDER_GUIDE.md,17351,,2026-05-17T23:21:35.904Z,2
LOCAL_LLM_IMPLEMENTATION.md,1GYYQvW_4FsdjDPz3T-0TYHgV13kX-ih9xiaxJmBGJ9Q,Trade_AI_Docs_v2/docs/_archive/archive/2026-04-27_pre_bible/LOCAL_LLM_IMPLEMENTATION.md,12707,,2026-05-21T02:48:54.384Z,3
LOCAL_LLM_IMPLEMENTATION.md,1OlkIQNgwvSjynDhuNE5x0J4RyyO-YblR,Trade_AI_Docs_v2/docs/_archive/archive/2026-04-27_pre_bible/LOCAL_LLM_IMPLEMENTATION.md,9431,,2026-05-18T00:02:45.945Z,3
LOCAL_LLM_IMPLEMENTATION.md,16WnRxHKMYqhHVUMeXMRRZqxYIDnYhykp,Trade_AI_Docs_v2/docs/archive/2026-04-27_pre_bible/LOCAL_LLM_IMPLEMENTATION.md,9431,,2026-05-17T22:44:58.252Z,3
LearningGovernance.tsx.REPLACEMENT.md,15x_am1JF_0-xCQF5nYxOnBgtGkAe8Pgm,Trade_AI_Docs_v2/ui_redesign/designer_workspace/designed_replacements/phase4_governance_approvals/LearningGovernance.tsx.REPLACEMENT.md,11843,,2026-05-25T18:56:51.976Z,2
LearningGovernance.tsx.REPLACEMENT.md,1l_IfDkFeFSUEn46JCxC6upr0ZsUQUECjGpywTTPUarM,Trade_AI_Docs_v2/docs/ui_redesign/designer_workspace/designed_replacements/phase4_governance_approvals/LearningGovernance.tsx.REPLACEMENT.md,16362,,2026-05-28T18:54:40.791Z,2
LineChart.tsx,12ong6wc-Du7_R_QvLfMRF8KG4ohT4rgu,Trade_AI_Docs_v2/docs/ui_redesign/source_snapshot/components/charts/LineChart.tsx,1234,,2026-05-28T18:44:50.603Z,3
LineChart.tsx,1b6zaGvF5e3SIL5cJS9Gx2Pus5dMMmZwD,Trade_AI_Docs_v2/docs/_archive/archive/2026-04-27_pre_bible/morning_brief_redesign_kit/components/charts/LineChart.tsx,1234,,2026-05-18T00:01:50.851Z,3
LineChart.tsx,1X3cP5ECanZHldjvVK0vlkbvSNnsjw5k3,Trade_AI_Docs_v2/docs/archive/2026-04-27_pre_bible/morning_brief_redesign_kit/components/charts/LineChart.tsx,1234,,2026-05-17T22:44:00.844Z,3
MARKET_OPPORTUNITIES_APPLY_PLAN.md,1EU1LGWAdvTmCpu98b4Skofjp8ZUYkCUl,Trade_AI_Docs_v2/ui_redesign/designer_workspace/designed_replacements/phase3_market_opportunities/MARKET_OPPORTUNITIES_APPLY_PLAN.md,3764,,2026-05-25T18:16:38.277Z,2
MARKET_OPPORTUNITIES_APPLY_PLAN.md,1hXTp_M2uBuARXric8tLjYswUUtfbdFBB2ae---Hki3s,Trade_AI_Docs_v2/docs/ui_redesign/designer_workspace/designed_replacements/phase3_market_opportunities/MARKET_OPPORTUNITIES_APPLY_PLAN.md,5301,,2026-05-28T18:53:38.772Z,2
MARKET_OPPORTUNITIES_DESIGN_NOTES.md,1j11GO4DGs07IU6siOZ77xSarl1aWC3Vd,Trade_AI_Docs_v2/ui_redesign/designer_workspace/designed_replacements/phase3_market_opportunities/MARKET_OPPORTUNITIES_DESIGN_NOTES.md,6843,,2026-05-25T18:16:39.547Z,2
MARKET_OPPORTUNITIES_DESIGN_NOTES.md,1Gsiz7Z4rCo0O98Z49GuTG9iiWlz19DcW7IoVj03ROL4,Trade_AI_Docs_v2/docs/ui_redesign/designer_workspace/designed_replacements/phase3_market_opportunities/MARKET_OPPORTUNITIES_DESIGN_NOTES.md,6774,,2026-05-28T18:53:48.496Z,2
MASTER_SYSTEM_DOCUMENTATION.md,1PgOyD1KFZY2Dno_inrV0L9778RgXGfG1o_hG9ejaEQM,Trade_AI_Docs_v2/docs/MASTER_SYSTEM_DOCUMENTATION.md,103213,,2026-05-21T02:43:58.046Z,2
MASTER_SYSTEM_DOCUMENTATION.md,1bpwpSWmyqL8goD3P3WNLKCQbKJNygj8H,Trade_AI_Docs_v2/docs/MASTER_SYSTEM_DOCUMENTATION.md,111179,,2026-05-17T23:17:54.700Z,2
MEMORY_NOTES_FOR_NEXT_SESSION_2026_05_28.md,1cTa5AkJXoSE1qGEc0n2IAgXGjEmC9DqxWT-LhRBFs9g,Trade_AI_Docs_v2/docs/project/MEMORY_NOTES_FOR_NEXT_SESSION_2026_05_28.md,3614,,2026-05-29T03:18:11.819Z,2
MEMORY_NOTES_FOR_NEXT_SESSION_2026_05_28.md,1l8V_FmhsBVa78wlR_hyVt4e37ksqo-ZKoy0kyS96ID4,Trade_AI_Docs_v2/docs/project/MEMORY_NOTES_FOR_NEXT_SESSION_2026_05_28.md,3436,,2026-05-29T01:55:06.564Z,2
MEMORY_NOTES_FOR_NEXT_SESSION_2026_05_29.md,1aI02iH6RgJFtXDN6hrLQx1KDcNnWkFqHvQC_VunKaOQ,Trade_AI_Docs_v2/docs/project/MEMORY_NOTES_FOR_NEXT_SESSION_2026_05_29.md,6990,,2026-05-30T00:43:05.118Z,4
MEMORY_NOTES_FOR_NEXT_SESSION_2026_05_29.md,1t-RiVcZuzgMAESmz17q1q0pmOTcgHTfArwhC7eIN0n4,Trade_AI_Docs_v2/docs/project/MEMORY_NOTES_FOR_NEXT_SESSION_2026_05_29.md,5982,,2026-05-29T16:06:11.172Z,4
MEMORY_NOTES_FOR_NEXT_SESSION_2026_05_29.md,1n56fDX4ds0KhyjFXZg1u31bYFq6HOIWj3Ie_JJV95QY,Trade_AI_Docs_v2/docs/project/MEMORY_NOTES_FOR_NEXT_SESSION_2026_05_29.md,4832,,2026-05-29T14:31:22.927Z,4
MEMORY_NOTES_FOR_NEXT_SESSION_2026_05_29.md,1lHIDQoVcU4taPQ1c-G2bfViozXIjmcdkIPlwdUX0xE8,Trade_AI_Docs_v2/docs/project/MEMORY_NOTES_FOR_NEXT_SESSION_2026_05_29.md,3647,,2026-05-29T14:05:19.186Z,4
MEMORY_NOTES_FOR_NEXT_SESSION_2026_05_29_FINAL.md,1wA1rMf6vaoPFEW4yFDER94ylhmCQMGviK6nyHOOw93s,Trade_AI_Docs_v2/docs/project/MEMORY_NOTES_FOR_NEXT_SESSION_2026_05_29_FINAL.md,4700,,2026-05-30T02:43:47.719Z,3
MEMORY_NOTES_FOR_NEXT_SESSION_2026_05_29_FINAL.md,1U6FgqiUROaCFMUKANX4Y8Zfupg0SaQAxNY2o167PrCQ,Trade_AI_Docs_v2/docs/project/MEMORY_NOTES_FOR_NEXT_SESSION_2026_05_29_FINAL.md,3973,,2026-05-30T00:33:52.623Z,3
MEMORY_NOTES_FOR_NEXT_SESSION_2026_05_29_FINAL.md,1EUfKvt450Cr25-h2Twc6bC_pDU9kLbNrt_MnHK4bqXo,Trade_AI_Docs_v2/docs/project/MEMORY_NOTES_FOR_NEXT_SESSION_2026_05_29_FINAL.md,3149,,2026-05-29T18:06:28.356Z,3
MONDAY_ATM_BURNIN_COMMAND_PACKET_2026_05_26.md,1_mSh_cZQcs2R4L8c1ehgRum1-8_EuGKwQQTx_2Fe-bM,Trade_AI_Docs_v2/docs/project/next_session/MONDAY_ATM_BURNIN_COMMAND_PACKET_2026_05_26.md,5722,,2026-05-23T00:48:12.195Z,4
MONDAY_ATM_BURNIN_COMMAND_PACKET_2026_05_26.md,1zbfs_QhXTj5cMkRFRNe8jhxrZWCTG4bbS6ZVvAHeOAM,Trade_AI_Docs_v2/docs/project/next_session/MONDAY_ATM_BURNIN_COMMAND_PACKET_2026_05_26.md,5696,,2026-05-23T00:42:06.571Z,4
MONDAY_ATM_BURNIN_COMMAND_PACKET_2026_05_26.md,1Rrx7KgNmT-yzsYFaO62LJ0SFSUADXU_x5HdKoPL1WaY,Trade_AI_Docs_v2/docs/project/next_session/MONDAY_ATM_BURNIN_COMMAND_PACKET_2026_05_26.md,5719,,2026-05-23T00:29:25.647Z,4
MONDAY_ATM_BURNIN_COMMAND_PACKET_2026_05_26.md,1AA1AcyaqcV61qAUtUrA6lyaBSrHrTVEDQ2Z_B8_84nU,Trade_AI_Docs_v2/docs/project/next_session/MONDAY_ATM_BURNIN_COMMAND_PACKET_2026_05_26.md,5694,,2026-05-23T00:14:41.468Z,4
MONDAY_ATM_BURNIN_RUNBOOK_2026_05_26.md,1cbmi1wneON31b5glAJIYzDSKyqI6SyEPVWUqG8P75i8,Trade_AI_Docs_v2/docs/atm/atm_burnin_limited_active/day1/MONDAY_ATM_BURNIN_RUNBOOK_2026_05_26.md,7034,,2026-05-23T00:04:51.123Z,5
MONDAY_ATM_BURNIN_RUNBOOK_2026_05_26.md,1l8sakABFH33IMVQ_y1fLf9zsgzhzMZGufOY6eBs7U0w,Trade_AI_Docs_v2/docs/atm/atm_burnin_limited_active/day1/MONDAY_ATM_BURNIN_RUNBOOK_2026_05_26.md,7020,,2026-05-23T00:01:17.424Z,5
MONDAY_ATM_BURNIN_RUNBOOK_2026_05_26.md,1MK9C2qa1652jLEwf-TC3jZOk6junXq6icxy3omJR6QQ,Trade_AI_Docs_v2/docs/atm/atm_burnin_limited_active/day1/MONDAY_ATM_BURNIN_RUNBOOK_2026_05_26.md,7027,,2026-05-22T23:32:55.922Z,5
MONDAY_ATM_BURNIN_RUNBOOK_2026_05_26.md,10-jJQ9128KC0RSbQ26wSyJoIj06SlyP_yvTGw3sizo0,Trade_AI_Docs_v2/docs/atm/atm_burnin_limited_active/day1/MONDAY_ATM_BURNIN_RUNBOOK_2026_05_26.md,6998,,2026-05-22T23:27:31.225Z,5
MONDAY_ATM_BURNIN_RUNBOOK_2026_05_26.md,1cWl8x_V3vuCMWhw6apU-rEaOiKayLBp0KStAd5RwaAE,Trade_AI_Docs_v2/docs/atm/atm_burnin_limited_active/day1/MONDAY_ATM_BURNIN_RUNBOOK_2026_05_26.md,6041,,2026-05-22T23:09:36.472Z,5
MONDAY_BURNIN_CHECKLIST.md,1dVOtrzN3Q3l-NGeyKl3Qp9FBbYlomU0o,Trade_AI_Docs_v2/MONDAY_BURNIN_CHECKLIST.md,1936,,2026-05-26T14:57:21.433Z,5
MONDAY_BURNIN_CHECKLIST.md,1z3BdG_uZ05RcFWQHBSqFC0CgbtA6ARL_,Trade_AI_Docs_v2/MONDAY_BURNIN_CHECKLIST.md,1936,,2026-05-23T21:44:14.881Z,5
MONDAY_BURNIN_CHECKLIST.md,1JWVjfCIFn0fRDdUdBdZLAAhWpeIsCcibBREOXOeNHSM,Trade_AI_Docs_v2/docs/atm_audit_2026_05_26/MONDAY_BURNIN_CHECKLIST.md,3230,,2026-05-28T17:07:47.862Z,5
MONDAY_BURNIN_CHECKLIST.md,1qTz6QOFo-UJgeDdiw8VmbUAeTlaJhmLbzC6h3nGQmE4,Trade_AI_Docs_v2/docs/MONDAY_BURNIN_CHECKLIST.md,3238,,2026-05-23T19:35:33.515Z,5
MONDAY_BURNIN_CHECKLIST.md,14e8vpozqnOawojjIaqB9C3OQ6RDUYdonf0Yrh3xj9Hk,Trade_AI_Docs_v2/docs/MONDAY_BURNIN_CHECKLIST.md,2731,,2026-05-23T19:17:40.512Z,5
MetricTile.tsx,11UFPeFZ9IctQzm5LLYjVUvAwDdXYJphe,Trade_AI_Docs_v2/ui_redesign/source_snapshot/MetricTile.tsx,2639,,2026-05-25T14:41:27.185Z,4
MetricTile.tsx,1fihaAfbz5-nWuheYumAUqsFmRGnAvK15,Trade_AI_Docs_v2/docs/ui_redesign/source_snapshot/components/MetricTile.tsx,2639,,2026-05-28T18:43:59.538Z,4
MetricTile.tsx,1T8kyptAh5dXkAq_hafpD4qCL0H4JVWRx,Trade_AI_Docs_v2/docs/_archive/archive/2026-04-27_pre_bible/morning_brief_redesign_kit/components/MetricTile.tsx,1282,,2026-05-18T00:01:37.493Z,4
MetricTile.tsx,1-Y_8qjUfX7CXnHEme2zvHhwMev9ESzDV,Trade_AI_Docs_v2/docs/archive/2026-04-27_pre_bible/morning_brief_redesign_kit/components/MetricTile.tsx,1282,,2026-05-17T22:43:46.654Z,4
MetricTile.tsx.md,1nDNKTdvO3xrkicwjjDM1pam_trEDqMzb,Trade_AI_Docs_v2/ui_redesign/designer_workspace/current_source_text/MetricTile.tsx.md,3015,,2026-05-25T15:43:44.885Z,2
MetricTile.tsx.md,1mr6uH4xXmlCE8jh4eKLJri1lvzi3W6I1ecxfVrwX_ZU,Trade_AI_Docs_v2/docs/ui_redesign/designer_workspace/current_source_text/MetricTile.tsx.md,6814,,2026-05-28T18:47:19.694Z,2
MorningBrief.module.css.md,1uBNBwKKizm8lVj_bzrL0LmxpmzuDQdC4,Trade_AI_Docs_v2/ui_redesign/designer_workspace/current_source_text/MorningBrief.module.css.md,5093,,2026-05-25T15:43:46.234Z,2
MorningBrief.module.css.md,1_fJMSE-lPfe5QEz7ZL0gxU0x0Bh5_fdpytM3_vDjljU,Trade_AI_Docs_v2/docs/ui_redesign/designer_workspace/current_source_text/MorningBrief.module.css.md,11191,,2026-05-28T18:48:36.875Z,2
MorningBrief.tsx,1hb6B7zyHsJfZ_7UN0rGJS8TDDq4kJu5X,Trade_AI_Docs_v2/ui_redesign/source_snapshot/MorningBrief.tsx,66649,,2026-05-25T14:41:02.655Z,4
MorningBrief.tsx,1cH9-eNIKcZhDab5O2Apy4fVGpdxk0Q19,Trade_AI_Docs_v2/docs/ui_redesign/source_snapshot/pages/MorningBrief.tsx,66649,,2026-05-28T18:45:51.575Z,4
MorningBrief.tsx,1nhVY7wHJI5rFzHBz2jeyspKdEyGj0S6s,Trade_AI_Docs_v2/docs/_archive/archive/2026-04-27_pre_bible/morning_brief_redesign_kit/MorningBrief.tsx,35565,,2026-05-18T00:02:26.213Z,4
MorningBrief.tsx,1DNkmbY8679zHQFLkasli2wJQPjrVJqAW,Trade_AI_Docs_v2/docs/archive/2026-04-27_pre_bible/morning_brief_redesign_kit/MorningBrief.tsx,35565,,2026-05-17T22:44:37.046Z,4
NAVIGATION_REDESIGN_REVIEW.md,1SAOt4-Bidae6h6vRuVAHwAXqKoh8djwN,Trade_AI_Docs_v2/ui_redesign/NAVIGATION_REDESIGN_REVIEW.md,5286,,2026-05-25T14:39:18.192Z,2
NAVIGATION_REDESIGN_REVIEW.md,1Jnlelun9nfiF6SWosF_1ZPKJZ-rSltcbndugWMKtXKs,Trade_AI_Docs_v2/docs/ui_redesign/NAVIGATION_REDESIGN_REVIEW.md,5663,,2026-05-28T18:46:18.298Z,2
NEXT_PHASE_ATM_BURNIN_DRYRUN_PROMPT.md,15x7V4kl9-Kw7lkkB8HV-AOZt8Hkei8Qxf9RTweZFQLA,Trade_AI_Docs_v2/docs/atm_audit_2026_05_26/NEXT_PHASE_ATM_BURNIN_DRYRUN_PROMPT.md,2521,,2026-05-28T17:07:56.697Z,5
NEXT_PHASE_ATM_BURNIN_DRYRUN_PROMPT.md,1CDeUIxhN7iCglH8R8hHdNFFf31AtKA9AQN9nfhJTegw,Trade_AI_Docs_v2/docs/atm/atm_reenable_decision_package/NEXT_PHASE_ATM_BURNIN_DRYRUN_PROMPT.md,2471,,2026-05-22T23:27:05.008Z,5
NEXT_PHASE_ATM_BURNIN_DRYRUN_PROMPT.md,1YtvD5t8D9N_88e1SFbuxOHrJxcAwDBEemakorSkCNK8,Trade_AI_Docs_v2/docs/atm/atm_reenable_decision_package/NEXT_PHASE_ATM_BURNIN_DRYRUN_PROMPT.md,2473,,2026-05-22T23:09:10.124Z,5
NEXT_PHASE_ATM_BURNIN_DRYRUN_PROMPT.md,1pyMWdrLtv5eivJvuB0ClYUnuJdKJlCj5_FKSEWPlooE,Trade_AI_Docs_v2/docs/atm/atm_reenable_decision_package/NEXT_PHASE_ATM_BURNIN_DRYRUN_PROMPT.md,2475,,2026-05-22T22:59:47.035Z,5
NEXT_PHASE_ATM_BURNIN_DRYRUN_PROMPT.md,1lHKaqVXKBxP47OiARt9fK24EFl1BEsoRSBDvKgoPqu4,Trade_AI_Docs_v2/docs/atm/atm_reenable_decision_package/NEXT_PHASE_ATM_BURNIN_DRYRUN_PROMPT.md,2491,,2026-05-22T22:51:51.554Z,5
NEXT_SESSION_36_PHASE2_CRON_MIGRATION_RUNBOOK.md,1ESK2R-hc54_9WKRUtxEgpeSqrfdAI5imBUc3yk7DkGc,Trade_AI_Docs_v2/docs/_archive/2026-05-11_session29_cleanup/NEXT_SESSION_36_PHASE2_CRON_MIGRATION_RUNBOOK.md,12496,,2026-05-21T03:05:00.438Z,2
NEXT_SESSION_36_PHASE2_CRON_MIGRATION_RUNBOOK.md,1ry9NjUo9cullSiNVyu2kyjc289z1OHo9,Trade_AI_Docs_v2/docs/_archive/2026-05-11_session29_cleanup/NEXT_SESSION_36_PHASE2_CRON_MIGRATION_RUNBOOK.md,6350,,2026-05-17T23:20:01.804Z,2
NEXT_SESSION_RUNBOOK_2026_05_28.md,1dHPbkNImHXx9rRoMwzp8SbuHCbV9hjYxqszGzsSF3Do,Trade_AI_Docs_v2/docs/project/NEXT_SESSION_RUNBOOK_2026_05_28.md,3496,,2026-05-29T03:18:08.157Z,2
NEXT_SESSION_RUNBOOK_2026_05_28.md,1JhHo69YU7qHbe3iRHgyZ2kbwSTjEL-44UEI_djCPG54,Trade_AI_Docs_v2/docs/project/NEXT_SESSION_RUNBOOK_2026_05_28.md,3891,,2026-05-29T01:55:03.232Z,2
NEXT_SESSION_RUNBOOK_2026_05_29_FINAL.md,1lZl8Tp2CuhxN6d2rASFr7Erwtw96BRBE6sxNNP26QlQ,Trade_AI_Docs_v2/docs/project/NEXT_SESSION_RUNBOOK_2026_05_29_FINAL.md,5465,,2026-05-30T02:43:55.408Z,3
NEXT_SESSION_RUNBOOK_2026_05_29_FINAL.md,1xbRCDSo00xXHLq3-05hHKkucGZunws9JYbnvPmxvDXM,Trade_AI_Docs_v2/docs/project/NEXT_SESSION_RUNBOOK_2026_05_29_FINAL.md,4777,,2026-05-30T00:34:00.228Z,3
NEXT_SESSION_RUNBOOK_2026_05_29_FINAL.md,1utg6DG9dBjlGSWSs6wmP3ZNmi-b3Dp7pvynrWQcndlE,Trade_AI_Docs_v2/docs/project/NEXT_SESSION_RUNBOOK_2026_05_29_FINAL.md,4123,,2026-05-29T18:06:36.135Z,3
OPENCLAW_TRADE_AI_END_TO_END_GUIDE.md,1V0T2A16pEEbCIkixaSF-18QyBFmfWt2MpVfKUbJLJsM,Trade_AI_Docs_v2/docs/_archive/archive/2026-04-27_pre_bible/v7_cio_intelligence/trade_ai_v7_cio_package/docs/OPENCLAW_TRADE_AI_END_TO_END_GUIDE.md,3334,,2026-05-21T03:02:10.485Z,3
OPENCLAW_TRADE_AI_END_TO_END_GUIDE.md,19Jasgdv9kHBh62XZXiywYTrFfFebfYqb,Trade_AI_Docs_v2/docs/_archive/archive/2026-04-27_pre_bible/v7_cio_intelligence/trade_ai_v7_cio_package/docs/OPENCLAW_TRADE_AI_END_TO_END_GUIDE.md,1375,,2026-05-18T00:09:50.238Z,3
OPENCLAW_TRADE_AI_END_TO_END_GUIDE.md,1YhNdabekPW6_UouJNFJSqo9sAPYs__Dx,Trade_AI_Docs_v2/docs/archive/2026-04-27_pre_bible/v7_cio_intelligence/trade_ai_v7_cio_package/docs/OPENCLAW_TRADE_AI_END_TO_END_GUIDE.md,1375,,2026-05-17T22:52:06.388Z,3
OPERATOR_RUNBOOK_LLM_v4_1_FINAL.md,1iMqjLi7aQq3uC83ToJM3xjdPKJ8zmUO14thC8-kEdwc,Trade_AI_Docs_v2/docs/OPERATOR_RUNBOOK_LLM_v4_1_FINAL.md,12561,,2026-05-21T02:27:23.605Z,3
OPERATOR_RUNBOOK_LLM_v4_1_FINAL.md,1I5O-g5HSmv5r7nHvEcrZfyd09_VzvemA,Trade_AI_Docs_v2/docs/OPERATOR_RUNBOOK_LLM_v4_1_FINAL.md,8492,,2026-05-17T23:10:08.906Z,3
OPERATOR_RUNBOOK_LLM_v4_1_FINAL.md,1kt2vRtHVBiC_q5of-virXWJ1Wgsl7osT,Trade_AI_Docs_v2/docs/OPERATOR_RUNBOOK_LLM_v4_1_FINAL.md,8492,,2026-05-17T22:52:56.030Z,3
OPS_PIPELINE_HEALTH_REVIEW.md,1kWrl8UZpkthNgiEEWChSM82CzZc8oKQY,Trade_AI_Docs_v2/ui_redesign/OPS_PIPELINE_HEALTH_REVIEW.md,2807,,2026-05-25T14:39:19.625Z,2
OPS_PIPELINE_HEALTH_REVIEW.md,1nBpODK-izvOasgN2hVmHaWEtmZ_D4xGedKVVxYSbNdo,Trade_AI_Docs_v2/docs/ui_redesign/OPS_PIPELINE_HEALTH_REVIEW.md,4071,,2026-05-28T18:43:16.636Z,2
OpsHub.tsx,1bEe1k-jPonU7rA1wbVUzYokAUtHo527L,Trade_AI_Docs_v2/ui_redesign/source_snapshot/OpsHub.tsx,967,,2026-05-25T14:41:04.341Z,3
OpsHub.tsx,1jzVkh_QkjnIXBEr2oTczryuuh3sDcIxL,Trade_AI_Docs_v2/docs/ui_redesign/designer_workspace/backups/phase2b_automation_trust_apply_20260525_1345/OpsHub.tsx,967,,2026-05-28T18:51:34.746Z,3
OpsHub.tsx,1pyprP62Y6qlKQcMXPvyjPO_zC5QzZajr,Trade_AI_Docs_v2/docs/ui_redesign/source_snapshot/pages/OpsHub.tsx,967,,2026-05-28T18:45:49.409Z,3
OpsHub.tsx.REPLACEMENT.md,1XJjbJxgPvyEKjPiOBhsuflE8WpKJKpYj,Trade_AI_Docs_v2/ui_redesign/designer_workspace/designed_replacements/phase2b_automation_trust/OpsHub.tsx.REPLACEMENT.md,2233,,2026-05-25T18:00:36.858Z,5
OpsHub.tsx.REPLACEMENT.md,157yIL8ZSpBkDtpU2Bq0Fjig1YSk5CdyE,Trade_AI_Docs_v2/ui_redesign/designer_workspace/designed_replacements/OpsHub.tsx.REPLACEMENT.md,393,,2026-05-25T15:44:43.160Z,5
OpsHub.tsx.REPLACEMENT.md,14ntcV9vCYr7bie406CqkwSqUMc_6lSdrjQNmXZuceZk,Trade_AI_Docs_v2/docs/ui_redesign/designer_workspace/designed_replacements/phase2b_automation_trust/OpsHub.tsx.REPLACEMENT.md,4688,,2026-05-28T18:55:45.242Z,5
OpsHub.tsx.REPLACEMENT.md,1DZ0mEsleugbKINpMVL-PEAjHNeVBbUbq_ZuDU4OMXAA,Trade_AI_Docs_v2/docs/ui_redesign/designer_workspace/designed_replacements/OpsHub.tsx.REPLACEMENT.md,1718,,2026-05-28T18:55:01.147Z,5
OpsHub.tsx.REPLACEMENT.md,1J33Qf28P3Gilq5S1Z-Jct4tN2sLS8HfQCSu1n5RQEk8,Trade_AI_Docs_v2/docs/ui_redesign/designer_workspace/backups/phase2b_automation_trust_apply_20260525_1345/OpsHub.tsx.REPLACEMENT.md,4690,,2026-05-28T18:51:11.322Z,5
OpsHub.tsx.md,1UOvuBSOqbpS0N4FbLGz8jxLNpSqh4OfH,Trade_AI_Docs_v2/ui_redesign/designer_workspace/current_source_text/OpsHub.tsx.md,1329,,2026-05-25T15:43:47.708Z,2
OpsHub.tsx.md,1RQcBrFGQPTe6hcHquJqMxTJulDFr5iwOUrtdnP5nNKc,Trade_AI_Docs_v2/docs/ui_redesign/designer_workspace/current_source_text/OpsHub.tsx.md,3616,,2026-05-28T18:49:44.725Z,2
Overview.tsx,1X1L8F9MaiCEc0i2E0Dx51DCOCAPzmCy4,Trade_AI_Docs_v2/ui_redesign/source_snapshot/Overview.tsx,43942,,2026-05-25T14:41:05.659Z,2
Overview.tsx,1tTdYFORXAuyYsVNAzD1zSD2wBvwMkm4p,Trade_AI_Docs_v2/docs/ui_redesign/source_snapshot/pages/Overview.tsx,43942,,2026-05-28T18:45:12.387Z,2
P0_REMEDIATION_PLAN.md,1XYbrmyKoITMieI7m28ZJbOVmHzp5vG_U,Trade_AI_Docs_v2/atm_audit_2026_05_26/P0_REMEDIATION_PLAN.md,6276,,2026-05-26T15:20:54.420Z,2
P0_REMEDIATION_PLAN.md,1jUTBd0IrmZ-jgWkT5HSWaJVd5uhGBkMwa3oJ_eEgC_k,Trade_AI_Docs_v2/docs/atm_audit_2026_05_26/remediation_plan/P0_REMEDIATION_PLAN.md,6127,,2026-05-28T16:59:53.379Z,2
PAGE_FAMILY_CONSOLIDATION_REVIEW.md,1S3wNWsZKDQpK8Fx7BNohIgE18qvYoGuj,Trade_AI_Docs_v2/ui_redesign/PAGE_FAMILY_CONSOLIDATION_REVIEW.md,3422,,2026-05-25T14:39:20.979Z,2
PAGE_FAMILY_CONSOLIDATION_REVIEW.md,1QYLMv8Lu3rhwZb8BCPaCeAAgR1tXUmehMH1HX8Tni28,Trade_AI_Docs_v2/docs/ui_redesign/PAGE_FAMILY_CONSOLIDATION_REVIEW.md,4896,,2026-05-28T18:58:56.710Z,2
PHASE1_5_UI_PRIMITIVES_APPLY_REPORT.md,1OIDmDSov_YJOO4VQIMITImUxS-j6oa1n,Trade_AI_Docs_v2/ui_redesign/designer_workspace/implementation_prompts/PHASE1_5_UI_PRIMITIVES_APPLY_REPORT.md,1564,,2026-05-25T16:25:00.135Z,2
PHASE1_5_UI_PRIMITIVES_APPLY_REPORT.md,1EdKfrnGTQH034733S7pzHBumz6wnMgiysHZzyK-KKs0,Trade_AI_Docs_v2/docs/ui_redesign/designer_workspace/implementation_prompts/PHASE1_5_UI_PRIMITIVES_APPLY_REPORT.md,3038,,2026-05-28T18:52:51.709Z,2
PHASE1_NAV_APPLY_REPORT.md,1Wlqtv7h3ccv7OrBz-1oAnx-c_yBPhSIk,Trade_AI_Docs_v2/ui_redesign/designer_workspace/implementation_prompts/PHASE1_NAV_APPLY_REPORT.md,2240,,2026-05-25T16:06:08.792Z,2
PHASE1_NAV_APPLY_REPORT.md,1yjCSEQE65Z2n6y0CRSZLytuNYI7Dq5ue0DfxASz_YKs,Trade_AI_Docs_v2/docs/ui_redesign/designer_workspace/implementation_prompts/PHASE1_NAV_APPLY_REPORT.md,3229,,2026-05-28T18:52:45.035Z,2
PHASE1_NAV_DESIGN_NOTES.md,1Wu57LWor3tP0NiV3qqONY8G8H5l9hLmO,Trade_AI_Docs_v2/ui_redesign/designer_workspace/designed_replacements/PHASE1_NAV_DESIGN_NOTES.md,3717,,2026-05-25T16:06:10.239Z,4
PHASE1_NAV_DESIGN_NOTES.md,18AyhQZjZGd_H_7bZCDG0TOHcfEh0JLcD,Trade_AI_Docs_v2/ui_redesign/designer_workspace/designed_replacements/PHASE1_NAV_DESIGN_NOTES.md,3717,,2026-05-25T16:00:09.287Z,4
PHASE1_NAV_DESIGN_NOTES.md,1y7x0Df0hrc9jW6gZpPh4qH7fcSWQVDTJQJKjkvfbPeg,Trade_AI_Docs_v2/docs/ui_redesign/designer_workspace/designed_replacements/PHASE1_NAV_DESIGN_NOTES.md,4783,,2026-05-28T18:53:58.116Z,4
PHASE1_NAV_DESIGN_NOTES.md,16jS6zCWAUzggmCmZCWSEMyWgntod4giOcVFw6WqmvYo,Trade_AI_Docs_v2/docs/ui_redesign/designer_workspace/backups/phase1_nav_apply_20260525_1202/PHASE1_NAV_DESIGN_NOTES.md,4766,,2026-05-28T18:50:32.665Z,4
PHASE2B_AUTOMATION_TRUST_CENTER_APPLY_REPORT.md,1rTtVUo54Kl2NjtSZbTM5D7WBGuYbiTsl,Trade_AI_Docs_v2/ui_redesign/designer_workspace/implementation_prompts/PHASE2B_AUTOMATION_TRUST_CENTER_APPLY_REPORT.md,1652,,2026-05-25T18:00:40.881Z,2
PHASE2B_AUTOMATION_TRUST_CENTER_APPLY_REPORT.md,1pWqI-gm_vy7JnA1AgaSgpx47An7pQv6ce2ebI1ILggM,Trade_AI_Docs_v2/docs/ui_redesign/designer_workspace/implementation_prompts/PHASE2B_AUTOMATION_TRUST_CENTER_APPLY_REPORT.md,3187,,2026-05-28T18:53:02.864Z,2
PHASE2_EARLY_INSTALL_3DAY_OBSERVATION_REVIEW_20260516.md,1u_Yy9Rt10Nm82G_TKtBAG4kEpm_jemX1_4CDl5FrYu0,Trade_AI_Docs_v2/docs/_archive/2026-05-26/PHASE2_EARLY_INSTALL_3DAY_OBSERVATION_REVIEW_20260516.md,3137,,2026-05-28T18:42:46.468Z,3
PHASE2_EARLY_INSTALL_3DAY_OBSERVATION_REVIEW_20260516.md,1vbMtddkrX5Wn24dkIDRTuMiqhs1f5nhVT3PzgZj37yY,Trade_AI_Docs_v2/docs/project/PHASE2_EARLY_INSTALL_3DAY_OBSERVATION_REVIEW_20260516.md,3157,,2026-05-21T02:33:33.136Z,3
PHASE2_EARLY_INSTALL_3DAY_OBSERVATION_REVIEW_20260516.md,1Y_8Zcg26sHwvk-1tqrSMdFp1yunOJY_k,Trade_AI_Docs_v2/docs/project/PHASE2_EARLY_INSTALL_3DAY_OBSERVATION_REVIEW_20260516.md,2036,,2026-05-17T23:14:36.570Z,3
PHASE2_EARLY_INSTALL_FREEZE_AND_OBSERVATION_RUNBOOK.md,1P7o3-Ly6315aUTa0JZDrjeLuFbDGGlDM2tZFO4S5UMA,Trade_AI_Docs_v2/docs/_archive/2026-05-26/PHASE2_EARLY_INSTALL_FREEZE_AND_OBSERVATION_RUNBOOK.md,4173,,2026-05-28T18:42:49.992Z,5
PHASE2_EARLY_INSTALL_FREEZE_AND_OBSERVATION_RUNBOOK.md,1g2kJausTw-2MeeMyrmP9VHRX-MJom9_tx4hqoe9xr00,Trade_AI_Docs_v2/docs/_archive/2026-05-11_session29_cleanup/PHASE2_EARLY_INSTALL_FREEZE_AND_OBSERVATION_RUNBOOK.md,4796,,2026-05-21T03:05:26.875Z,5
PHASE2_EARLY_INSTALL_FREEZE_AND_OBSERVATION_RUNBOOK.md,1LfarxDZVHfEdJUTqxYun5Pn2JobbzNYi,Trade_AI_Docs_v2/docs/_archive/2026-05-11_session29_cleanup/PHASE2_EARLY_INSTALL_FREEZE_AND_OBSERVATION_RUNBOOK.md,3446,,2026-05-17T23:20:16.194Z,5
PHASE2_EARLY_INSTALL_FREEZE_AND_OBSERVATION_RUNBOOK.md,1gfWHIuyP8QMRqTvZnCtzDuKMS-Vh1eYmymiBycxREHI,Trade_AI_Docs_v2/docs/project/PHASE2_EARLY_INSTALL_FREEZE_AND_OBSERVATION_RUNBOOK.md,4175,,2026-05-21T02:34:08.382Z,5
PHASE2_EARLY_INSTALL_FREEZE_AND_OBSERVATION_RUNBOOK.md,1A3XZsgRfSbOWJRx-49VLuyXdkq93gvqX,Trade_AI_Docs_v2/docs/project/PHASE2_EARLY_INSTALL_FREEZE_AND_OBSERVATION_RUNBOOK.md,2268,,2026-05-17T23:14:50.011Z,5
PHASE3_MARKET_OPPORTUNITIES_APPLY_REPORT.md,19nRhwfnbpnZ-bbPoL3wMLimySvorxUFi,Trade_AI_Docs_v2/ui_redesign/designer_workspace/implementation_prompts/PHASE3_MARKET_OPPORTUNITIES_APPLY_REPORT.md,1361,,2026-05-25T18:17:34.910Z,2
PHASE3_MARKET_OPPORTUNITIES_APPLY_REPORT.md,1zxyirYbehj15iEAQjXma2I_ZHJsExFcNYnANBtJvMYc,Trade_AI_Docs_v2/docs/ui_redesign/designer_workspace/implementation_prompts/PHASE3_MARKET_OPPORTUNITIES_APPLY_REPORT.md,3079,,2026-05-28T18:53:29.552Z,2
PHASE4B_APPROVALS_APPLY_REPORT.md,1uYxSP_IsQRI--2eB0sLYpbfbKrSlJKIa,Trade_AI_Docs_v2/ui_redesign/designer_workspace/implementation_prompts/PHASE4B_APPROVALS_APPLY_REPORT.md,647,,2026-05-25T19:20:45.883Z,2
PHASE4B_APPROVALS_APPLY_REPORT.md,1q-jW9tut7dJyVRF1RCo_VMmxgW1hIV1Zg9fftCS_gvw,Trade_AI_Docs_v2/docs/ui_redesign/designer_workspace/implementation_prompts/PHASE4B_APPROVALS_APPLY_REPORT.md,1876,,2026-05-28T18:53:06.791Z,2
PHASE4C_PAPER_PROPOSALS_APPLY_REPORT.md,1jBuZ-3kRwQhEKykZVkysXTqPX8jIyr6v,Trade_AI_Docs_v2/ui_redesign/designer_workspace/implementation_prompts/PHASE4C_PAPER_PROPOSALS_APPLY_REPORT.md,1251,,2026-05-25T19:31:55.722Z,2
PHASE4C_PAPER_PROPOSALS_APPLY_REPORT.md,1RVMg76tVxQL2Wvv1SB5Urn7gkv6wIh_cg-YuXiXQVrc,Trade_AI_Docs_v2/docs/ui_redesign/designer_workspace/implementation_prompts/PHASE4C_PAPER_PROPOSALS_APPLY_REPORT.md,2544,,2026-05-28T18:53:33.050Z,2
PHASE4_GOVERNANCE_APPROVALS_CLOSEOUT_REPORT.md,1ihMTEDi2qzftx5-KghY9H7V4OBTItLGh,Trade_AI_Docs_v2/ui_redesign/designer_workspace/implementation_prompts/PHASE4_GOVERNANCE_APPROVALS_CLOSEOUT_REPORT.md,1541,,2026-05-25T19:35:30.638Z,2
PHASE4_GOVERNANCE_APPROVALS_CLOSEOUT_REPORT.md,18qHLlBuNPHx6GtGs8RBbS3tbK180fx69oDJg-7H0lWY,Trade_AI_Docs_v2/docs/ui_redesign/designer_workspace/implementation_prompts/PHASE4_GOVERNANCE_APPROVALS_CLOSEOUT_REPORT.md,2780,,2026-05-28T18:52:59.500Z,2
PHASE5_SELF_IMPROVEMENT_POLISH_APPLY_REPORT.md,1RNVDRk7wSpqRaDTTvDpqKSsBbwfLaqCL,Trade_AI_Docs_v2/ui_redesign/designer_workspace/implementation_prompts/PHASE5_SELF_IMPROVEMENT_POLISH_APPLY_REPORT.md,1051,,2026-05-25T22:07:55.706Z,2
PHASE5_SELF_IMPROVEMENT_POLISH_APPLY_REPORT.md,16P62m37nFY2ZT3jEErFONpnqoApM1cdUQhTlz0LscUk,Trade_AI_Docs_v2/docs/ui_redesign/designer_workspace/implementation_prompts/PHASE5_SELF_IMPROVEMENT_POLISH_APPLY_REPORT.md,2742,,2026-05-28T18:53:22.159Z,2
PHASE_A_CLOSEOUT.md,1HOD5oU5LB6Q7fxB96UUUju36D-FdHblkkKa1WFsqcvc,Trade_AI_Docs_v2/docs/_archive/phase_a_closeout/PHASE_A_CLOSEOUT.md,4829,,2026-05-21T02:46:16.355Z,2
PHASE_A_CLOSEOUT.md,1LcCgTcShVvP7JKTH2JNGCKvUstFiWT_C,Trade_AI_Docs_v2/docs/_archive/phase_a_closeout/PHASE_A_CLOSEOUT.md,3437,,2026-05-17T23:17:59.194Z,2
PIPELINE_CONTROLLER_OBSERVATION_20260509.md,1bH9y0NH9Iv7wGzJNkOolAR6HsFpexknfgKdic5lQLgw,Trade_AI_Docs_v2/docs/_archive/post_session35_cleanup_20260509/superseded_session_docs/PIPELINE_CONTROLLER_OBSERVATION_20260509.md,6583,,2026-05-21T03:03:42.719Z,2
PIPELINE_CONTROLLER_OBSERVATION_20260509.md,11l3ikztagdUdE4rCVvrKRq2PYxvok_Nu,Trade_AI_Docs_v2/docs/_archive/post_session35_cleanup_20260509/superseded_session_docs/PIPELINE_CONTROLLER_OBSERVATION_20260509.md,6353,,2026-05-17T23:19:16.595Z,2
POST_HARDENING_CHECKPOINT_20260509.md,1ywVRrRi1CAOj5hhirrs08S8AWA3Sp4559Hdar4YI53o,Trade_AI_Docs_v2/docs/_archive/2026-05-11_session29_cleanup/POST_HARDENING_CHECKPOINT_20260509.md,8198,,2026-05-21T03:04:02.461Z,2
POST_HARDENING_CHECKPOINT_20260509.md,1axfdFJNp_ikeJTavyKgRalQp5_HHjvWF,Trade_AI_Docs_v2/docs/_archive/2026-05-11_session29_cleanup/POST_HARDENING_CHECKPOINT_20260509.md,7314,,2026-05-17T23:19:29.048Z,2
PREFLIGHT.md,1RvlWRW3zFhdnxUIeCXjRPasnHgpp2M4pva8sJxwkJkA,Trade_AI_Docs_v2/docs/atm_lifecycle_v1_2026_05_29/page_clarity_fixes/PREFLIGHT.md,1161,,2026-05-30T00:34:26.976Z,7
PREFLIGHT.md,1uevw_mrdXkG5-PJytTTb0l2AWNizXFE_GbnfdUme9jc,Trade_AI_Docs_v2/docs/atm_lifecycle_v1_2026_05_29/automated_trading_live_path_audit/PREFLIGHT.md,1171,,2026-05-30T00:34:15.177Z,7
PREFLIGHT.md,17TqhDf9ZeNd4M2zu9gE8zmAt0tXpb1pftxHlYMW4mZE,Trade_AI_Docs_v2/docs/atm_lifecycle_v1_2026_05_29/p1_phase_b_proposal_lifecycle/PREFLIGHT.md,1202,,2026-05-29T18:06:48.267Z,7
PREFLIGHT.md,1BddRfwZrlMQSw3NIL9GNYNX18-PHMYnFeVr4ZQbdZGw,Trade_AI_Docs_v2/docs/atm_lifecycle_v1_2026_05_29/p1_phase_a_backtest_links/PREFLIGHT.md,1200,,2026-05-29T17:42:22.380Z,7
PREFLIGHT.md,1gAe6ZfMu_SBLuREWK2c8RfIsUxzFnwEEDdYANks71uM,Trade_AI_Docs_v2/docs/atm_lifecycle_v1_2026_05_29/shfs_860_apply/PREFLIGHT.md,1196,,2026-05-29T17:42:10.658Z,7
PREFLIGHT.md,1XMO_Gpv0CGDNjcBpA-LN8_AMJQSX3jV--cv4ndwYuoA,Trade_AI_Docs_v2/docs/atm_lifecycle_v1_2026_05_29/shfs_860_dry_run/PREFLIGHT.md,1354,,2026-05-29T16:02:52.130Z,7
PREFLIGHT.md,1jXpOSJE1TuxRs9wxogKnSJHWMWgSXT037hHYyoDEmEw,Trade_AI_Docs_v2/docs/atm_lifecycle_v1_2026_05_29/p0_proposal_fixes/PREFLIGHT.md,1335,,2026-05-29T15:45:37.367Z,7
PROJECT_DOC_INDEX.md,1OBksuIvYTSpzzqAch-XY1pVw_dR_IlOa,Trade_AI_Docs_v2/PROJECT_DOC_INDEX.md,28482,,2026-05-26T14:57:18.715Z,31
PROJECT_DOC_INDEX.md,1rmLQf_yFGgHFz_f4qZSAF229R1ukXg8zo7bIH5ligK8,Trade_AI_Docs_v2/docs/atm_audit_2026_05_26/PROJECT_DOC_INDEX.md,17500,,2026-05-28T17:08:04.431Z,31
PROJECT_DOC_INDEX.md,1OG7XoGnfZ_l32e_xAxg8PZwz4xtj674L5M6cyxOVBjg,Trade_AI_Docs_v2/docs/project/PROJECT_DOC_INDEX.md,20655,,2026-05-30T02:43:51.831Z,31
PROJECT_DOC_INDEX.md,1YU_W7LUR4AItmzVj0cDqN6oi_H7kyzHn--zoMzRTc_A,Trade_AI_Docs_v2/docs/project/PROJECT_DOC_INDEX.md,20159,,2026-05-30T00:33:56.567Z,31
PROJECT_DOC_INDEX.md,1UEbHKfLTYu5ntdD7fukn3Vy1yo3JENcTntWXrtOkJsY,Trade_AI_Docs_v2/docs/project/PROJECT_DOC_INDEX.md,19747,,2026-05-29T18:06:32.571Z,31
PROJECT_DOC_INDEX.md,1W4NseFHyqR6x73HU6C-vgXpBPva5Baj4UIU41uMiykg,Trade_AI_Docs_v2/docs/project/PROJECT_DOC_INDEX.md,18922,,2026-05-29T14:05:15.370Z,31
PROJECT_DOC_INDEX.md,1MbZS3fkZAiuYQTRPo1_dUOicKS3H5icsT1OiJwAg4-4,Trade_AI_Docs_v2/docs/project/PROJECT_DOC_INDEX.md,18293,,2026-05-29T01:54:59.389Z,31
PROJECT_DOC_INDEX.md,1N9nupmqwtvCPgc3s3USCWnR6ULAPFcTI7TxjTlnoxZM,Trade_AI_Docs_v2/docs/project/PROJECT_DOC_INDEX.md,17522,,2026-05-28T17:19:06.238Z,31
PROJECT_DOC_INDEX.md,1oW_tfwuUpBz4419fKAQ_vFZqVGeH-O-jVbmBBLNrJuw,Trade_AI_Docs_v2/docs/project/PROJECT_DOC_INDEX.md,17603,,2026-05-22T20:03:21.732Z,31
PROJECT_DOC_INDEX.md,1nre113cEePMoIZ8IxJdxxv1dCvgBEaC2KUDW-z71rDY,Trade_AI_Docs_v2/docs/project/PROJECT_DOC_INDEX.md,16494,,2026-05-21T02:33:03.783Z,31
PROJECT_DOC_INDEX.md,18GVNwZLSETFsDJaZiMrYcHUYvXIHWRiq,Trade_AI_Docs_v2/docs/project/PROJECT_DOC_INDEX.md,27395,,2026-05-19T00:37:25.992Z,31
PROJECT_DOC_INDEX.md,1KA79Q6DfkPM7TK-lrM0yL3v9razmRzj0,Trade_AI_Docs_v2/docs/project/PROJECT_DOC_INDEX.md,27260,,2026-05-19T00:24:38.172Z,31
PROJECT_DOC_INDEX.md,1VTu2pMKhGLmBt59a5IlAq8n8KBNoZQtY,Trade_AI_Docs_v2/docs/project/PROJECT_DOC_INDEX.md,27133,,2026-05-19T00:13:59.764Z,31
PROJECT_DOC_INDEX.md,1sOkAkALjubTFlP25dqW1PNkqx134I7OL,Trade_AI_Docs_v2/docs/project/PROJECT_DOC_INDEX.md,27008,,2026-05-18T17:40:53.257Z,31
PROJECT_DOC_INDEX.md,1fKhipkVa1RKHFO1ETnqCBEKPBfyFPFNh,Trade_AI_Docs_v2/docs/project/PROJECT_DOC_INDEX.md,26881,,2026-05-18T17:26:18.718Z,31
PROJECT_DOC_INDEX.md,1L_V43b4AKVlkizeuVn2jWpiJpvX9fw9w,Trade_AI_Docs_v2/docs/project/PROJECT_DOC_INDEX.md,26727,,2026-05-18T17:10:56.393Z,31
PROJECT_DOC_INDEX.md,1VIZu4vdTXylSJ8A1lutEiXVk4Q6K_XGu,Trade_AI_Docs_v2/docs/project/PROJECT_DOC_INDEX.md,26614,,2026-05-18T17:03:16.289Z,31
PROJECT_DOC_INDEX.md,1T-afogjiN4Fzkh7LI7evQpmNJI7gjZ9m,Trade_AI_Docs_v2/docs/project/PROJECT_DOC_INDEX.md,26503,,2026-05-18T16:13:06.640Z,31
PROJECT_DOC_INDEX.md,1MaGntUJSRZFpi9PB8Ys0JKKL9K29GUIl,Trade_AI_Docs_v2/docs/project/PROJECT_DOC_INDEX.md,26364,,2026-05-18T15:46:57.890Z,31
PROJECT_DOC_INDEX.md,1zsIlhqr59Zdj3Z9zvJwP8ajcEz2oTEBM,Trade_AI_Docs_v2/docs/project/PROJECT_DOC_INDEX.md,26209,,2026-05-18T15:17:44.296Z,31
PROJECT_DOC_INDEX.md,1zjjh0Q9XtsdYGhq3MH8BfhBV2pBPd2a5,Trade_AI_Docs_v2/docs/project/PROJECT_DOC_INDEX.md,26048,,2026-05-18T14:34:31.835Z,31
PROJECT_DOC_INDEX.md,1DcWak1e-H6arqjrLtApJE4PKOzfVGeX9,Trade_AI_Docs_v2/docs/project/PROJECT_DOC_INDEX.md,25888,,2026-05-18T14:16:38.021Z,31
PROJECT_DOC_INDEX.md,1aMSIQAp3VqkrJQ1RJ1t-JNWKZbzwf-TL,Trade_AI_Docs_v2/docs/project/PROJECT_DOC_INDEX.md,25766,,2026-05-18T13:55:21.088Z,31
PROJECT_DOC_INDEX.md,1HkjydqLCWMN1uR9zSkKp-yGxEQkBYciV,Trade_AI_Docs_v2/docs/project/PROJECT_DOC_INDEX.md,25638,,2026-05-18T13:43:27.163Z,31
PROJECT_DOC_INDEX.md,167A7-PUg-GfZCcVhQCk6iSIP78RiYwV2,Trade_AI_Docs_v2/docs/project/PROJECT_DOC_INDEX.md,25330,,2026-05-18T13:27:33.702Z,31
PROJECT_DOC_INDEX.md,1FoWC3Q361YGxjxF-2ac0DOqsHLBZ3BmK,Trade_AI_Docs_v2/docs/project/PROJECT_DOC_INDEX.md,25014,,2026-05-18T13:16:13.710Z,31
PROJECT_DOC_INDEX.md,1mARoNLaul2p2OQrWT0QpcQ_LSPppm1ES,Trade_AI_Docs_v2/docs/project/PROJECT_DOC_INDEX.md,24679,,2026-05-18T12:54:26.796Z,31
PROJECT_DOC_INDEX.md,1AAK2IevlEOyDwNNV3Td1bQUOMk3abFhg,Trade_AI_Docs_v2/docs/project/PROJECT_DOC_INDEX.md,23276,,2026-05-18T02:47:22.339Z,31
PROJECT_DOC_INDEX.md,1vFTTl9pvYtMghaqN_u8yTq4wC53ixhPZ,Trade_AI_Docs_v2/docs/project/PROJECT_DOC_INDEX.md,22769,,2026-05-18T01:05:54.378Z,31
PROJECT_DOC_INDEX.md,1PeDmfs1hrg3JJDZt2pfn0Jz6RC-Kl1_3,Trade_AI_Docs_v2/docs/project/PROJECT_DOC_INDEX.md,22652,,2026-05-17T23:59:09.783Z,31
PROJECT_DOC_INDEX.md,1LwhH65Pdw_0aPkJZYfWOIt3P6Cl0IfGD,Trade_AI_Docs_v2/docs/project/PROJECT_DOC_INDEX.md,22261,,2026-05-17T23:14:29.535Z,31
PROPOSAL_PIPELINE_DEFECTS.md,1oc5Ahur3BoZUzdgEPLWyi0pHkOCssI2wb9evOKm1NP8,Trade_AI_Docs_v2/docs/_archive/session_A-4/PROPOSAL_PIPELINE_DEFECTS.md,3120,,2026-05-21T03:06:03.420Z,2
PROPOSAL_PIPELINE_DEFECTS.md,1jdhls4pq-r61oAH0ejWHQKqezXb9EGfr,Trade_AI_Docs_v2/docs/_archive/session_A-4/PROPOSAL_PIPELINE_DEFECTS.md,2612,,2026-05-17T23:20:54.934Z,2
PROPOSAL_SUPPLY_AUDIT_2026-05-22.md,1Uzjpdc5SADM2qokLflDTaK6EWYgb-34iYqV8WhckTlw,Trade_AI_Docs_v2/docs/audits/PROPOSAL_SUPPLY_AUDIT_2026-05-22.md,12007,,2026-05-22T14:47:50.474Z,2
PROPOSAL_SUPPLY_AUDIT_2026-05-22.md,1deXj71Nr5Ey-v6wAMjaIZD-Bg7F-xshxtryawxXhrpw,Trade_AI_Docs_v2/docs/audits/PROPOSAL_SUPPLY_AUDIT_2026-05-22.md,10261,,2026-05-22T14:27:03.820Z,2
PYTHON_MODULE_STRUCTURE.md,1fh7NvOTM7rOQ7xkUtaVFdk6YRggOxKbAmItTdf7g6KE,Trade_AI_Docs_v2/docs/_archive/archive/2026-04-27_pre_bible/v5_proactive_intelligence/trade_ai_v5_package/module_structure/PYTHON_MODULE_STRUCTURE.md,3629,,2026-05-21T02:47:35.895Z,3
PYTHON_MODULE_STRUCTURE.md,16NgPFX8tvOlX2QQnMMUy6lPcAZDk3ZSe,Trade_AI_Docs_v2/docs/_archive/archive/2026-04-27_pre_bible/v5_proactive_intelligence/trade_ai_v5_package/module_structure/PYTHON_MODULE_STRUCTURE.md,2877,,2026-05-18T00:01:04.665Z,3
PYTHON_MODULE_STRUCTURE.md,1Vfi9v8aWPzFueA2m7YyhaoQSHVDGlUOW,Trade_AI_Docs_v2/PYTHON_MODULE_STRUCTURE.md,2877,,2026-05-17T22:43:14.248Z,3
PageHeader.tsx,1p1dHI-gCuaKNkSa9sNLaoMrKUvjfKfeT,Trade_AI_Docs_v2/ui_redesign/source_snapshot/PageHeader.tsx,847,,2026-05-25T14:41:25.899Z,4
PageHeader.tsx,16sAkc8TXuHvUY67noxYLftN9ihV-QOSi,Trade_AI_Docs_v2/docs/ui_redesign/source_snapshot/components/PageHeader.tsx,847,,2026-05-28T18:43:55.805Z,4
PageHeader.tsx,1Q-IsJK26FnbahGkqbroedQt7cRNsWP6-,Trade_AI_Docs_v2/docs/_archive/archive/2026-04-27_pre_bible/morning_brief_redesign_kit/components/PageHeader.tsx,847,,2026-05-18T00:01:34.098Z,4
PageHeader.tsx,1X5eun6CM9BoTg8uvNGw5nBQJBMn4Rz-D,Trade_AI_Docs_v2/docs/archive/2026-04-27_pre_bible/morning_brief_redesign_kit/components/PageHeader.tsx,847,,2026-05-17T22:43:43.069Z,4
PageHeader.tsx.md,1rtjQeZ2DUDF6zgCYpKq91Hg05RIsX7kn,Trade_AI_Docs_v2/ui_redesign/designer_workspace/current_source_text/PageHeader.tsx.md,1222,,2026-05-25T15:43:49.215Z,2
PageHeader.tsx.md,1jMjk3Q6ElZlI_vRFFOfUAVJs2XmwOslDqlHtpITGtkg,Trade_AI_Docs_v2/docs/ui_redesign/designer_workspace/current_source_text/PageHeader.tsx.md,3489,,2026-05-28T18:47:38.973Z,2
PaperGovernance.tsx.REPLACEMENT.md,1iCMjAWPfCG6VDNI3-b7arwKi_QiumWkl,Trade_AI_Docs_v2/ui_redesign/designer_workspace/designed_replacements/phase4_governance_approvals/PaperGovernance.tsx.REPLACEMENT.md,12723,,2026-05-25T18:56:53.338Z,2
PaperGovernance.tsx.REPLACEMENT.md,1R7IvLnyvrOMRb2OqN6mvMUQXm6GHsi7LrgjThuiubvk,Trade_AI_Docs_v2/docs/ui_redesign/designer_workspace/designed_replacements/phase4_governance_approvals/PaperGovernance.tsx.REPLACEMENT.md,21260,,2026-05-28T18:54:57.448Z,2
PaperProposals.tsx,1jP90Ph4s7QQuzqFaKpn8gpl-US_oQlr4,Trade_AI_Docs_v2/ui_redesign/source_snapshot/PaperProposals.tsx,75655,,2026-05-25T14:41:07.100Z,4
PaperProposals.tsx,1_WbD6RpovHmOscrlsaACaugx_DYrlVvj,Trade_AI_Docs_v2/docs/ui_redesign/designer_workspace/backups/phase4c_paper_proposals_apply_20260525_1526/PaperProposals.tsx,75655,,2026-05-28T18:51:01.361Z,4
PaperProposals.tsx,1sUEGop7GaMXsh0Z9Y9TFs2xjcA-Xxf9N,Trade_AI_Docs_v2/docs/ui_redesign/source_snapshot/pages/PaperProposals.tsx,75655,,2026-05-28T18:45:30.605Z,4
PaperProposals.tsx,18RRsP-FqD9hAkjMqDI7qhBH1b8dj5VN9,Trade_AI_Docs_v2/docs/atm_audit_2026_05_26/source_snapshot/PaperProposals.tsx,68068,,2026-05-28T17:04:55.336Z,4
PaperProposals.tsx.REPLACEMENT.md,1sNBYsbz2hoY6ur1j5RcuKJK1vIc5gvnX,Trade_AI_Docs_v2/ui_redesign/designer_workspace/designed_replacements/phase4_governance_approvals/PaperProposals.tsx.REPLACEMENT.md,70768,,2026-05-25T18:56:55.165Z,4
PaperProposals.tsx.REPLACEMENT.md,1K7Xej7-MMF59pp1SMzEVHg7iYhf3ZdN1pMFeesIIxtQ,Trade_AI_Docs_v2/docs/ui_redesign/designer_workspace/designed_replacements/phase4_governance_approvals/PaperProposals.tsx.REPLACEMENT.md,105254,,2026-05-28T18:54:37.031Z,4
PaperProposals.tsx.REPLACEMENT.md,14_TihYmHUuYXRUVu5fWEMqE6t306RSCyFJjV0goSnT8,Trade_AI_Docs_v2/docs/ui_redesign/designer_workspace/backups/phase4c_paper_proposals_apply_20260525_1526/PaperProposals.tsx.REPLACEMENT.md,105235,,2026-05-28T18:50:59.440Z,4
PaperProposals.tsx.REPLACEMENT.md,1-qNSeHbJvzoe-Yq1u3KJeWtBsT2osA3NZpZn3ceh3vc,Trade_AI_Docs_v2/docs/atm_lifecycle_v1_2026_05_26/designed_replacements/PaperProposals.tsx.REPLACEMENT.md,1533,,2026-05-28T17:55:44.850Z,4
PaperReview.tsx,1lFY_JNaDbDL-yV3avK6hYbLkQv6l2epD,Trade_AI_Docs_v2/ui_redesign/source_snapshot/PaperReview.tsx,713,,2026-05-25T14:41:08.400Z,4
PaperReview.tsx,1Nt5NlMpNYW50OWC-8_VjPJMoT4L5kfKg,Trade_AI_Docs_v2/docs/ui_redesign/designer_workspace/backups/phase4a_governance_apply_20260525_1501/PaperReview.tsx,713,,2026-05-28T18:52:24.325Z,4
PaperReview.tsx,1p7eFBuOb2kDqi35ezTFG-C_hj9jD064D,Trade_AI_Docs_v2/docs/ui_redesign/source_snapshot/pages/PaperReview.tsx,713,,2026-05-28T18:45:41.809Z,4
PaperReview.tsx,11JxDaRtS2EPoTOs7H4EJyWDAjbRCiYjR,Trade_AI_Docs_v2/docs/atm_audit_2026_05_26/source_snapshot/PaperReview.tsx,999,,2026-05-28T17:05:55.255Z,4
PaperReview.tsx.REPLACEMENT.md,1Xe0TXwzABEV_PAFYVsvslLM8ooZ55i7I,Trade_AI_Docs_v2/ui_redesign/designer_workspace/designed_replacements/phase4_governance_approvals/PaperReview.tsx.REPLACEMENT.md,1440,,2026-05-25T18:56:56.506Z,2
PaperReview.tsx.REPLACEMENT.md,1AeJjVymb_dCQWmB94_lWtbeH9lYL6quoXDIt0BcLulY,Trade_AI_Docs_v2/docs/ui_redesign/designer_workspace/designed_replacements/phase4_governance_approvals/PaperReview.tsx.REPLACEMENT.md,3777,,2026-05-28T18:54:14.045Z,2
PaperStatus.tsx,1h9GzLNEMtc9pMuzhulkncFi7ZxgrcyQu,Trade_AI_Docs_v2/ui_redesign/source_snapshot/PaperStatus.tsx,10167,,2026-05-25T14:41:09.783Z,3
PaperStatus.tsx,1A17-gkGWo1m9KMU2Y8u5trQkdCZ4DsLz,Trade_AI_Docs_v2/docs/ui_redesign/source_snapshot/pages/PaperStatus.tsx,10167,,2026-05-28T18:45:32.346Z,3
PaperStatus.tsx,12qQoLajV1AlDW3wab1pLrxGzGvs7oaKw,Trade_AI_Docs_v2/docs/atm_audit_2026_05_26/source_snapshot/PaperStatus.tsx,10167,,2026-05-28T17:05:16.416Z,3
PeriodReturnBars.tsx,1cX6Owni4ot9kQNAavj8rLmwp7VRDLNlO,Trade_AI_Docs_v2/docs/_archive/archive/2026-04-27_pre_bible/morning_brief_redesign_kit/components/PeriodReturnBars.tsx,2919,,2026-05-18T00:01:31.833Z,2
PeriodReturnBars.tsx,13fN8avU2SVK8MCdAqk6LqQvRV_Qawgro,Trade_AI_Docs_v2/PeriodReturnBars.tsx,2919,,2026-05-17T22:43:40.884Z,2
PipelineHub.tsx,1hvH1d0BuYCjV6n78CcoKfpWfD_8IxPcu,Trade_AI_Docs_v2/ui_redesign/source_snapshot/PipelineHub.tsx,724,,2026-05-25T14:41:11.418Z,4
PipelineHub.tsx,1P_8sMi5IhM-VqXhRjRAblDl56tDdBLe6,Trade_AI_Docs_v2/docs/ui_redesign/designer_workspace/backups/phase2b_automation_trust_apply_20260525_1345/PipelineHub.tsx,724,,2026-05-28T18:51:32.792Z,4
PipelineHub.tsx,1Mch6LVdMNdrZTxOpIB3V5gIPYnWHe-4f,Trade_AI_Docs_v2/docs/ui_redesign/source_snapshot/pages/PipelineHub.tsx,724,,2026-05-28T18:45:47.501Z,4
PipelineHub.tsx,18RLHPIOfghCE8BEIx6Ng4D5vXHUahh6s,Trade_AI_Docs_v2/docs/atm_audit_2026_05_26/source_snapshot/PipelineHub.tsx,909,,2026-05-28T17:06:45.773Z,4
PipelineHub.tsx.REPLACEMENT.md,1oqOb13S88nZIoXwkFzvUlP5WBgtYFGId,Trade_AI_Docs_v2/ui_redesign/designer_workspace/designed_replacements/phase2b_automation_trust/PipelineHub.tsx.REPLACEMENT.md,1610,,2026-05-25T18:00:38.191Z,5
PipelineHub.tsx.REPLACEMENT.md,1xTL31-XeMpldGyJ5Oo8Nrjwh3AfmkUD5,Trade_AI_Docs_v2/ui_redesign/designer_workspace/designed_replacements/PipelineHub.tsx.REPLACEMENT.md,408,,2026-05-25T15:44:44.523Z,5
PipelineHub.tsx.REPLACEMENT.md,1dvvev-G2PGiLNr-IxhwjpMomEMgTqQRHtxx4aXw4zaI,Trade_AI_Docs_v2/docs/ui_redesign/designer_workspace/designed_replacements/phase2b_automation_trust/PipelineHub.tsx.REPLACEMENT.md,3842,,2026-05-28T18:55:57.295Z,5
PipelineHub.tsx.REPLACEMENT.md,17-oShUzm_kcjwPjI5_f_hjMzQjS9TRui1Vr09Dm7C8o,Trade_AI_Docs_v2/docs/ui_redesign/designer_workspace/designed_replacements/PipelineHub.tsx.REPLACEMENT.md,1724,,2026-05-28T18:55:34.910Z,5
PipelineHub.tsx.REPLACEMENT.md,1Rfe0x16uuWDT6SbvpS4nNpaw8iHVyKeD5ER92piZO-E,Trade_AI_Docs_v2/docs/ui_redesign/designer_workspace/backups/phase2b_automation_trust_apply_20260525_1345/PipelineHub.tsx.REPLACEMENT.md,3848,,2026-05-28T18:51:28.988Z,5
PipelineHub.tsx.md,1PLV3cwq3Hc-SUDHFpg5LCYP-ofZS4eM9,Trade_AI_Docs_v2/ui_redesign/designer_workspace/current_source_text/PipelineHub.tsx.md,1096,,2026-05-25T15:43:50.609Z,2
PipelineHub.tsx.md,1d253LHrfCS_87YCP5sHbkQWOyZsuB0PM6VjfUUhk4gs,Trade_AI_Docs_v2/docs/ui_redesign/designer_workspace/current_source_text/PipelineHub.tsx.md,3156,,2026-05-28T18:48:25.220Z,2
PortfolioCommand.tsx,1aFc9AMsbCJqPQFn0dPBUwuAZywnEGsCt,Trade_AI_Docs_v2/ui_redesign/source_snapshot/PortfolioCommand.tsx,889,,2026-05-25T14:41:12.758Z,2
PortfolioCommand.tsx,1D-Pe93cIAReJSXDW3aYp61S1xzKKvrdo,Trade_AI_Docs_v2/docs/ui_redesign/source_snapshot/pages/PortfolioCommand.tsx,889,,2026-05-28T18:45:19.451Z,2
ProgressBar.tsx.md,1_iPDfjRHpNzSqrHgHkhIlCjxWtPoJnV_,Trade_AI_Docs_v2/ui_redesign/designer_workspace/current_source_text/ProgressBar.tsx.md,3430,,2026-05-25T15:43:51.973Z,2
ProgressBar.tsx.md,19UQECIYq6LqCEWtwGAm_nkZB6DI1GwQU5HJ2tQHAnew,Trade_AI_Docs_v2/docs/ui_redesign/designer_workspace/current_source_text/ProgressBar.tsx.md,7844,,2026-05-28T18:48:10.871Z,2
ProposalAlerts.tsx.REPLACEMENT.md,1C1t4o9FktSOsAIuyFQhGbFqc405HG7ee,Trade_AI_Docs_v2/ui_redesign/designer_workspace/designed_replacements/phase4_governance_approvals/ProposalAlerts.tsx.REPLACEMENT.md,6503,,2026-05-25T18:56:57.800Z,2
ProposalAlerts.tsx.REPLACEMENT.md,1qdtjcKeFqFqqhXI4-Mvf4C1dg3SaWxt5XWzYEhNWbSc,Trade_AI_Docs_v2/docs/ui_redesign/designer_workspace/designed_replacements/phase4_governance_approvals/ProposalAlerts.tsx.REPLACEMENT.md,11370,,2026-05-28T18:54:25.548Z,2
ProposalDetailDrawer.tsx.md,1aj4iBglTVmzzvWnMoH553GKaLfxKxvOK,Trade_AI_Docs_v2/ui_redesign/designer_workspace/current_source_text/ProposalDetailDrawer.tsx.md,13546,,2026-05-25T15:43:53.430Z,2
ProposalDetailDrawer.tsx.md,1fPgiuc55K5cT3zWb7mJdNHfd1OUduq6MIjxiBk5_Ad4,Trade_AI_Docs_v2/docs/ui_redesign/designer_workspace/current_source_text/ProposalDetailDrawer.tsx.md,21789,,2026-05-28T18:48:18.585Z,2
Prospects.tsx,19LcnwlfieGID5EyeJ-capxyRuDmhQC-i,Trade_AI_Docs_v2/ui_redesign/source_snapshot/Prospects.tsx,25499,,2026-05-25T14:41:14.059Z,3
Prospects.tsx,110eeM3hSMM7MADkCSjgoBZHg1N8Yvyyg,Trade_AI_Docs_v2/docs/ui_redesign/designer_workspace/backups/phase3_market_opportunities_apply_20260525_1412/Prospects.tsx,25499,,2026-05-28T18:49:48.352Z,3
Prospects.tsx,1qC8tgtYKwDbnBRuA8ALwuLzOsKLIZXlu,Trade_AI_Docs_v2/docs/ui_redesign/source_snapshot/pages/Prospects.tsx,25499,,2026-05-28T18:45:23.189Z,3
Prospects.tsx.REPLACEMENT.md,1CdWD4Ahvs8JiK0sr2K0Hd8e40tcaUk6e,Trade_AI_Docs_v2/ui_redesign/designer_workspace/designed_replacements/phase3_market_opportunities/Prospects.tsx.REPLACEMENT.md,29538,,2026-05-25T18:16:40.892Z,4
Prospects.tsx.REPLACEMENT.md,1xjtheMqCR-tLDWRIAGyNzglulnGiI4mo,Trade_AI_Docs_v2/ui_redesign/designer_workspace/designed_replacements/Prospects.tsx.REPLACEMENT.md,402,,2026-05-25T15:44:45.737Z,4
Prospects.tsx.REPLACEMENT.md,1a28m49gNJ7xc9V5BG1iosDtyn1BhGb4m40hHJ-boTrI,Trade_AI_Docs_v2/docs/ui_redesign/designer_workspace/designed_replacements/Prospects.tsx.REPLACEMENT.md,1711,,2026-05-28T18:55:04.695Z,4
Prospects.tsx.REPLACEMENT.md,1XxB89xXjjsCpDaitxTdk1xFPtXOdmHCI4JeUy2_O9S4,Trade_AI_Docs_v2/docs/ui_redesign/designer_workspace/designed_replacements/phase3_market_opportunities/Prospects.tsx.REPLACEMENT.md,42155,,2026-05-28T18:53:44.870Z,4
Prospects.tsx.md,1m9ax2gsIk7oxtyfXElc0kqGGie4pkTmu,Trade_AI_Docs_v2/ui_redesign/designer_workspace/current_source_text/Prospects.tsx.md,25869,,2026-05-25T15:43:54.734Z,2
Prospects.tsx.md,1gmibpQ1k8-ilcNxoL0WJqNwhpR3_XwjBVOOyPYe9oro,Trade_AI_Docs_v2/docs/ui_redesign/designer_workspace/current_source_text/Prospects.tsx.md,39121,,2026-05-28T18:48:03.141Z,2
README.md,1F6VuPlWmX9cSOi3OilHol_uy-YYka4CR,Trade_AI_Docs_v2/docs/yaml_patches/docs/README.md,12776,,2026-05-17T23:23:00.562Z,16
README.md,1algqCcVubnW7XZSHyY7WIN4Xa-9mLqrP,Trade_AI_Docs_v2/docs/yaml_patches_s34/docs/README.md,2708,,2026-05-17T23:22:34.810Z,16
README.md,1CWx2wLKFKC8bO918AmBXHPY7WqZSk9_L4KdI4xmxk9o,Trade_AI_Docs_v2/docs/_archive/2026-05-24_cleanup/completed_phases/yaml_patches/docs/README.md,14383,,2026-05-28T18:41:00.369Z,16
README.md,1VBO7btzcbbuh-Nh5sPjzm4HpEWuxTlXj7j9skOp2F-U,Trade_AI_Docs_v2/docs/_archive/2026-05-24_cleanup/completed_phases/yaml_patches_s34/docs/README.md,4678,,2026-05-28T18:35:10.403Z,16
README.md,1Cl1CigspcDmkFz-r90dhGMeH0wsOeFppo-kYStiuQVU,Trade_AI_Docs_v2/docs/_archive/archive/2026-04-27_pre_bible/v7_cio_intelligence/trade_ai_v7_cio_package/README.md,1916,,2026-05-21T03:01:59.854Z,16
README.md,1siAEvyzZRSwEZHJKfWmjd7dwQw61vThg,Trade_AI_Docs_v2/docs/_archive/archive/2026-04-27_pre_bible/v7_cio_intelligence/trade_ai_v7_cio_package/README.md,647,,2026-05-18T00:09:43.534Z,16
README.md,1q5FV4rmqYPVJ4NJZU8v377nZYSsNXNZq1LznqTFZkEg,Trade_AI_Docs_v2/docs/_archive/archive/2026-04-27_pre_bible/morning_brief_redesign_kit/README.md,6522,,2026-05-21T02:48:17.878Z,16
README.md,1c0ewWb-x9vFvZnMlh7WQgPHyO0adD3u2,Trade_AI_Docs_v2/docs/_archive/archive/2026-04-27_pre_bible/morning_brief_redesign_kit/README.md,4134,,2026-05-18T00:02:06.812Z,16
README.md,1u1oRM8H6y93sGqCmVpmKOnD5J60JFlANB2wqhB3lLf8,Trade_AI_Docs_v2/docs/_archive/archive/2026-04-27_pre_bible/v5_proactive_intelligence/trade_ai_v5_package/README.md,1661,,2026-05-21T02:47:26.738Z,16
README.md,1WSsOdIJtFesBiM3-i7zqWJu-hkHAVeEd,Trade_AI_Docs_v2/docs/_archive/archive/2026-04-27_pre_bible/v5_proactive_intelligence/trade_ai_v5_package/README.md,385,,2026-05-18T00:00:56.640Z,16
README.md,11BpAk1zOuvrhUHJNZI-lF7io0u7zccwJf01MByupMLg,Trade_AI_Docs_v2/docs/_archive/archive/2026-04-27_pre_bible/v6_research_agent/trade_ai_v6_research_agent_package/README.md,3460,,2026-05-21T02:46:55.539Z,16
README.md,1PVN0eaVDcSl3vJZiR_sQ5Mmwvf0Hnlb5,Trade_AI_Docs_v2/docs/_archive/archive/2026-04-27_pre_bible/v6_research_agent/trade_ai_v6_research_agent_package/README.md,2368,,2026-05-18T00:00:29.027Z,16
README.md,1cJ4x18b93se64Dn97fzkvEsav0v6S6Ey,Trade_AI_Docs_v2/docs/archive/2026-04-27_pre_bible/v7_cio_intelligence/trade_ai_v7_cio_package/README.md,647,,2026-05-17T22:51:59.536Z,16
README.md,1a4RxYMDiIfZKA6C9bfhj6peQ471IMxeP,Trade_AI_Docs_v2/docs/archive/2026-04-27_pre_bible/morning_brief_redesign_kit/README.md,4134,,2026-05-17T22:44:16.189Z,16
README.md,1-Q31fn0p043mjU7FNvksz3eT-59oWlan,Trade_AI_Docs_v2/docs/archive/2026-04-27_pre_bible/v5_proactive_intelligence/trade_ai_v5_package/README.md,385,,2026-05-17T22:43:06.282Z,16
README.md,17DptC4I6AFvdvALC64Z_Ab2X2DTtd2If,Trade_AI_Docs_v2/docs/archive/2026-04-27_pre_bible/v6_research_agent/trade_ai_v6_research_agent_package/README.md,2368,,2026-05-17T22:42:39.686Z,16
README_ARCHIVE.md,1qLgNOa_BhsixcV0Ue8mdnuVwr0yygVzbQu974ZhDXec,Trade_AI_Docs_v2/docs/_archive/archive/2026-04-28_pre_bible/README_ARCHIVE.md,1667,,2026-05-21T03:02:51.107Z,7
README_ARCHIVE.md,1NGeu3pQpnuyO8ay2mCMj3t9seraF5lc2,Trade_AI_Docs_v2/docs/_archive/archive/2026-04-28_pre_bible/README_ARCHIVE.md,515,,2026-05-18T00:10:18.824Z,7
README_ARCHIVE.md,1QOe7iVH8Ncoa2lxthwnUgG0CU9q6_-8d1UoKRjFtR1s,Trade_AI_Docs_v2/docs/_archive/archive/2026-04-27_pre_bible/README_ARCHIVE.md,2832,,2026-05-21T02:48:06.587Z,7
README_ARCHIVE.md,1-3EzuKDnEPhTvJ9reXHxQ1H287vDtjx9,Trade_AI_Docs_v2/docs/_archive/archive/2026-04-27_pre_bible/README_ARCHIVE.md,1815,,2026-05-18T00:01:20.194Z,7
README_ARCHIVE.md,1zRLKS2SB5ZNaw8OJXR9-WuZFZ6RVx_3W,Trade_AI_Docs_v2/docs/archive/2026-04-27_pre_bible/README_ARCHIVE.md,1815,,2026-05-17T23:00:44.380Z,7
README_ARCHIVE.md,1JcNfijt0VFnhLwOYNawepuydbegzn3ox,Trade_AI_Docs_v2/docs/archive/2026-04-28_pre_bible/README_ARCHIVE.md,515,,2026-05-17T22:52:33.706Z,7
README_ARCHIVE.md,1fCizwjMcZlQawInHUKbnFUv0LddQ4-lw,Trade_AI_Docs_v2/docs/archive/2026-04-27_pre_bible/README_ARCHIVE.md,1815,,2026-05-17T22:43:29.540Z,7
README_DESIGN_HANDOFF.md,1RecBPHFnX2r5s8MSUiRlsklICt7UBruk,Trade_AI_Docs_v2/ui_redesign/README_DESIGN_HANDOFF.md,2949,,2026-05-25T14:39:22.439Z,2
README_DESIGN_HANDOFF.md,1dmSECEee1Xuj5_8gGwf8jv6lFaxKFQbDaeK8DS7DST8,Trade_AI_Docs_v2/docs/ui_redesign/README_DESIGN_HANDOFF.md,4239,,2026-05-28T18:46:06.764Z,2
REDESIGN_TARGETS.md,1hIK8hQDBnbgwrH-cHY6FuwNANNSPRA2B,Trade_AI_Docs_v2/ui_redesign/REDESIGN_TARGETS.md,3294,,2026-05-25T14:39:24.489Z,2
REDESIGN_TARGETS.md,1s52pDdFgqlNlOxubox3xqhsad4vwk_bQvM5qbkttU4I,Trade_AI_Docs_v2/docs/ui_redesign/REDESIGN_TARGETS.md,5659,,2026-05-28T18:46:14.419Z,2
RESTORE_GUIDE.md,1KtG6N40GFl3m7V62ZxEOGGcF38wMw3AQDa62OdEwsw8,Trade_AI_Docs_v2/docs/RESTORE_GUIDE.md,13549,,2026-05-21T02:42:37.389Z,4
RESTORE_GUIDE.md,1G_U72ZscbJxsHqdnX5f5xqW2wRyjngvSL44ZM0JA6vA,Trade_AI_Docs_v2/docs/_archive/2026-05-09_pre_cloud_rebuild/RESTORE_GUIDE.md,12532,,2026-05-21T03:05:53.201Z,4
RESTORE_GUIDE.md,1PRvOhGepAeWfbVjCp5f30B1YuA1jagFj,Trade_AI_Docs_v2/docs/_archive/2026-05-09_pre_cloud_rebuild/RESTORE_GUIDE.md,9526,,2026-05-17T23:20:46.808Z,4
RESTORE_GUIDE.md,19Rm7QXglkmoUCLY6hrZpjdcgDRtH2_DA,Trade_AI_Docs_v2/docs/RESTORE_GUIDE.md,10730,,2026-05-17T23:16:58.652Z,4
ROOT_CAUSE_ATM_DEAD_2026_05_26.md,1P2C0eN0MOx-aeBzhu-Ns2h6QIyJWCDZG,Trade_AI_Docs_v2/ROOT_CAUSE_ATM_DEAD_2026_05_26.md,16012,,2026-05-26T15:27:01.585Z,5
ROOT_CAUSE_ATM_DEAD_2026_05_26.md,1S8VlP75ltHtWkQXL8ww7oGo___K1_lFP,Trade_AI_Docs_v2/ROOT_CAUSE_ATM_DEAD_2026_05_26.md,16012,,2026-05-26T15:21:03.456Z,5
ROOT_CAUSE_ATM_DEAD_2026_05_26.md,1dUOdIt2eyXMs1NHG9R2JRqBZK7ddYQS8,Trade_AI_Docs_v2/ROOT_CAUSE_ATM_DEAD_2026_05_26.md,16012,,2026-05-26T14:57:13.009Z,5
ROOT_CAUSE_ATM_DEAD_2026_05_26.md,1q4XlQc85z1DRP-eZGYWNCEVk7jpv1jDDLjWdssmE8uI,Trade_AI_Docs_v2/docs/atm_audit_2026_05_26/ROOT_CAUSE_ATM_DEAD_2026_05_26.md,15851,,2026-05-28T17:08:40.021Z,5
ROOT_CAUSE_ATM_DEAD_2026_05_26.md,1UIBEHO2AcSNqpFy1WBG5IgATAq-xSZOEkXs7euAKs9Y,Trade_AI_Docs_v2/docs/project/ROOT_CAUSE_ATM_DEAD_2026_05_26.md,15835,,2026-05-28T17:19:12.132Z,5
ROOT_CAUSE_MATRIX.md,1IisdXtEFw1imFoFhhIxdnznjZtLWk_J3,Trade_AI_Docs_v2/ROOT_CAUSE_MATRIX.md,2893,,2026-05-24T01:06:40.897Z,4
ROOT_CAUSE_MATRIX.md,1Z3wMiGVfdlwBjRRjhq1SNP_zIESkb7Sz,Trade_AI_Docs_v2/ROOT_CAUSE_MATRIX.md,4248,,2026-05-24T00:18:40.122Z,4
ROOT_CAUSE_MATRIX.md,1PiAYhW5L2bqVXwhagX0_gMNSZf6GBXURIKMsxQs3j74,Trade_AI_Docs_v2/docs/ui_audits/2026-05-23_command_center_fix/ROOT_CAUSE_MATRIX.md,5268,,2026-05-28T16:59:13.769Z,4
ROOT_CAUSE_MATRIX.md,19N7NMd323eCi-q5gdVIUd0WTV-ammtjIkB_GRTC1KmA,Trade_AI_Docs_v2/docs/ui_audits/2026-05-23_command_center_reliability_fix/ROOT_CAUSE_MATRIX.md,4024,,2026-05-28T16:56:50.533Z,4
Risk.tsx,1zk_7Fn6zESgZdIb8YcSPXdJJJnKFgsL9,Trade_AI_Docs_v2/ui_redesign/source_snapshot/Risk.tsx,26959,,2026-05-25T14:41:15.476Z,2
Risk.tsx,1KAmfsUrArE7Y0esGRUfLa98EXnyyEmwg,Trade_AI_Docs_v2/docs/ui_redesign/source_snapshot/pages/Risk.tsx,26959,,2026-05-28T18:45:26.840Z,2
SCHEMA_FINDINGS.md,1DakkvHLiW9Pqv__LRpGsG028H8Vyvlrn,Trade_AI_Docs_v2/atm_audit_2026_05_26/SCHEMA_FINDINGS.md,2115,,2026-05-26T15:20:55.827Z,2
SCHEMA_FINDINGS.md,1p0NkMhbALjOH0oOeUXBMowzzQCmJcDCoLiOyfZNr3kU,Trade_AI_Docs_v2/docs/atm_audit_2026_05_26/schema_snapshot/SCHEMA_FINDINGS.md,3268,,2026-05-28T17:08:23.585Z,2
SCREENER_REFERENCE.md,1Tvi9rHnuPnQWssLfEGoyJH8-R-4w48AgqpoTYIwc1vc,Trade_AI_Docs_v2/docs/strategy/SCREENER_REFERENCE.md,8184,,2026-05-21T03:17:51.291Z,2
SCREENER_REFERENCE.md,1cB_cNZHWYR8ideFXikA5ztFrCJzcZm09,Trade_AI_Docs_v2/docs/strategy/SCREENER_REFERENCE.md,8593,,2026-05-17T23:22:39.418Z,2
SCREENSHOT_INDEX.md,1SAGMyoixBywQ_7vJw4PlH5GSQFC6AMe9,Trade_AI_Docs_v2/ui_redesign/SCREENSHOT_INDEX.md,3289,,2026-05-25T15:08:52.275Z,3
SCREENSHOT_INDEX.md,1Mk_vCGcNZ9d43tCuVQKMKv6vXS9FNYBg,Trade_AI_Docs_v2/ui_redesign/SCREENSHOT_INDEX.md,1534,,2026-05-25T14:39:25.900Z,3
SCREENSHOT_INDEX.md,1V3r-1lCV0E4SC64HiMV7-_f9QDud96zMi3Dk32vUA38,Trade_AI_Docs_v2/docs/ui_redesign/SCREENSHOT_INDEX.md,3319,,2026-05-28T18:56:47.814Z,3
SELF_IMPROVEMENT_PAGE_ENHANCEMENT_NOTES.md,1ZTHC6RtFO2cu5ZUI9QkMQbLviVvJpICA,Trade_AI_Docs_v2/ui_redesign/SELF_IMPROVEMENT_PAGE_ENHANCEMENT_NOTES.md,2105,,2026-05-25T14:39:27.327Z,2
SELF_IMPROVEMENT_PAGE_ENHANCEMENT_NOTES.md,1S4z_HZ26iu6Zd77VoJwqA6YqR7U8HEFfRQuoaAfD02g,Trade_AI_Docs_v2/docs/ui_redesign/SELF_IMPROVEMENT_PAGE_ENHANCEMENT_NOTES.md,3220,,2026-05-28T18:43:20.455Z,2
SELF_IMPROVEMENT_POLISH_APPLY_PLAN.md,16GokskgWWmWgcP04nxsifEGsJ-4oyM4g,Trade_AI_Docs_v2/ui_redesign/designer_workspace/designed_replacements/phase5_self_improvement_polish/SELF_IMPROVEMENT_POLISH_APPLY_PLAN.md,2318,,2026-05-25T21:52:05.371Z,3
SELF_IMPROVEMENT_POLISH_APPLY_PLAN.md,1a2iIUF9lYQp5gblqjSfsHfrRpdISgRXpy5cvkHAgtRc,Trade_AI_Docs_v2/docs/ui_redesign/designer_workspace/designed_replacements/phase5_self_improvement_polish/SELF_IMPROVEMENT_POLISH_APPLY_PLAN.md,3968,,2026-05-28T18:56:25.496Z,3
SELF_IMPROVEMENT_POLISH_APPLY_PLAN.md,1BTP80SFSWGUeCv3RHJ1fd7X2xREek_ZmGwPluioeyw4,Trade_AI_Docs_v2/docs/ui_redesign/designer_workspace/backups/phase5_self_improvement_apply_20260525_1803/SELF_IMPROVEMENT_POLISH_APPLY_PLAN.md,4010,,2026-05-28T18:52:05.966Z,3
SELF_IMPROVEMENT_POLISH_DESIGN_NOTES.md,1gLmZa5Y19sV7qcX5unP4GTO08qaAfaR8,Trade_AI_Docs_v2/ui_redesign/designer_workspace/designed_replacements/phase5_self_improvement_polish/SELF_IMPROVEMENT_POLISH_DESIGN_NOTES.md,4262,,2026-05-25T21:52:06.966Z,3
SELF_IMPROVEMENT_POLISH_DESIGN_NOTES.md,1yUYv_4tDTJZ_nl2otTki3UCZsruDygc8A26KkgJkCnc,Trade_AI_Docs_v2/docs/ui_redesign/designer_workspace/designed_replacements/phase5_self_improvement_polish/SELF_IMPROVEMENT_POLISH_DESIGN_NOTES.md,4965,,2026-05-28T18:56:33.626Z,3
SELF_IMPROVEMENT_POLISH_DESIGN_NOTES.md,1WKEVkWDpKn95F2kYELEbePNPxma8y2RXGnfi1A6nEwY,Trade_AI_Docs_v2/docs/ui_redesign/designer_workspace/backups/phase5_self_improvement_apply_20260525_1803/SELF_IMPROVEMENT_POLISH_DESIGN_NOTES.md,4982,,2026-05-28T18:52:13.839Z,3
SESSION27_TCA_RECON_INTRATRADE_INTELLIGENCE.md,1ovr2GijnejQnO4H275EuapW38baFc1BFVIPAXyZNxqk,Trade_AI_Docs_v2/docs/_archive/2026-05-11_session29_cleanup/SESSION27_TCA_RECON_INTRATRADE_INTELLIGENCE.md,6427,,2026-05-21T03:04:16.936Z,2
SESSION27_TCA_RECON_INTRATRADE_INTELLIGENCE.md,1AbniCO1N9cwZRBrukKJz2aGWF2egqxuB,Trade_AI_Docs_v2/docs/_archive/2026-05-11_session29_cleanup/SESSION27_TCA_RECON_INTRATRADE_INTELLIGENCE.md,5420,,2026-05-17T23:19:38.006Z,2
SESSION28_LEARNING_GOVERNANCE.md,1Aa012cHnzkOEnv8Q9cUnwn2lQ2sPxuiZ2JqntNL_Shw,Trade_AI_Docs_v2/docs/_archive/2026-05-11_session29_cleanup/SESSION28_LEARNING_GOVERNANCE.md,5191,,2026-05-21T03:04:13.649Z,2
SESSION28_LEARNING_GOVERNANCE.md,1CBbBeJ-miRZiuxUb6KCe0brNcs2Q94gj,Trade_AI_Docs_v2/docs/_archive/2026-05-11_session29_cleanup/SESSION28_LEARNING_GOVERNANCE.md,4529,,2026-05-17T23:19:36.297Z,2
SESSION28_LEARNING_LOOP_AUDIT_20260509.md,1dqUbwR_Y_UVgKQ2KTNJrjYRv5lQ-dM4c6MqI7Db5t4s,Trade_AI_Docs_v2/docs/_archive/2026-05-11_session29_cleanup/SESSION28_LEARNING_LOOP_AUDIT_20260509.md,3099,,2026-05-21T03:03:49.781Z,2
SESSION28_LEARNING_LOOP_AUDIT_20260509.md,1PBiy_OmyXKQX54jHlQQE1NNvoA4pAs6o,Trade_AI_Docs_v2/docs/_archive/2026-05-11_session29_cleanup/SESSION28_LEARNING_LOOP_AUDIT_20260509.md,1732,,2026-05-17T23:19:21.569Z,2
SESSION29_AGENT_CALIBRATION_AUDIT_20260509.md,1-7FE9a7m4IiwsresMwAHfOm1GbGGi_dR51keyJWuatc,Trade_AI_Docs_v2/docs/_archive/2026-05-11_session29_cleanup/SESSION29_AGENT_CALIBRATION_AUDIT_20260509.md,2394,,2026-05-21T03:05:20.068Z,2
SESSION29_AGENT_CALIBRATION_AUDIT_20260509.md,1B7wV547MTpoSkiBOjOKr7gSeVTBCVw-5,Trade_AI_Docs_v2/docs/_archive/2026-05-11_session29_cleanup/SESSION29_AGENT_CALIBRATION_AUDIT_20260509.md,1099,,2026-05-17T23:20:12.473Z,2
SESSION29_AGENT_CALIBRATION_ENGINE.md,1_10F3jWfkGH0oBORQYv_lMijMxJN23VN1jmvB3V4NTw,Trade_AI_Docs_v2/docs/_archive/2026-05-11_session29_cleanup/SESSION29_AGENT_CALIBRATION_ENGINE.md,3816,,2026-05-21T03:05:13.361Z,2
SESSION29_AGENT_CALIBRATION_ENGINE.md,1rlrKBGAf6mPlPHs9SUq5016ibu4NIrL1,Trade_AI_Docs_v2/docs/_archive/2026-05-11_session29_cleanup/SESSION29_AGENT_CALIBRATION_ENGINE.md,2943,,2026-05-17T23:20:09.043Z,2
SESSION30_WEEKLY_LEARNING_DIGEST_AND_THESIS_REVIEW.md,1NaT0pQRLlkMTsjclA2_Rr4_z5PN8-LJY43BBq6_k5Wc,Trade_AI_Docs_v2/docs/_archive/2026-05-11_session29_cleanup/SESSION30_WEEKLY_LEARNING_DIGEST_AND_THESIS_REVIEW.md,3851,,2026-05-21T03:05:03.881Z,2
SESSION30_WEEKLY_LEARNING_DIGEST_AND_THESIS_REVIEW.md,16YtwqRmY1E-jB3rees0pacY-08NmelLK,Trade_AI_Docs_v2/docs/_archive/2026-05-11_session29_cleanup/SESSION30_WEEKLY_LEARNING_DIGEST_AND_THESIS_REVIEW.md,2730,,2026-05-17T23:20:03.658Z,2
SESSION31_STRATEGY_BACKTESTING_CHAMPION_CHALLENGER.md,1M0YAHIp7bhKMruEwyARCQ38UTS7uquEqVPhU9WnxOs4,Trade_AI_Docs_v2/docs/_archive/2026-05-11_session29_cleanup/SESSION31_STRATEGY_BACKTESTING_CHAMPION_CHALLENGER.md,2676,,2026-05-21T03:04:53.427Z,2
SESSION31_STRATEGY_BACKTESTING_CHAMPION_CHALLENGER.md,121GreOGLj_KPDgj1XgHqswbHBDD36BJZ,Trade_AI_Docs_v2/docs/_archive/2026-05-11_session29_cleanup/SESSION31_STRATEGY_BACKTESTING_CHAMPION_CHALLENGER.md,1530,,2026-05-17T23:19:58.418Z,2
SESSION32_UNIFIED_SELF_IMPROVEMENT_COMMAND_CENTER.md,187gQ497atI0Jhbtha87D8QX-n9HG0Frv4LOdehh0ZgU,Trade_AI_Docs_v2/docs/_archive/2026-05-11_session29_cleanup/SESSION32_UNIFIED_SELF_IMPROVEMENT_COMMAND_CENTER.md,2828,,2026-05-21T03:03:55.809Z,2
SESSION32_UNIFIED_SELF_IMPROVEMENT_COMMAND_CENTER.md,1iSiEKOiSBJs0O6Y65vdv9lCGypwAf-iV,Trade_AI_Docs_v2/docs/_archive/2026-05-11_session29_cleanup/SESSION32_UNIFIED_SELF_IMPROVEMENT_COMMAND_CENTER.md,1705,,2026-05-17T23:19:25.276Z,2
SESSION33_RISK_REGIME_STRATEGY_ROTATION.md,1DQvrsfUCCMAh4UHPwF0CjzOoYyAdv-oTX4eZ4dqkAVo,Trade_AI_Docs_v2/docs/_archive/2026-05-11_session29_cleanup/SESSION33_RISK_REGIME_STRATEGY_ROTATION.md,2637,,2026-05-21T03:04:50.519Z,2
SESSION33_RISK_REGIME_STRATEGY_ROTATION.md,1Ikoi5L4xnCQAZ8Nlvm2GRVN_cSNXEo3e,Trade_AI_Docs_v2/docs/_archive/2026-05-11_session29_cleanup/SESSION33_RISK_REGIME_STRATEGY_ROTATION.md,1463,,2026-05-17T23:19:56.747Z,2
SESSION34_PIPELINE_CONTROLLER_LIVE_RUN_AND_OPERATIONAL_READINESS.md,162jOIb6aMpzLVLqmbCoZD-CSUg0MRIP5YB7hQtOKwSQ,Trade_AI_Docs_v2/docs/_archive/2026-05-11_session29_cleanup/SESSION34_PIPELINE_CONTROLLER_LIVE_RUN_AND_OPERATIONAL_READINESS.md,3405,,2026-05-21T03:03:52.812Z,2
SESSION34_PIPELINE_CONTROLLER_LIVE_RUN_AND_OPERATIONAL_READINESS.md,156aLDTh_t8k4jn1owQM3GBgTJx5K6FZt,Trade_AI_Docs_v2/docs/_archive/2026-05-11_session29_cleanup/SESSION34_PIPELINE_CONTROLLER_LIVE_RUN_AND_OPERATIONAL_READINESS.md,2443,,2026-05-17T23:19:23.433Z,2
SESSION35_PHASE1_CRON_MIGRATION_OBSERVABILITY.md,1zqSRCuVoVM6oWXGjrtfkDfvBlxiAdBJUK0vWqriEOiI,Trade_AI_Docs_v2/docs/_archive/2026-05-11_session29_cleanup/SESSION35_PHASE1_CRON_MIGRATION_OBSERVABILITY.md,3466,,2026-05-21T03:05:16.706Z,2
SESSION35_PHASE1_CRON_MIGRATION_OBSERVABILITY.md,1yzxnlNkG8K2P3aPjLjVHuDDH2qLqyhwW,Trade_AI_Docs_v2/docs/_archive/2026-05-11_session29_cleanup/SESSION35_PHASE1_CRON_MIGRATION_OBSERVABILITY.md,1845,,2026-05-17T23:20:10.667Z,2
SESSION36_PHASE2_CRON_MIGRATION_OBSERVABILITY_20260509.md,1AtqOIjPF5uAchrHMdyPh_u_QWvreTHhJagw-IJPMjsA,Trade_AI_Docs_v2/docs/_archive/2026-05-11_session29_cleanup/SESSION36_PHASE2_CRON_MIGRATION_OBSERVABILITY_20260509.md,7083,,2026-05-21T03:05:07.346Z,2
SESSION36_PHASE2_CRON_MIGRATION_OBSERVABILITY_20260509.md,1u7Jx17uB7jT5l1CXaSdn5qo8licrfKp-,Trade_AI_Docs_v2/docs/_archive/2026-05-11_session29_cleanup/SESSION36_PHASE2_CRON_MIGRATION_OBSERVABILITY_20260509.md,5861,,2026-05-17T23:20:05.355Z,2
SESSION_15_OPEN_TRADE_MONITOR_AGENT_CURATION_LOCAL_LLM.md,1b4_Il01Z-V0oeDy1eb-mI2ZZVDDGU7T5xmqf209WOi0,Trade_AI_Docs_v2/docs/_archive/2026-05-08/SESSION_15_OPEN_TRADE_MONITOR_AGENT_CURATION_LOCAL_LLM.md,8003,,2026-05-21T03:08:03.246Z,2
SESSION_15_OPEN_TRADE_MONITOR_AGENT_CURATION_LOCAL_LLM.md,1LuIiZF8wXvw3ZJ8Bu17a9Yz8OfxsXcIc,Trade_AI_Docs_v2/docs/_archive/2026-05-08/SESSION_15_OPEN_TRADE_MONITOR_AGENT_CURATION_LOCAL_LLM.md,6587,,2026-05-17T23:21:39.397Z,2
SESSION_17V3_RESEARCH_PACKET_AGENT_BACKTEST.md,15uP17824VPYYu7HLll5lr7OD3I5pfVjsaPNUzzzhSwU,Trade_AI_Docs_v2/docs/_archive/2026-05-08/SESSION_17V3_RESEARCH_PACKET_AGENT_BACKTEST.md,5445,,2026-05-21T03:06:21.965Z,2
SESSION_17V3_RESEARCH_PACKET_AGENT_BACKTEST.md,1aZlz8tGQv7gpwU1HosmAyqMOtFpKGa7y,Trade_AI_Docs_v2/docs/_archive/2026-05-08/SESSION_17V3_RESEARCH_PACKET_AGENT_BACKTEST.md,4903,,2026-05-17T23:21:04.976Z,2
SESSION_18B_SCREENER_UNIVERSE_FRESHNESS_SIGNAL_SYNC.md,1gpk3YZBCeC_-k6NBZpESLP9RkE69Mg0hO5WiihWOlmE,Trade_AI_Docs_v2/docs/_archive/2026-05-08/SESSION_18B_SCREENER_UNIVERSE_FRESHNESS_SIGNAL_SYNC.md,4793,,2026-05-21T03:07:02.241Z,2
SESSION_18B_SCREENER_UNIVERSE_FRESHNESS_SIGNAL_SYNC.md,1a-TRdfoe-c83yhrdl5_hQJuJPlY_TtPd,Trade_AI_Docs_v2/docs/_archive/2026-05-08/SESSION_18B_SCREENER_UNIVERSE_FRESHNESS_SIGNAL_SYNC.md,4057,,2026-05-17T23:21:17.103Z,2
SESSION_18C_AUTO_PROPOSAL_STAGE.md,1Ti_YBWU0rBUVFyyN7P0tV7MHuCyaCPd8Faws0pDPb_U,Trade_AI_Docs_v2/docs/_archive/2026-05-08/SESSION_18C_AUTO_PROPOSAL_STAGE.md,3860,,2026-05-21T03:08:10.217Z,2
SESSION_18C_AUTO_PROPOSAL_STAGE.md,1SKnQi6j3MfyZa70D1LUdrX9XsmheW36J,Trade_AI_Docs_v2/docs/_archive/2026-05-08/SESSION_18C_AUTO_PROPOSAL_STAGE.md,2677,,2026-05-17T23:21:42.784Z,2
SESSION_18D_SMOKE_TEST.md,1AYVL9Qstq78NdEzal5Z5Ltq_gyI_7HMjYEKJ5HMgt4Y,Trade_AI_Docs_v2/docs/_archive/2026-05-08/SESSION_18D_SMOKE_TEST.md,2995,,2026-05-21T03:06:55.365Z,2
SESSION_18D_SMOKE_TEST.md,1BK0I_QSe2OvolxyqRWnQeTam-xCL69xq,Trade_AI_Docs_v2/docs/_archive/2026-05-08/SESSION_18D_SMOKE_TEST.md,1934,,2026-05-17T23:21:13.600Z,2
SESSION_18E_INTEL_ARC_B50_LOCAL_LLM.md,1ZkKtoAy5QXxt9KD6Q2pkiwjyCybo7hUrntdjHOPOCB8,Trade_AI_Docs_v2/docs/_archive/2026-05-08/SESSION_18E_INTEL_ARC_B50_LOCAL_LLM.md,4300,,2026-05-21T03:06:18.750Z,2
SESSION_18E_INTEL_ARC_B50_LOCAL_LLM.md,1KTclGCmef7Sqio-0b6KnIbVqWlHdeyUW,Trade_AI_Docs_v2/docs/_archive/2026-05-08/SESSION_18E_INTEL_ARC_B50_LOCAL_LLM.md,2452,,2026-05-17T23:21:02.982Z,2
SESSION_18_PIPELINE_WIRING_SIGNAL_FLOW_INTEGRITY.md,1a3FjsFhYg_A6NsbHZ9cDhwvQVBGSJC95URfHAIPjlxE,Trade_AI_Docs_v2/docs/_archive/2026-05-08/SESSION_18_PIPELINE_WIRING_SIGNAL_FLOW_INTEGRITY.md,4270,,2026-05-21T03:07:25.124Z,2
SESSION_18_PIPELINE_WIRING_SIGNAL_FLOW_INTEGRITY.md,1M6NvGT__VMw7elYG-t8ULQmJr0ktuKia,Trade_AI_Docs_v2/docs/_archive/2026-05-08/SESSION_18_PIPELINE_WIRING_SIGNAL_FLOW_INTEGRITY.md,3583,,2026-05-17T23:21:27.306Z,2
SESSION_2026_05_28_TRADE_AI_LLM_BACKTESTING_SUMMARY.md,1RLb7SlBnzIlphkCW_qdUs45iXiuVHS9ENKIqmZYvfxY,Trade_AI_Docs_v2/docs/project/SESSION_2026_05_28_TRADE_AI_LLM_BACKTESTING_SUMMARY.md,6961,,2026-05-29T03:18:04.320Z,2
SESSION_2026_05_28_TRADE_AI_LLM_BACKTESTING_SUMMARY.md,1t9EpCEwMlPsGJNmjSppJGtvGg-fulDvv3GIlkTfmYMs,Trade_AI_Docs_v2/docs/project/SESSION_2026_05_28_TRADE_AI_LLM_BACKTESTING_SUMMARY.md,6087,,2026-05-29T01:54:55.242Z,2
SESSION_2026_05_29_FINAL_SUMMARY.md,1TvzWJwvyCHv9GNZortWAfM-pSjw9O5gzG5SQhWPZCQQ,Trade_AI_Docs_v2/docs/project/SESSION_2026_05_29_FINAL_SUMMARY.md,7731,,2026-05-30T02:43:43.899Z,3
SESSION_2026_05_29_FINAL_SUMMARY.md,1SZcT-1miXOd4zh4tCgZRdoNRTAqvbi7pT8XEm-Ohdz8,Trade_AI_Docs_v2/docs/project/SESSION_2026_05_29_FINAL_SUMMARY.md,7345,,2026-05-30T00:33:49.001Z,3
SESSION_2026_05_29_FINAL_SUMMARY.md,1UUObZyGnB06DakEsd1BuBsdQ4dhY_rET5reybH9mTSI,Trade_AI_Docs_v2/docs/project/SESSION_2026_05_29_FINAL_SUMMARY.md,5913,,2026-05-29T18:06:24.823Z,3
SESSION_2026_05_29_SUMMARY.md,1_PHU0QXPi7_7P51iE0JIfRKcPIRaJRX_0tGD74oIsSU,Trade_AI_Docs_v2/docs/project/SESSION_2026_05_29_SUMMARY.md,12182,,2026-05-30T00:51:31.354Z,9
SESSION_2026_05_29_SUMMARY.md,1cBf6Vc8bU6PuEAw1DvXMHIlMwQqhJl3IMyrR-lIrEdU,Trade_AI_Docs_v2/docs/project/SESSION_2026_05_29_SUMMARY.md,11712,,2026-05-30T00:37:48.792Z,9
SESSION_2026_05_29_SUMMARY.md,1XfPanF7Ib8YoBbvtrSND0XgvQEodZ1rQG06cak8MDXU,Trade_AI_Docs_v2/docs/project/SESSION_2026_05_29_SUMMARY.md,10809,,2026-05-29T18:15:14.781Z,9
SESSION_2026_05_29_SUMMARY.md,12OYmKdsMGPAi8eJzqnITF4W3lZz6yYR-7MJLA_BwLBk,Trade_AI_Docs_v2/docs/project/SESSION_2026_05_29_SUMMARY.md,10322,,2026-05-29T16:59:11.461Z,9
SESSION_2026_05_29_SUMMARY.md,1OkFyJ7LIrJWYcCOVvbaBHQE7AQtEcGP58FRubuXlKro,Trade_AI_Docs_v2/docs/project/SESSION_2026_05_29_SUMMARY.md,9263,,2026-05-29T16:02:36.438Z,9
SESSION_2026_05_29_SUMMARY.md,1d9a3nCJcIIOr1V5wJ5cqqB8mg7sMq3iEoqt9DEWKQpM,Trade_AI_Docs_v2/docs/project/SESSION_2026_05_29_SUMMARY.md,8706,,2026-05-29T15:45:28.388Z,9
SESSION_2026_05_29_SUMMARY.md,1ujHkov86BjQQYo64odP3zEp5W25Ym-4XS8QlU0KuVjo,Trade_AI_Docs_v2/docs/project/SESSION_2026_05_29_SUMMARY.md,7473,,2026-05-29T14:28:27.424Z,9
SESSION_2026_05_29_SUMMARY.md,1xL1zOasoP9Sjlh-ZIAsyaV07BuHMSKZHq7bGKLKn8_I,Trade_AI_Docs_v2/docs/project/SESSION_2026_05_29_SUMMARY.md,6210,,2026-05-29T14:03:09.976Z,9
SESSION_2026_05_29_SUMMARY.md,1xAt-aPk-jfY-MGl9Xv77JcMDq7dJJkP6hGGIgwGJq_g,Trade_AI_Docs_v2/docs/project/SESSION_2026_05_29_SUMMARY.md,4961,,2026-05-29T13:09:52.305Z,9
SESSION_23D_TECHNICAL_LEVELS_AND_PAPER_BRACKET_VALIDATION.md,1bGblLcV6RalWymLS64dEa_TCJPmMNIMAF-b45w5w2DY,Trade_AI_Docs_v2/docs/_archive/2026-05-08/SESSION_23D_TECHNICAL_LEVELS_AND_PAPER_BRACKET_VALIDATION.md,5592,,2026-05-21T03:07:09.104Z,2
SESSION_23D_TECHNICAL_LEVELS_AND_PAPER_BRACKET_VALIDATION.md,1UHcSIaVOFiF222bDyJJe6kCHMLyZ3-uz,Trade_AI_Docs_v2/docs/_archive/2026-05-08/SESSION_23D_TECHNICAL_LEVELS_AND_PAPER_BRACKET_VALIDATION.md,5248,,2026-05-17T23:21:20.479Z,2
SESSION_24A_PROPOSAL_LIFECYCLE_AND_GOVERNANCE_FOUNDATION.md,1PYtx7UwH8CG-x2FcSQH0oOdxrKmLr1QYqDaugYv8o8w,Trade_AI_Docs_v2/docs/_archive/2026-05-08/SESSION_24A_PROPOSAL_LIFECYCLE_AND_GOVERNANCE_FOUNDATION.md,4281,,2026-05-21T03:06:15.724Z,2
SESSION_24A_PROPOSAL_LIFECYCLE_AND_GOVERNANCE_FOUNDATION.md,15RyYkJF2gvQLp20OKDb8WmdoVkYs3yBB,Trade_AI_Docs_v2/docs/_archive/2026-05-08/SESSION_24A_PROPOSAL_LIFECYCLE_AND_GOVERNANCE_FOUNDATION.md,2752,,2026-05-17T23:21:01.209Z,2
SESSION_24B_STRATEGY_PLAYBOOK_WORKFLOW.md,1ZvUpB5DGRe-FWTdTtHT_4UZ-JPcha3dyGVVkKEdghwQ,Trade_AI_Docs_v2/docs/_archive/2026-05-08/SESSION_24B_STRATEGY_PLAYBOOK_WORKFLOW.md,10374,,2026-05-21T03:06:39.431Z,2
SESSION_24B_STRATEGY_PLAYBOOK_WORKFLOW.md,1uZUgPHC2hdOHns3bzYrRjJySutL-FMuZ,Trade_AI_Docs_v2/docs/_archive/2026-05-08/SESSION_24B_STRATEGY_PLAYBOOK_WORKFLOW.md,6912,,2026-05-17T23:21:08.533Z,2
SESSION_26B_LLM_REVIEW_FIXES.md,1LiDDPr3xyZN_7A8ufQniWakXwqqRFWdherjH49lVS1U,Trade_AI_Docs_v2/docs/_archive/2026-05-09_pre_cloud_rebuild/SESSION_26B_LLM_REVIEW_FIXES.md,15109,,2026-05-21T03:05:56.853Z,2
SESSION_26B_LLM_REVIEW_FIXES.md,1H7e5mGdplqygOBnj9E3JZAHBHdko7gGj,Trade_AI_Docs_v2/docs/_archive/2026-05-09_pre_cloud_rebuild/SESSION_26B_LLM_REVIEW_FIXES.md,12153,,2026-05-17T23:20:48.501Z,2
SESSION_27_TCA_RECONCILIATION_OUTCOMES.md,1umoNEvGkr3P22MDPFo_ktZ90eB3UKqS22JwxkyIPWXE,Trade_AI_Docs_v2/docs/_archive/2026-05-09_pre_cloud_rebuild/SESSION_27_TCA_RECONCILIATION_OUTCOMES.md,5722,,2026-05-21T03:05:49.795Z,2
SESSION_27_TCA_RECONCILIATION_OUTCOMES.md,1a0FvP-szAsAQ9TQRRa-fN3O72KFEXVO6,Trade_AI_Docs_v2/docs/_archive/2026-05-09_pre_cloud_rebuild/SESSION_27_TCA_RECONCILIATION_OUTCOMES.md,4774,,2026-05-17T23:20:45.096Z,2
SESSION_SUMMARY.md,1dE3RrKEWAOIN2MlOncUPPaiiEgYz4dKOVZpzNeFMxkA,Trade_AI_Docs_v2/docs/_archive/session_ui_fix_2026-05-15/SESSION_SUMMARY.md,3318,,2026-05-21T03:03:20.196Z,2
SESSION_SUMMARY.md,1pdhSAuFD7CpeG1hNGKtaSKBO4WsTLr5q,Trade_AI_Docs_v2/docs/_archive/session_ui_fix_2026-05-15/SESSION_SUMMARY.md,2065,,2026-05-17T23:18:02.057Z,2
SHFS_860_PRE_STATE.md,1TO4CGUflgccnc-Aj2tf5DoO4mZ5bUdJtZW7Krx9lSI0,Trade_AI_Docs_v2/docs/atm_lifecycle_v1_2026_05_29/shfs_860_dry_run/SHFS_860_PRE_STATE.md,2803,,2026-05-29T16:02:56.180Z,2
SHFS_860_PRE_STATE.md,17DZFe9pji8ZV5n1ZC-IRFFjblj0foayk4W9-2WBxMs4,Trade_AI_Docs_v2/docs/atm_lifecycle_v1_2026_05_29/proposal_backtest_enhancements/SHFS_860_PRE_STATE.md,3114,,2026-05-29T15:23:06.718Z,2
SIGNAL_INTELLIGENCE_PIPELINE.md,1qo0Mwo2BKOfeQXQ5VDdY-9pl83AjhlD0FrfS10L7IgA,Trade_AI_Docs_v2/docs/_archive/archive/2026-04-27_pre_bible/SIGNAL_INTELLIGENCE_PIPELINE.md,6244,,2026-05-21T02:48:50.733Z,3
SIGNAL_INTELLIGENCE_PIPELINE.md,1ihqRUyeUgJmQE3VeZ4gbaakguhHKOmM5,Trade_AI_Docs_v2/docs/_archive/archive/2026-04-27_pre_bible/SIGNAL_INTELLIGENCE_PIPELINE.md,4728,,2026-05-18T00:02:44.147Z,3
SIGNAL_INTELLIGENCE_PIPELINE.md,1FCTC9ptzIyvXzoZHIWOYvSy0vIVDNjlL,Trade_AI_Docs_v2/docs/archive/2026-04-27_pre_bible/SIGNAL_INTELLIGENCE_PIPELINE.md,4728,,2026-05-17T22:44:56.384Z,3
SKILL.md,1U5ZLF0SfXQKQY_DYsYAahoAg0mwJj-DaMhWVqdy4XC0,Trade_AI_Docs_v2/docs/_archive/archive/2026-04-27_pre_bible/SKILL.md,14072,,2026-05-21T02:47:54.274Z,6
SKILL.md,1pQPAQnD1sffOO0M3t3LBCA-QKs3px_XJ,Trade_AI_Docs_v2/docs/_archive/archive/2026-04-27_pre_bible/SKILL.md,13101,,2026-05-18T00:01:14.810Z,6
SKILL.md,12X2KvtuBH9_HaBNMvJ6cXsklIauMC-pYqcpivBoBAPc,Trade_AI_Docs_v2/docs/_archive/post_session35_cleanup_20260509/misc_obsolete/SKILL.md,42790,,2026-05-21T03:03:39.272Z,6
SKILL.md,1QbNaLa_g_SQKhqpbIQn6-d8la00TJKzS,Trade_AI_Docs_v2/docs/_archive/post_session35_cleanup_20260509/misc_obsolete/SKILL.md,49979,,2026-05-17T23:18:18.639Z,6
SKILL.md,19W-4UghMiGwXVCL0P4wA_UPmDZKH5Op_,Trade_AI_Docs_v2/docs/archive/2026-04-27_pre_bible/SKILL.md,13101,,2026-05-17T23:00:39.134Z,6
SKILL.md,18UK9YwzDNPCiC-VJVpCzZpjDGokr4jXn,Trade_AI_Docs_v2/docs/archive/2026-04-27_pre_bible/SKILL.md,13101,,2026-05-17T22:43:24.115Z,6
SKILLS.md,10N7EOiinmXMlEFZbfGSrSkPJhE0hpEdqzXCuSDL0bjU,Trade_AI_Docs_v2/docs/project/SKILLS.md,9037,,2026-05-21T02:33:00.319Z,2
SKILLS.md,1TrtP2WjhO8uaCZPuxzqRLgKG_Ytk1a9c,Trade_AI_Docs_v2/docs/project/SKILLS.md,7499,,2026-05-17T23:14:27.746Z,2
SKILL_updated.md,18S1sBJH6SQU-qtF-4yUdLwlAVKLAskE4qEque4TZG08,Trade_AI_Docs_v2/docs/_archive/archive/2026-04-27_pre_bible/SKILL_updated.md,39557,,2026-05-21T02:47:58.843Z,4
SKILL_updated.md,11ZQEjCeHEwRXXCddPhcblqAE2natN5gG,Trade_AI_Docs_v2/docs/_archive/archive/2026-04-27_pre_bible/SKILL_updated.md,27894,,2026-05-18T00:01:16.674Z,4
SKILL_updated.md,1Qjr6-1Wo0gkJvpi-EiGyikHk4dGSvvxT,Trade_AI_Docs_v2/docs/archive/2026-04-27_pre_bible/SKILL_updated.md,27894,,2026-05-17T23:00:40.830Z,4
SKILL_updated.md,1hpCAkUKkoFJM3W44OQ1VioWBX5uMWQXO,Trade_AI_Docs_v2/docs/archive/2026-04-27_pre_bible/SKILL_updated.md,27894,,2026-05-17T22:43:25.944Z,4
SKILL_v1_archive.md,1E-1Lqq3_AaQaVx8cwx_rT18TQaX9taBKjO9edeftSGo,Trade_AI_Docs_v2/docs/_archive/archive/2026-04-27_pre_bible/SKILL_v1_archive.md,26390,,2026-05-21T02:48:14.153Z,4
SKILL_v1_archive.md,1Fm_KkJCnJuItdspTvcUJR5hFt_H2yY9u,Trade_AI_Docs_v2/docs/_archive/archive/2026-04-27_pre_bible/SKILL_v1_archive.md,22855,,2026-05-18T00:01:23.706Z,4
SKILL_v1_archive.md,1iy0QbDsYvl6APcv9XIdlqGHBCopcPllI,Trade_AI_Docs_v2/docs/archive/2026-04-27_pre_bible/SKILL_v1_archive.md,22855,,2026-05-17T23:00:48.005Z,4
SKILL_v1_archive.md,18hT5EdxBoCGoV-wiODT2zEwiwMYewFfW,Trade_AI_Docs_v2/docs/archive/2026-04-27_pre_bible/SKILL_v1_archive.md,22855,,2026-05-17T22:43:33.207Z,4
SKILL_v2_archive.md,1eLS27IetkrSSg5Td3Jh_ggPmWt_7VzJi,Trade_AI_Docs_v2/docs/_archive/archive/2026-04-27_pre_bible/SKILL_v2_archive.md,27894,,2026-05-18T00:00:47.635Z,3
SKILL_v2_archive.md,1ZIFJnqhHBcADE-31ds-tRGGoIBPJtdp6,Trade_AI_Docs_v2/docs/archive/2026-04-27_pre_bible/SKILL_v2_archive.md,27894,,2026-05-17T23:00:11.188Z,3
SKILL_v2_archive.md,1sMX9p4-PNKBSOvn22ep5QVwC1SElcuhB,Trade_AI_Docs_v2/docs/archive/2026-04-27_pre_bible/SKILL_v2_archive.md,27894,,2026-05-17T22:42:57.696Z,3
SKILL_v37_final.md,1mJSGbnPUjqZYVO08BGN8cJA-4D31FDINAbe2p-yIx3A,Trade_AI_Docs_v2/docs/_archive/2026-05-08/SKILL_v37_final.md,23957,,2026-05-21T03:07:21.488Z,2
SKILL_v37_final.md,1rTHJ0LCjpSYuiwGXWspFd2-pKh88rCD5,Trade_AI_Docs_v2/docs/_archive/2026-05-08/SKILL_v37_final.md,20498,,2026-05-17T23:21:25.655Z,2
SKILL_v3_final.md,1j173ROyEOjazfbzq0BuYeJ40KT446K6uCLp5Dbw6tws,Trade_AI_Docs_v2/docs/_archive/archive/2026-04-27_pre_bible/SKILL_v3_final.md,19164,,2026-05-21T02:48:29.253Z,4
SKILL_v3_final.md,1dvCNBY2ufa1J_RkvpYRs7tFUfHba7Mzg,Trade_AI_Docs_v2/docs/_archive/archive/2026-04-27_pre_bible/SKILL_v3_final.md,16180,,2026-05-18T00:02:31.897Z,4
SKILL_v3_final.md,1Ioc4M3p1Z1EBETqVQS-vyiW6SEnWbKie,Trade_AI_Docs_v2/docs/archive/2026-04-27_pre_bible/SKILL_v3_final.md,16180,,2026-05-17T23:01:55.699Z,4
SKILL_v3_final.md,1480Uo9bPKva-sLWq4NhtcyCC2XXlNfFB,Trade_AI_Docs_v2/docs/archive/2026-04-27_pre_bible/SKILL_v3_final.md,16180,,2026-05-17T22:44:43.742Z,4
SKILL_v4_april16.md,1pKkn8jvJrzeafqxIX75yFb6yrZ8drNDbhNCYb7DZ-xI,Trade_AI_Docs_v2/docs/_archive/archive/2026-04-27_pre_bible/SKILL_v4_april16.md,12793,,2026-05-21T02:47:46.885Z,4
SKILL_v4_april16.md,1GScN3MS6C-ZYHDZA2MRIy_4IP4sEuCTL,Trade_AI_Docs_v2/docs/_archive/archive/2026-04-27_pre_bible/SKILL_v4_april16.md,11745,,2026-05-18T00:01:11.074Z,4
SKILL_v4_april16.md,1AAXWX9O2J7efFO2FxWpSeudkD8haBttW,Trade_AI_Docs_v2/docs/archive/2026-04-27_pre_bible/SKILL_v4_april16.md,11745,,2026-05-17T23:00:35.691Z,4
SKILL_v4_april16.md,1KGvVoyNQKRZ38sfJJQSz84chSamA8Wf8,Trade_AI_Docs_v2/docs/archive/2026-04-27_pre_bible/SKILL_v4_april16.md,11745,,2026-05-17T22:43:20.812Z,4
SOUL.md,1N6_cl7DFBR_iaaKmnFchDP02oc74zoWw,Trade_AI_Docs_v2/docs/iris/SOUL.md,2304,,2026-05-17T23:22:14.345Z,2
SOUL.md,1J2lVwVxhdgShRTygZbfalr_ogOMsdvmA6_KyJ8cFMFk,Trade_AI_Docs_v2/docs/_archive/2026-05-24_cleanup/completed_phases/iris/SOUL.md,2942,,2026-05-28T18:30:58.191Z,2
STOP_AND_TRADE_MANAGEMENT_AUDIT.md,1dH-rEM3nHB2eVKpGTjiOu5OtB34j5VxM,Trade_AI_Docs_v2/atm_audit_2026_05_26/STOP_AND_TRADE_MANAGEMENT_AUDIT.md,15072,,2026-05-26T15:22:14.861Z,3
STOP_AND_TRADE_MANAGEMENT_AUDIT.md,1uouYY62iGqQ8HP58bXJnwUGPdHKrEzaf,Trade_AI_Docs_v2/atm_audit_2026_05_26/STOP_AND_TRADE_MANAGEMENT_AUDIT.md,15072,,2026-05-26T15:20:52.940Z,3
STOP_AND_TRADE_MANAGEMENT_AUDIT.md,1l4Fb1o7GwPBKU1Rj8i4W9ifl3tDhCuDHHTj9USur0KE,Trade_AI_Docs_v2/docs/atm_audit_2026_05_26/STOP_AND_TRADE_MANAGEMENT_AUDIT.md,12855,,2026-05-28T17:00:00.798Z,3
STRATEGY_ROLLUP,1fbA0oOuBB5tf-WMe6M_6UQtjmPU9A7_qmZyDcZh7wCI,Trade_AI_Docs_v2/docs/atm_lifecycle_v1_2026_05_26/journal_learning_backtesting_v3_6_design/row_exports/STRATEGY_ROLLUP,1024,,2026-05-28T18:00:42.089Z,2
STRATEGY_ROLLUP,1OcSpyeNuuwW9TRk2wUVZYa1hg8EXP_TNCLTyZgYAYUk,Trade_AI_Docs_v2/docs/atm_lifecycle_v1_2026_05_26/llm_backtesting_workflow_v3_8_design/enrichment_2026_05_27/row_exports/STRATEGY_ROLLUP,1024,,2026-05-28T17:28:12.849Z,2
SUMMARY.md,1mjF4jD9rUltDVtmwzI034elkcMn2pWtMm-_wH0N8Gsw,Trade_AI_Docs_v2/docs/_archive/screener_schedule_2026-05-15/SUMMARY.md,2449,,2026-05-21T03:08:30.015Z,4
SUMMARY.md,1PpQ3l0uCt3kfwvyBVSdooBKM7GxX-Ifi,Trade_AI_Docs_v2/docs/_archive/screener_schedule_2026-05-15/SUMMARY.md,1146,,2026-05-17T23:22:01.204Z,4
SUMMARY.md,1QAmAPrLW2MEC-EKrO55X0sTTbZJCJ002viMGBEm6Kk0,Trade_AI_Docs_v2/docs/_archive/screener_filters_2026-05-15/SUMMARY.md,2636,,2026-05-21T03:05:43.310Z,4
SUMMARY.md,1QaZevYtOYc2oaYvDPWSnAm510NIAqmt3,Trade_AI_Docs_v2/docs/_archive/screener_filters_2026-05-15/SUMMARY.md,1385,,2026-05-17T23:20:33.114Z,4
SUPPLY_TRIAGE_2026-05-22.md,1oxx38khbXTFuQRHvO5dBNUsEe9Eyk9NNyKzOsReQh6k,Trade_AI_Docs_v2/docs/audits/SUPPLY_TRIAGE_2026-05-22.md,10372,,2026-05-22T13:53:53.220Z,2
SUPPLY_TRIAGE_2026-05-22.md,1lodwcs8i8sO5QCHuh0rcwHwlxpmKqqi53PaxRMygU-Q,Trade_AI_Docs_v2/docs/audits/SUPPLY_TRIAGE_2026-05-22.md,6769,,2026-05-22T13:09:28.090Z,2
SYNTHESIS_ENGINE.md,1gQUBTkM9El9MFXD0_CHrAQXU021oUbSivJEH10XYD94,Trade_AI_Docs_v2/docs/_archive/archive/2026-04-27_pre_bible/SYNTHESIS_ENGINE.md,19314,,2026-05-21T02:48:33.322Z,4
SYNTHESIS_ENGINE.md,1PhHvmFYLdV5ZUlaWgqLp-kWLxB-hFT32,Trade_AI_Docs_v2/docs/_archive/archive/2026-04-27_pre_bible/SYNTHESIS_ENGINE.md,16498,,2026-05-18T00:02:33.670Z,4
SYNTHESIS_ENGINE.md,1ofZCgbrWq34rb5veqcsEOZtmglf4WqLv,Trade_AI_Docs_v2/docs/archive/2026-04-27_pre_bible/SYNTHESIS_ENGINE.md,16498,,2026-05-17T23:01:57.442Z,4
SYNTHESIS_ENGINE.md,1L-amhoe7s_rORLipfk_shKDxLALmOWd9,Trade_AI_Docs_v2/docs/archive/2026-04-27_pre_bible/SYNTHESIS_ENGINE.md,16498,,2026-05-17T22:44:45.505Z,4
SYSTEM_ARCHITECTURE_COMPLETE.md,1hRgX2121peywhuMBGvTEp4LF9Xpbd5-Z,Trade_AI_Docs_v2/SYSTEM_ARCHITECTURE_COMPLETE.md,29747,,2026-05-26T14:57:16.060Z,5
SYSTEM_ARCHITECTURE_COMPLETE.md,1gRICK9XhPLBJaBmXcJZaNyT05xBDX0RvF9Vr9nyxIIM,Trade_AI_Docs_v2/docs/atm_audit_2026_05_26/SYSTEM_ARCHITECTURE_COMPLETE.md,31880,,2026-05-28T17:07:52.692Z,5
SYSTEM_ARCHITECTURE_COMPLETE.md,1ZRiEWz_oBzgygAF2j8kyZ2-JI7ovc4BrzAKPWQs6f6A,Trade_AI_Docs_v2/docs/project/SYSTEM_ARCHITECTURE_COMPLETE.md,31831,,2026-05-28T17:19:02.022Z,5
SYSTEM_ARCHITECTURE_COMPLETE.md,1zqFTSvw91NuHhdVShLZ3NSX72ENpjhMxHe5KYhX70Rw,Trade_AI_Docs_v2/docs/project/SYSTEM_ARCHITECTURE_COMPLETE.md,30959,,2026-05-21T02:32:44.696Z,5
SYSTEM_ARCHITECTURE_COMPLETE.md,1FCMm00OLM9zxlhsC7ZqJ0V-Taz_Xolp0,Trade_AI_Docs_v2/docs/project/SYSTEM_ARCHITECTURE_COMPLETE.md,29037,,2026-05-17T23:14:13.790Z,5
SYSTEM_AUDIT_2026-05-11.md,121QuXs73mFJw5D_JACYLbadEce5dHmaS5aU7qQODCQ8,Trade_AI_Docs_v2/docs/SYSTEM_AUDIT_2026-05-11.md,4716,,2026-05-21T03:09:45.578Z,2
SYSTEM_AUDIT_2026-05-11.md,1KB66p72nvJ2hq-Z_mCRr_a-8CVSeJtdl,Trade_AI_Docs_v2/docs/SYSTEM_AUDIT_2026-05-11.md,3628,,2026-05-17T23:22:09.836Z,2
SYSTEM_FACTS_LATEST.md,1BnJO1b52UgtsiTZjPO_6illTnhhDc2hRDC4ykMKS0jc,Trade_AI_Docs_v2/docs/_archive/2026-05-24_cleanup/completed_phases/current_state/SYSTEM_FACTS_LATEST.md,2476,,2026-05-28T18:12:45.254Z,16
SYSTEM_FACTS_LATEST.md,1qIdrZW9MebqHOcsDAeBseYwdmQI6UdIJ,Trade_AI_Docs_v2/docs/current_state/SYSTEM_FACTS_LATEST.md,986,,2026-05-17T23:16:49.586Z,16
SYSTEM_FACTS_LATEST.md,1rMsRUtOjVLri4K3iy6fkLZbd6nvvmVUFYfxCvjvM9Vc,Trade_AI_Docs_v2/docs/project/SYSTEM_FACTS_LATEST.md,2963,,2026-05-23T00:06:01.323Z,16
SYSTEM_FACTS_LATEST.md,11XAllCAh5O86HwI2-7ePeasE1BgNHzfeIZO9U34OwB8,Trade_AI_Docs_v2/docs/project/SYSTEM_FACTS_LATEST.md,2967,,2026-05-23T00:02:29.355Z,16
SYSTEM_FACTS_LATEST.md,1DyEYMvzLnirSxEqqnDtjuNjwH_4DF3G4O_GYPYx76FA,Trade_AI_Docs_v2/docs/project/SYSTEM_FACTS_LATEST.md,2966,,2026-05-22T23:34:03.908Z,16
SYSTEM_FACTS_LATEST.md,1hwAscQNiXe0sARY6gMQBrhhNN-OD-vCyDWmukVf-QZE,Trade_AI_Docs_v2/docs/project/SYSTEM_FACTS_LATEST.md,2966,,2026-05-22T23:28:35.373Z,16
SYSTEM_FACTS_LATEST.md,1mQkj8edmgeE76XkQnA5hANA8hFjB_PEI0JoxDQb3UXM,Trade_AI_Docs_v2/docs/project/SYSTEM_FACTS_LATEST.md,2988,,2026-05-22T23:10:39.701Z,16
SYSTEM_FACTS_LATEST.md,1VweRyeZDpTT_BtxrE49xusAChnLz7E_jmLazKuZwwwo,Trade_AI_Docs_v2/docs/project/SYSTEM_FACTS_LATEST.md,2986,,2026-05-22T23:01:12.311Z,16
SYSTEM_FACTS_LATEST.md,1cQRWwAUwCbeD0ovWVDEpX69ys4Kj-_yh3m8AR_FHISw,Trade_AI_Docs_v2/docs/project/SYSTEM_FACTS_LATEST.md,2954,,2026-05-22T22:52:56.068Z,16
SYSTEM_FACTS_LATEST.md,1WGySVU642nsWQHNqTAgs3YStidWNzVTyaLCstmBuFaQ,Trade_AI_Docs_v2/docs/project/SYSTEM_FACTS_LATEST.md,2983,,2026-05-22T21:43:29.038Z,16
SYSTEM_FACTS_LATEST.md,13pljLS9n683oTa4z5IHcq0uQ8VnmngQESTbe3d1ddi0,Trade_AI_Docs_v2/docs/project/SYSTEM_FACTS_LATEST.md,2963,,2026-05-22T21:32:40.821Z,16
SYSTEM_FACTS_LATEST.md,1L8rDMtTVF2ydsQCrK0mLSp-BxLjfZZP5t6ZNTRNTI8M,Trade_AI_Docs_v2/docs/project/SYSTEM_FACTS_LATEST.md,2923,,2026-05-22T20:28:33.726Z,16
SYSTEM_FACTS_LATEST.md,1GzhtjHy9kFPcVsHbbW5c_cX72Bj6R_bfmpRqSWqc2zw,Trade_AI_Docs_v2/docs/project/SYSTEM_FACTS_LATEST.md,5267,,2026-05-22T20:03:17.912Z,16
SYSTEM_FACTS_LATEST.md,1Jy4vwp3tMEX_zlb_2w9xJLuWhJybhOfnMZwiRaDayXg,Trade_AI_Docs_v2/docs/project/SYSTEM_FACTS_LATEST.md,4363,,2026-05-21T02:32:57.033Z,16
SYSTEM_FACTS_LATEST.md,1_ckzcc6gR-mNgxVfRNWdq84QzI3Wi7yj,Trade_AI_Docs_v2/docs/project/SYSTEM_FACTS_LATEST.md,6310,,2026-05-19T00:41:17.288Z,16
SYSTEM_FACTS_LATEST.md,1Y8m8hNhaANdRTx3mHr_pDKcKmxgT7Hck,Trade_AI_Docs_v2/docs/project/SYSTEM_FACTS_LATEST.md,6161,,2026-05-17T23:14:25.984Z,16
SYSTEM_MATURITY_AUDIT.md,1ys4_F8fTcw4AKsI8zWprOuyHjgVVpWiftkPCZ-vuAUE,Trade_AI_Docs_v2/docs/_archive/2026-05-15_session_43/SYSTEM_MATURITY_AUDIT.md,7170,,2026-05-21T03:08:26.928Z,2
SYSTEM_MATURITY_AUDIT.md,1_9Bk2IAAkfPlw3omw8y4SsobonGGsxpU,Trade_AI_Docs_v2/docs/_archive/2026-05-15_session_43/SYSTEM_MATURITY_AUDIT.md,7291,,2026-05-17T23:21:58.064Z,2
SectionHeader.tsx,132b2pDB4MzRZlVysdeCrvlnX5c1d1t-d,Trade_AI_Docs_v2/docs/ui_redesign/source_snapshot/components/SectionHeader.tsx,960,,2026-05-28T18:44:34.707Z,3
SectionHeader.tsx,1B4R9tQIdNHONEKC0CYZxQT3WjlbqWVrP,Trade_AI_Docs_v2/docs/_archive/archive/2026-04-27_pre_bible/morning_brief_redesign_kit/components/SectionHeader.tsx,955,,2026-05-18T00:01:40.837Z,3
SectionHeader.tsx,1W5nK9yURixlwi6wmawCBD2GQcb8plFTt,Trade_AI_Docs_v2/docs/archive/2026-04-27_pre_bible/morning_brief_redesign_kit/components/SectionHeader.tsx,955,,2026-05-17T22:43:50.292Z,3
SectionHeader.tsx.md,10qLiEXhQSoAOPqSWpAs07qirEknhh-SB,Trade_AI_Docs_v2/ui_redesign/designer_workspace/current_source_text/SectionHeader.tsx.md,1341,,2026-05-25T15:43:55.986Z,2
SectionHeader.tsx.md,1LPWD-wlR0YxqHjNIXAafDnxPj9okpzNAvCSOHVaOgl0,Trade_AI_Docs_v2/docs/ui_redesign/designer_workspace/current_source_text/SectionHeader.tsx.md,3652,,2026-05-28T18:47:50.339Z,2
SelfImprovement.tsx,1dzVnfw4H8rkiCEeuzENT8Au6Y3YfE-Rt,Trade_AI_Docs_v2/ui_redesign/source_snapshot/SelfImprovement.tsx,9792,,2026-05-25T14:41:16.655Z,3
SelfImprovement.tsx,1ikb51xRunSgsLN90089A9meb6F1DzxfS,Trade_AI_Docs_v2/docs/ui_redesign/designer_workspace/backups/phase5_self_improvement_apply_20260525_1803/SelfImprovement.tsx,9792,,2026-05-28T18:51:59.555Z,3
SelfImprovement.tsx,1lJWHxlQ-ZvEx0xZsbC9ALgCMk6W_8VdC,Trade_AI_Docs_v2/docs/ui_redesign/source_snapshot/pages/SelfImprovement.tsx,9792,,2026-05-28T18:45:28.761Z,3
SelfImprovement.tsx.REPLACEMENT.md,1xpUhKxS6IQBF2yqH48GN6L4Z6gDkD-3Q,Trade_AI_Docs_v2/ui_redesign/designer_workspace/designed_replacements/phase5_self_improvement_polish/SelfImprovement.tsx.REPLACEMENT.md,13589,,2026-05-25T21:52:08.433Z,5
SelfImprovement.tsx.REPLACEMENT.md,1LshUEHwijrEesAx2WyoofhGFsAdEcZqD,Trade_AI_Docs_v2/ui_redesign/designer_workspace/designed_replacements/SelfImprovement.tsx.REPLACEMENT.md,420,,2026-05-25T15:44:47.306Z,5
SelfImprovement.tsx.REPLACEMENT.md,1v6Ae2KTkUCVgPQfZvKiKgzYOTxEzRTJmeYKGNjIkqQE,Trade_AI_Docs_v2/docs/ui_redesign/designer_workspace/designed_replacements/phase5_self_improvement_polish/SelfImprovement.tsx.REPLACEMENT.md,22501,,2026-05-28T18:56:29.793Z,5
SelfImprovement.tsx.REPLACEMENT.md,1fTGrJ_wJs3XejBNmfp2tPvhLJijm-4dTU-dK38iONiI,Trade_AI_Docs_v2/docs/ui_redesign/designer_workspace/designed_replacements/SelfImprovement.tsx.REPLACEMENT.md,1724,,2026-05-28T18:56:04.109Z,5
SelfImprovement.tsx.REPLACEMENT.md,111K6n5AAh_kFuC3Be6oXoT-X74Cg1pP9j6Mkht0eRas,Trade_AI_Docs_v2/docs/ui_redesign/designer_workspace/backups/phase5_self_improvement_apply_20260525_1803/SelfImprovement.tsx.REPLACEMENT.md,22501,,2026-05-28T18:52:10.244Z,5
SelfImprovement.tsx.md,1mZ1VlcEdincOfiIvYhqJiTe4T4-_ko9w,Trade_AI_Docs_v2/ui_redesign/designer_workspace/current_source_text/SelfImprovement.tsx.md,10173,,2026-05-25T15:43:57.766Z,2
SelfImprovement.tsx.md,1DQkj6wwhCvw4a1KOeddGurcUVGG0XcrDsb9BN7oZZ5w,Trade_AI_Docs_v2/docs/ui_redesign/designer_workspace/current_source_text/SelfImprovement.tsx.md,16880,,2026-05-28T18:49:20.732Z,2
SeverityBadge.tsx.REPLACEMENT.md,140XEHk_Oi1MPJyEl39ZvLNqGygq6ejaZ,Trade_AI_Docs_v2/ui_redesign/designer_workspace/designed_replacements/phase1_5_ui_primitives/SeverityBadge.tsx.REPLACEMENT.md,2383,,2026-05-25T16:12:24.575Z,3
SeverityBadge.tsx.REPLACEMENT.md,1H6VJBmBG0SBXLgiuWytJ_8YKhuXzzsTnDkgyyrxqSoc,Trade_AI_Docs_v2/docs/ui_redesign/designer_workspace/designed_replacements/phase1_5_ui_primitives/SeverityBadge.tsx.REPLACEMENT.md,5798,,2026-05-28T18:55:20.148Z,3
SeverityBadge.tsx.REPLACEMENT.md,1KjlFaR8ohUG6bQFuAdKs2VcsxOo8HIKWgn5ZR-BQtak,Trade_AI_Docs_v2/docs/ui_redesign/designer_workspace/backups/phase1_5_ui_primitives_apply_20260525_1216/SeverityBadge.tsx.REPLACEMENT.md,5798,,2026-05-28T18:50:09.732Z,3
Shell.module.css,1kecvIFxgvyET98IMFKw6Cxu7sdkziVed,Trade_AI_Docs_v2/docs/ui_redesign/source_snapshot/components/Shell.module.css,6325,,2026-05-28T18:44:54.394Z,3
Shell.module.css,15cQEQfyZcYko3SZrQQewspH7jWjVMQN4,Trade_AI_Docs_v2/docs/_archive/archive/2026-04-27_pre_bible/morning_brief_redesign_kit/styles/Shell.module.css,3350,,2026-05-18T00:02:13.500Z,3
Shell.module.css,1pKl_UATMK990l5emc_rDT4jm5o2S2M_C,Trade_AI_Docs_v2/docs/archive/2026-04-27_pre_bible/morning_brief_redesign_kit/styles/Shell.module.css,3350,,2026-05-17T22:44:23.137Z,3
Shell.module.css.md,1dlgStj6t_dF4q6RQ6NuiwetwsvcH24Vx,Trade_AI_Docs_v2/ui_redesign/designer_workspace/current_source_text/Shell.module.css.md,6705,,2026-05-25T15:43:59.073Z,2
Shell.module.css.md,10AyZBN00BZGO0rWT2JoiGvKD49uVEg-pSrzucn95NS0,Trade_AI_Docs_v2/docs/ui_redesign/designer_workspace/current_source_text/Shell.module.css.md,16563,,2026-05-28T18:48:06.978Z,2
Shell.tsx,1svSDV2LSr5cxamNP-WJ0AuLUKbZBgYJ7,Trade_AI_Docs_v2/ui_redesign/source_snapshot/Shell.tsx,13325,,2026-05-25T14:41:21.925Z,5
Shell.tsx,1A-Gii_Ie4y7hhTvwXV7chAAoGS4g9-nS,Trade_AI_Docs_v2/docs/ui_redesign/designer_workspace/backups/phase1_nav_apply_20260525_1202/Shell.tsx,13325,,2026-05-28T18:50:37.994Z,5
Shell.tsx,1Nw5bVIKLN3x99o9oqQ92tkMzATS2uRNU,Trade_AI_Docs_v2/docs/ui_redesign/source_snapshot/components/Shell.tsx,13325,,2026-05-28T18:44:43.424Z,5
Shell.tsx,1KfJpoLqJQrGQKx0n1qnbKooo7PC2iU2-,Trade_AI_Docs_v2/docs/_archive/archive/2026-04-27_pre_bible/morning_brief_redesign_kit/components/Shell.tsx,6197,,2026-05-18T00:01:44.516Z,5
Shell.tsx,1tPC6R8hi4NHlbY5PRGfLFALl-6fpzSYx,Trade_AI_Docs_v2/docs/archive/2026-04-27_pre_bible/morning_brief_redesign_kit/components/Shell.tsx,6197,,2026-05-17T22:43:53.811Z,5
Shell.tsx.REPLACEMENT.md,1oepbJ_q-2fV29prwZ_N80atCKaqaRafr,Trade_AI_Docs_v2/ui_redesign/designer_workspace/designed_replacements/Shell.tsx.REPLACEMENT.md,14749,,2026-05-25T16:00:07.484Z,4
Shell.tsx.REPLACEMENT.md,1z0CaQeYjULf3wA5TFTLqln8Fk7tnftH0,Trade_AI_Docs_v2/ui_redesign/designer_workspace/designed_replacements/Shell.tsx.REPLACEMENT.md,395,,2026-05-25T15:44:48.621Z,4
Shell.tsx.REPLACEMENT.md,1HFUtovXXcG4v__4BG1F6xEQUczkTaA9pw8SQ0oPpMyY,Trade_AI_Docs_v2/docs/ui_redesign/designer_workspace/designed_replacements/Shell.tsx.REPLACEMENT.md,25469,,2026-05-28T18:56:12.303Z,4
Shell.tsx.REPLACEMENT.md,1QUohbLvSmFp3wgLs-Am8JxHNBj_PI8jJOnB-qLRVKxE,Trade_AI_Docs_v2/docs/ui_redesign/designer_workspace/backups/phase1_nav_apply_20260525_1202/Shell.tsx.REPLACEMENT.md,25464,,2026-05-28T18:50:43.212Z,4
Shell.tsx.md,1vXDF7l_OaroLFOKOZ9Gezyw8fjYPEp09,Trade_AI_Docs_v2/ui_redesign/designer_workspace/current_source_text/Shell.tsx.md,13692,,2026-05-25T15:44:00.450Z,2
Shell.tsx.md,1zRdMlVzoHFHCK_JTxAgCa1WUcxogOBn8-adtXKf7cpI,Trade_AI_Docs_v2/docs/ui_redesign/designer_workspace/current_source_text/Shell.tsx.md,24550,,2026-05-28T18:49:17.066Z,2
StateCard.tsx.REPLACEMENT.md,1W-SQYe2Qse2Jx8FPfdT2uuhNJZTWsIPU,Trade_AI_Docs_v2/ui_redesign/designer_workspace/designed_replacements/phase1_5_ui_primitives/StateCard.tsx.REPLACEMENT.md,3307,,2026-05-25T16:12:25.931Z,3
StateCard.tsx.REPLACEMENT.md,1KKSJEfyEgMHiaNkCfn4V7ETRjzgN7HN08G5o_A7YsaE,Trade_AI_Docs_v2/docs/ui_redesign/designer_workspace/designed_replacements/phase1_5_ui_primitives/StateCard.tsx.REPLACEMENT.md,7211,,2026-05-28T18:55:13.239Z,3
StateCard.tsx.REPLACEMENT.md,1zDtoDo6ipKUy752G89oTWdmZnsr7GEnc5DTfuqbynyI,Trade_AI_Docs_v2/docs/ui_redesign/designer_workspace/backups/phase1_5_ui_primitives_apply_20260525_1216/StateCard.tsx.REPLACEMENT.md,7208,,2026-05-28T18:50:03.075Z,3
StatusBadge.tsx.REPLACEMENT.md,1P9iuJq0RuWBuXfNhEvX3NXBWj73SCJX_,Trade_AI_Docs_v2/ui_redesign/designer_workspace/designed_replacements/phase1_5_ui_primitives/StatusBadge.tsx.REPLACEMENT.md,2497,,2026-05-25T16:12:27.438Z,3
StatusBadge.tsx.REPLACEMENT.md,18F_nf_fM7wYglSqz49sXkO89NeJQ4BoyM2-uM5dQjKY,Trade_AI_Docs_v2/docs/ui_redesign/designer_workspace/designed_replacements/phase1_5_ui_primitives/StatusBadge.tsx.REPLACEMENT.md,6255,,2026-05-28T18:55:23.988Z,3
StatusBadge.tsx.REPLACEMENT.md,1dWvJwUtGvc5wxdTNtal_pa8GZIEwQtBRiiasFEhOlLM,Trade_AI_Docs_v2/docs/ui_redesign/designer_workspace/backups/phase1_5_ui_primitives_apply_20260525_1216/StatusBadge.tsx.REPLACEMENT.md,6252,,2026-05-28T18:50:16.531Z,3
SystemHealth.tsx,1u7_62ugaLM6btV2F9SXPr13C9WKoRFcS,Trade_AI_Docs_v2/ui_redesign/source_snapshot/SystemHealth.tsx,9167,,2026-05-25T14:41:17.886Z,4
SystemHealth.tsx,11DIhMRAGawkA2vO3PrJcUMLvKACDgcKG,Trade_AI_Docs_v2/docs/ui_redesign/designer_workspace/backups/phase2b_automation_trust_apply_20260525_1345/SystemHealth.tsx,9167,,2026-05-28T18:51:24.438Z,4
SystemHealth.tsx,1Z9pcGzGkvWAsUlAvSEC4SBb3pGLq1MUU,Trade_AI_Docs_v2/docs/ui_redesign/source_snapshot/pages/SystemHealth.tsx,9167,,2026-05-28T18:45:38.362Z,4
SystemHealth.tsx,1Om57YcIclBE9bgYlhykjAZlXJ_jWlJo2,Trade_AI_Docs_v2/docs/atm_audit_2026_05_26/source_snapshot/SystemHealth.tsx,17052,,2026-05-28T17:05:36.268Z,4
SystemHealth.tsx.REPLACEMENT.md,1lrzKAqQZUcPLAidIOCJMkWH33M0PrWe4,Trade_AI_Docs_v2/ui_redesign/designer_workspace/designed_replacements/phase2b_automation_trust/SystemHealth.tsx.REPLACEMENT.md,10626,,2026-05-25T18:00:39.640Z,6
SystemHealth.tsx.REPLACEMENT.md,1VXn5DHX6HHWj65R5KiZXjup6Cgxg5jZo,Trade_AI_Docs_v2/ui_redesign/designer_workspace/designed_replacements/SystemHealth.tsx.REPLACEMENT.md,411,,2026-05-25T15:44:50.091Z,6
SystemHealth.tsx.REPLACEMENT.md,12Z_ANG_fxjI_CpV3PI-wvmu_PcA9fhPczEbqa-O_Sdo,Trade_AI_Docs_v2/docs/ui_redesign/designer_workspace/designed_replacements/phase2b_automation_trust/SystemHealth.tsx.REPLACEMENT.md,18173,,2026-05-28T18:55:41.542Z,6
SystemHealth.tsx.REPLACEMENT.md,1aM2Rv_BUbg1IsCkHeLhrFCP-T8uOA0vkNSpgRKwOG_M,Trade_AI_Docs_v2/docs/ui_redesign/designer_workspace/designed_replacements/SystemHealth.tsx.REPLACEMENT.md,1724,,2026-05-28T18:54:09.238Z,6
SystemHealth.tsx.REPLACEMENT.md,1bCZa_0aEuY6lPio41rV8s26Y2PviFNQkmDsPwscXhqA,Trade_AI_Docs_v2/docs/ui_redesign/designer_workspace/backups/phase2b_automation_trust_apply_20260525_1345/SystemHealth.tsx.REPLACEMENT.md,18173,,2026-05-28T18:51:07.695Z,6
SystemHealth.tsx.REPLACEMENT.md,1tu_tI7Z0lY5cKuP2rkmNIwfeDOR_VhrxxmUNpn3pzBQ,Trade_AI_Docs_v2/docs/atm_lifecycle_v1_2026_05_26/designed_replacements/SystemHealth.tsx.REPLACEMENT.md,1529,,2026-05-28T17:55:37.760Z,6
SystemHealth.tsx.md,1SO72ERqnJOXAHz7UdJmyajOfer-qrr0G,Trade_AI_Docs_v2/ui_redesign/designer_workspace/current_source_text/SystemHealth.tsx.md,9542,,2026-05-25T15:44:01.823Z,2
SystemHealth.tsx.md,1zKkAsnq1OIF8Yf_35Ek3sg9hs2zP_ChC-VZOwGDHn6E,Trade_AI_Docs_v2/docs/ui_redesign/designer_workspace/current_source_text/SystemHealth.tsx.md,17201,,2026-05-28T18:47:23.371Z,2
TCA_ROWS,1Wj5c3Gnk5MO1y0_2AzVLEokF48oC-3mOpzvPFMC3Zgg,Trade_AI_Docs_v2/docs/atm_lifecycle_v1_2026_05_26/journal_learning_backtesting_v3_6_design/row_exports/TCA_ROWS,2048,,2026-05-28T18:00:38.460Z,2
TCA_ROWS,1mgL6VYekspq6xTAokuHJEnucNxgEJvuNxcIb5qu004Y,Trade_AI_Docs_v2/docs/atm_lifecycle_v1_2026_05_26/llm_backtesting_workflow_v3_8_design/enrichment_2026_05_27/row_exports/TCA_ROWS,1838,,2026-05-28T17:28:09.345Z,2
TRADE_AI_CLASSIFICATION_RULE_ENGINE_AND_MARL_BLUEPRINT.md,14rvBTFMiyRepEGTmoipFF2Iig8tufFH4KvLXrY_9gy0,Trade_AI_Docs_v2/docs/_archive/archive/2026-04-27_pre_bible/handoff_2026-04-19/TRADE_AI_CLASSIFICATION_RULE_ENGINE_AND_MARL_BLUEPRINT.md,44080,,2026-05-21T02:59:22.634Z,4
TRADE_AI_CLASSIFICATION_RULE_ENGINE_AND_MARL_BLUEPRINT.md,1-w0tFs0c3bJnuQyQqON9sBPSYq5LYB9m,Trade_AI_Docs_v2/docs/_archive/archive/2026-04-27_pre_bible/handoff_2026-04-19/TRADE_AI_CLASSIFICATION_RULE_ENGINE_AND_MARL_BLUEPRINT.md,25596,,2026-05-18T00:08:11.980Z,4
TRADE_AI_CLASSIFICATION_RULE_ENGINE_AND_MARL_BLUEPRINT.md,1XUnyE3aAEgJvgzrexSRFJfVk4TT5YqPf,Trade_AI_Docs_v2/docs/archive/2026-04-27_pre_bible/handoff_2026-04-19/TRADE_AI_CLASSIFICATION_RULE_ENGINE_AND_MARL_BLUEPRINT.md,25596,,2026-05-17T23:07:39.833Z,4
TRADE_AI_CLASSIFICATION_RULE_ENGINE_AND_MARL_BLUEPRINT.md,1SxvWyk0bwbIlAuRXPGJoIq6VzBaCaxrS,Trade_AI_Docs_v2/docs/archive/2026-04-27_pre_bible/handoff_2026-04-19/TRADE_AI_CLASSIFICATION_RULE_ENGINE_AND_MARL_BLUEPRINT.md,25596,,2026-05-17T22:50:28.247Z,4
TRADE_AI_EXECUTION_GATE_ARCHITECTURE.md,1B5XRcjqORQeh9UBM_jS9ByI8_zif9foqIIHpBmhCFro,Trade_AI_Docs_v2/docs/_archive/2026-05-08/TRADE_AI_EXECUTION_GATE_ARCHITECTURE.md,17309,,2026-05-21T03:06:12.368Z,2
TRADE_AI_EXECUTION_GATE_ARCHITECTURE.md,1A0VUiY9iCcDJxaJTZm8YpC4G0FALDV3F,Trade_AI_Docs_v2/docs/_archive/2026-05-08/TRADE_AI_EXECUTION_GATE_ARCHITECTURE.md,10828,,2026-05-17T23:20:59.559Z,2
TRADE_AI_STRATEGY_PLAYBOOK_v1.0.md,1BMtb3wiRvA9Fh1UePEW6wORtpHFc_tTVfGEX5N7LcGU,Trade_AI_Docs_v2/docs/_archive/2026-05-24_cleanup/old_versions/TRADE_AI_STRATEGY_PLAYBOOK_v1.0.md,36396,,2026-05-28T18:42:21.281Z,3
TRADE_AI_STRATEGY_PLAYBOOK_v1.0.md,1v_3-DUtI3hwSVjLR2MI8VkDD0uR0B1SVn9ngH_Nwmgg,Trade_AI_Docs_v2/docs/project/TRADE_AI_STRATEGY_PLAYBOOK_v1.0.md,36451,,2026-05-21T02:32:53.553Z,3
TRADE_AI_STRATEGY_PLAYBOOK_v1.0.md,1gOnceWuAfwhAEipH8m-KEqoAoR6_YtMt,Trade_AI_Docs_v2/docs/project/TRADE_AI_STRATEGY_PLAYBOOK_v1.0.md,34290,,2026-05-17T23:14:20.638Z,3
TRADE_AI_V12_SYSTEM_BIBLE_V1_0.md,1QOxCK9Vct3OZgGixC4cD_0d-1iDgTqW_s0NiCPcBJNU,Trade_AI_Docs_v2/docs/_archive/archive/2026-04-28_pre_bible/TRADE_AI_V12_SYSTEM_BIBLE_V1_0.md,17942,,2026-05-21T03:02:47.696Z,3
TRADE_AI_V12_SYSTEM_BIBLE_V1_0.md,19IZs5xGc-Dmh7HlYbHwcm90K8R16QxHf,Trade_AI_Docs_v2/docs/_archive/archive/2026-04-28_pre_bible/TRADE_AI_V12_SYSTEM_BIBLE_V1_0.md,19657,,2026-05-18T00:10:16.971Z,3
TRADE_AI_V12_SYSTEM_BIBLE_V1_0.md,1PX5KfecA59C-bWVLnZx4NmhsDI2maCeb,Trade_AI_Docs_v2/docs/archive/2026-04-28_pre_bible/TRADE_AI_V12_SYSTEM_BIBLE_V1_0.md,19657,,2026-05-17T22:52:32.152Z,3
TRADE_AI_V12_SYSTEM_BIBLE_V1_1.md,1CjHhCc0UGH5soPcvG0BVKulN7eghJmmlvSDysc3PPag,Trade_AI_Docs_v2/docs/_archive/archive/2026-04-28_pre_bible/TRADE_AI_V12_SYSTEM_BIBLE_V1_1.md,10274,,2026-05-21T03:02:43.737Z,3
TRADE_AI_V12_SYSTEM_BIBLE_V1_1.md,1c2EAvBTDbbaT-CflaKQbkRIljHyfVQcW,Trade_AI_Docs_v2/docs/_archive/archive/2026-04-28_pre_bible/TRADE_AI_V12_SYSTEM_BIBLE_V1_1.md,10409,,2026-05-18T00:10:15.103Z,3
TRADE_AI_V12_SYSTEM_BIBLE_V1_1.md,1dCwhmlhb5wyb_OLNeKp0F0oCC5NDLKC8,Trade_AI_Docs_v2/TRADE_AI_V12_SYSTEM_BIBLE_V1_1.md,10409,,2026-05-17T22:52:29.905Z,3
TRADE_AI_V12_SYSTEM_BIBLE_V2_0.md,1G3v884k7wQr30NpIQNAus3QjNv4aKfvYyCy8NpTFLls,Trade_AI_Docs_v2/docs/_archive/archive/2026-04-28_pre_v2.1/TRADE_AI_V12_SYSTEM_BIBLE_V2_0.md,18828,,2026-05-21T03:02:25.434Z,3
TRADE_AI_V12_SYSTEM_BIBLE_V2_0.md,1rOvuxbWsJpPJNSmjEgRljVrVrZNq4NOH,Trade_AI_Docs_v2/docs/_archive/archive/2026-04-28_pre_v2.1/TRADE_AI_V12_SYSTEM_BIBLE_V2_0.md,19186,,2026-05-18T00:09:59.880Z,3
TRADE_AI_V12_SYSTEM_BIBLE_V2_0.md,11PVCv7GDbHqvXKHol94I7jhh3Luw0wgI,Trade_AI_Docs_v2/TRADE_AI_V12_SYSTEM_BIBLE_V2_0.md,19186,,2026-05-17T22:52:15.473Z,3
TRADE_AI_V12_SYSTEM_BIBLE_V2_1.md,1VZEoO1hDyNGeGruB_Fliw2OO52248z_treV6kF3tgmo,Trade_AI_Docs_v2/docs/_archive/archive/2026-04-28_pre_v2.2/TRADE_AI_V12_SYSTEM_BIBLE_V2_1.md,17801,,2026-05-21T02:46:45.259Z,3
TRADE_AI_V12_SYSTEM_BIBLE_V2_1.md,1JObnrykjwozHITI8rj5W7M-sfysIZwFM,Trade_AI_Docs_v2/docs/_archive/archive/2026-04-28_pre_v2.2/TRADE_AI_V12_SYSTEM_BIBLE_V2_1.md,15950,,2026-05-18T00:00:00.988Z,3
TRADE_AI_V12_SYSTEM_BIBLE_V2_1.md,1LS3Qq7Qx8S4kBg911PmeCRiXd_1wrGJj,Trade_AI_Docs_v2/TRADE_AI_V12_SYSTEM_BIBLE_V2_1.md,15950,,2026-05-17T22:42:11.465Z,3
TRADE_AI_V12_SYSTEM_BIBLE_V2_10.md,1Yi1iw4xsXUBzIEWQ3Fvmq9NgOlxFtoNkYRuwuBsccPQ,Trade_AI_Docs_v2/docs/_archive/archive/2026-04-28_pre_v2.11/TRADE_AI_V12_SYSTEM_BIBLE_V2_10.md,7428,,2026-05-21T02:46:36.718Z,3
TRADE_AI_V12_SYSTEM_BIBLE_V2_10.md,1DuN0fEx2Xp3Yvh4spbieNY-cZTyczP3W,Trade_AI_Docs_v2/docs/_archive/archive/2026-04-28_pre_v2.11/TRADE_AI_V12_SYSTEM_BIBLE_V2_10.md,6267,,2026-05-17T23:59:54.971Z,3
TRADE_AI_V12_SYSTEM_BIBLE_V2_10.md,1btZW8Yk3oaL3yOVzfbbz37gWdnWIUwXT,Trade_AI_Docs_v2/TRADE_AI_V12_SYSTEM_BIBLE_V2_10.md,6267,,2026-05-17T22:42:05.230Z,3
TRADE_AI_V12_SYSTEM_BIBLE_V2_11.md,1AJd02e87lwNNVXZimhbDcwb-CXjeRuyPwkE2VzAjr80,Trade_AI_Docs_v2/docs/_archive/archive/2026-04-28_pre_v2.12/TRADE_AI_V12_SYSTEM_BIBLE_V2_11.md,4010,,2026-05-21T03:02:32.350Z,3
TRADE_AI_V12_SYSTEM_BIBLE_V2_11.md,1eRYnZvKbU4YJVJbimdIFv1M3NQE5hGzV,Trade_AI_Docs_v2/docs/_archive/archive/2026-04-28_pre_v2.12/TRADE_AI_V12_SYSTEM_BIBLE_V2_11.md,2748,,2026-05-18T00:10:05.506Z,3
TRADE_AI_V12_SYSTEM_BIBLE_V2_11.md,1jGknqiF824NGmCMgtQykGsC8FzujeXTE,Trade_AI_Docs_v2/TRADE_AI_V12_SYSTEM_BIBLE_V2_11.md,2748,,2026-05-17T22:52:21.270Z,3
TRADE_AI_V12_SYSTEM_BIBLE_V2_12.md,1sVkrArG92smgarPfF8J-JSJVcBxSW495tu3E4-Swdas,Trade_AI_Docs_v2/docs/_archive/archive/2026-04-28_pre_v2.13/TRADE_AI_V12_SYSTEM_BIBLE_V2_12.md,3787,,2026-05-21T03:02:35.928Z,3
TRADE_AI_V12_SYSTEM_BIBLE_V2_12.md,1Ua0HOXBcsllg75uscbBEjtLNBnACVlLz,Trade_AI_Docs_v2/docs/_archive/archive/2026-04-28_pre_v2.13/TRADE_AI_V12_SYSTEM_BIBLE_V2_12.md,2506,,2026-05-18T00:10:08.436Z,3
TRADE_AI_V12_SYSTEM_BIBLE_V2_12.md,1KCqZwF7FZDWPISlpfTdC1uIy303x-tOy,Trade_AI_Docs_v2/TRADE_AI_V12_SYSTEM_BIBLE_V2_12.md,2506,,2026-05-17T22:52:24.130Z,3
TRADE_AI_V12_SYSTEM_BIBLE_V2_13.md,1orTlZ6yR8jRTid4TEcC7dRWBpJCvIKKNIGsaXBEAA6w,Trade_AI_Docs_v2/docs/_archive/2026-05-08/TRADE_AI_V12_SYSTEM_BIBLE_V2_13.md,10228,,2026-05-21T03:07:17.438Z,2
TRADE_AI_V12_SYSTEM_BIBLE_V2_13.md,1pAYBVvgwziZ3yhhnHpF9KCHn41dEgvrO,Trade_AI_Docs_v2/docs/_archive/2026-05-08/TRADE_AI_V12_SYSTEM_BIBLE_V2_13.md,8161,,2026-05-17T23:21:23.936Z,2
TRADE_AI_V12_SYSTEM_BIBLE_V2_15.md,1EncMr2wHONUP7HhaVOOGLxKo_fYLN1vUY10ybpqmIlQ,Trade_AI_Docs_v2/docs/_archive/2026-05-08/TRADE_AI_V12_SYSTEM_BIBLE_V2_15.md,5432,,2026-05-21T03:07:32.330Z,2
TRADE_AI_V12_SYSTEM_BIBLE_V2_15.md,1-15Q1jO9S26Dub4SoZxkXJPUr87kv8rk,Trade_AI_Docs_v2/docs/_archive/2026-05-08/TRADE_AI_V12_SYSTEM_BIBLE_V2_15.md,3544,,2026-05-17T23:21:30.576Z,2
TRADE_AI_V12_SYSTEM_BIBLE_V2_2.md,1qSCjmaVBSVvKBMtiVy-GLllwZf-c0grj7njZilDZxvc,Trade_AI_Docs_v2/docs/_archive/archive/2026-04-28_pre_v2.3/TRADE_AI_V12_SYSTEM_BIBLE_V2_2.md,18219,,2026-05-21T03:03:16.518Z,3
TRADE_AI_V12_SYSTEM_BIBLE_V2_2.md,1Qqs2zIIlQxj2PqrzEfYheQH84ZMpy-uH,Trade_AI_Docs_v2/docs/_archive/archive/2026-04-28_pre_v2.3/TRADE_AI_V12_SYSTEM_BIBLE_V2_2.md,16560,,2026-05-18T00:10:39.562Z,3
TRADE_AI_V12_SYSTEM_BIBLE_V2_2.md,1e77ASPR6iq3oWOFkTk3FInjAU9Na9XsQ,Trade_AI_Docs_v2/TRADE_AI_V12_SYSTEM_BIBLE_V2_2.md,16560,,2026-05-17T22:52:52.670Z,3
TRADE_AI_V12_SYSTEM_BIBLE_V2_24.md,137F-SVNT1j6XMhc6jpQ9mqufDUaijNZQBuq8UQp8Wv0,Trade_AI_Docs_v2/docs/_archive/2026-05-08/TRADE_AI_V12_SYSTEM_BIBLE_V2_24.md,52648,,2026-05-21T03:06:08.470Z,2
TRADE_AI_V12_SYSTEM_BIBLE_V2_24.md,1eFmnUd72_GpAlqpzrvyukTU5LbQLe14w,Trade_AI_Docs_v2/docs/_archive/2026-05-08/TRADE_AI_V12_SYSTEM_BIBLE_V2_24.md,44787,,2026-05-17T23:20:57.852Z,2
TRADE_AI_V12_SYSTEM_BIBLE_V2_25.md,19NgkfRM6p4EO2ljqpPg5D5ABceP9AQhdE_nID1XZAhc,Trade_AI_Docs_v2/docs/_archive/2026-05-08/TRADE_AI_V12_SYSTEM_BIBLE_V2_25.md,32984,,2026-05-21T03:07:29.132Z,2
TRADE_AI_V12_SYSTEM_BIBLE_V2_25.md,1vLqfS-HDoVe8bD9zUyTJhVsDGAf_0ZmT,Trade_AI_Docs_v2/docs/_archive/2026-05-08/TRADE_AI_V12_SYSTEM_BIBLE_V2_25.md,26901,,2026-05-17T23:21:28.949Z,2
TRADE_AI_V12_SYSTEM_BIBLE_V2_26.md,1dkQqy1Y5Ig35jW6uxX2u8wpRKZaSmNpDxJYTEI2WHoI,Trade_AI_Docs_v2/docs/_archive/2026-05-08/TRADE_AI_V12_SYSTEM_BIBLE_V2_26.md,33473,,2026-05-21T03:07:13.571Z,2
TRADE_AI_V12_SYSTEM_BIBLE_V2_26.md,1cyIdtnOZycCDxDinyKs9RT3cDKb8hmtu,Trade_AI_Docs_v2/docs/_archive/2026-05-08/TRADE_AI_V12_SYSTEM_BIBLE_V2_26.md,27522,,2026-05-17T23:21:22.297Z,2
TRADE_AI_V12_SYSTEM_BIBLE_V2_26_AUDIT.md,11z_Qj7_06ePUE6M6THszaaFNkag_DPTsIhhblBawnQA,Trade_AI_Docs_v2/docs/_archive/2026-05-08/TRADE_AI_V12_SYSTEM_BIBLE_V2_26_AUDIT.md,19399,,2026-05-21T03:07:05.892Z,2
TRADE_AI_V12_SYSTEM_BIBLE_V2_26_AUDIT.md,1SjdvNGeLCiwT-nj6t0H3iHVzPITbNSqB,Trade_AI_Docs_v2/docs/_archive/2026-05-08/TRADE_AI_V12_SYSTEM_BIBLE_V2_26_AUDIT.md,14449,,2026-05-17T23:21:18.765Z,2
TRADE_AI_V12_SYSTEM_BIBLE_V2_3.md,1JRGr_RDp-0Z6g_6wZ8-Ys_n1a0ZzLzzVGFAq9_HvqpU,Trade_AI_Docs_v2/docs/_archive/archive/2026-04-28_pre_v2.4/TRADE_AI_V12_SYSTEM_BIBLE_V2_3.md,20334,,2026-05-21T03:02:29.130Z,3
TRADE_AI_V12_SYSTEM_BIBLE_V2_3.md,1hUHl04aV0587FliofjfCNIkmLzz0Y2gC,Trade_AI_Docs_v2/docs/_archive/archive/2026-04-28_pre_v2.4/TRADE_AI_V12_SYSTEM_BIBLE_V2_3.md,19204,,2026-05-18T00:10:02.636Z,3
TRADE_AI_V12_SYSTEM_BIBLE_V2_3.md,1DCkfwBIrvTvdyk3DcazRzs_Q49XqnGqY,Trade_AI_Docs_v2/TRADE_AI_V12_SYSTEM_BIBLE_V2_3.md,19204,,2026-05-17T22:52:18.449Z,3
TRADE_AI_V12_SYSTEM_BIBLE_V2_4.md,1_q_gsF1B9m84KYPNX3zf2psBaypKAVMrC0HA63WnXFA,Trade_AI_Docs_v2/docs/_archive/archive/2026-04-28_pre_v2.4a/TRADE_AI_V12_SYSTEM_BIBLE_V2_4.md,24230,,2026-05-21T02:46:20.859Z,3
TRADE_AI_V12_SYSTEM_BIBLE_V2_4.md,1TQ6ZFv9rVbkh9f-Qk1YlDvfAxRNTs-tB,Trade_AI_Docs_v2/docs/_archive/archive/2026-04-28_pre_v2.4a/TRADE_AI_V12_SYSTEM_BIBLE_V2_4.md,24316,,2026-05-17T23:59:43.077Z,3
TRADE_AI_V12_SYSTEM_BIBLE_V2_4.md,1zCOPDFZ8l44MJzwRRTioGJTezPXOLKYm,Trade_AI_Docs_v2/TRADE_AI_V12_SYSTEM_BIBLE_V2_4.md,24316,,2026-05-17T22:41:52.729Z,3
TRADE_AI_V12_SYSTEM_BIBLE_V2_4a.md,1kkc-QBHVxSafjwUFXSIRDot_pCgvKd6aCT023olB5pg,Trade_AI_Docs_v2/docs/_archive/archive/2026-04-28_pre_v2.5/TRADE_AI_V12_SYSTEM_BIBLE_V2_4a.md,25264,,2026-05-21T02:46:32.734Z,3
TRADE_AI_V12_SYSTEM_BIBLE_V2_4a.md,1Zprp5J9ifrm_AVBaJTNldVIiYaMB_WtB,Trade_AI_Docs_v2/docs/_archive/archive/2026-04-28_pre_v2.5/TRADE_AI_V12_SYSTEM_BIBLE_V2_4a.md,25815,,2026-05-17T23:59:52.026Z,3
TRADE_AI_V12_SYSTEM_BIBLE_V2_4a.md,1wzcjknT_Ijjn5rkX-CxdTa1eIU0aA7zO,Trade_AI_Docs_v2/TRADE_AI_V12_SYSTEM_BIBLE_V2_4a.md,25815,,2026-05-17T22:42:01.788Z,3
TRADE_AI_V12_SYSTEM_BIBLE_V2_5.md,1pRtVF2JA1GlS-Bsfv0UIkiZfItaT1eZMymiVFtDNs1E,Trade_AI_Docs_v2/docs/_archive/archive/2026-04-28_pre_v2.6/TRADE_AI_V12_SYSTEM_BIBLE_V2_5.md,25619,,2026-05-21T02:46:41.000Z,3
TRADE_AI_V12_SYSTEM_BIBLE_V2_5.md,1_ycjvXWCtbjdiKC4zLUNBftgfYPC_xya,Trade_AI_Docs_v2/docs/_archive/archive/2026-04-28_pre_v2.6/TRADE_AI_V12_SYSTEM_BIBLE_V2_5.md,26467,,2026-05-17T23:59:58.187Z,3
TRADE_AI_V12_SYSTEM_BIBLE_V2_5.md,1fusMXDOJlhtNZLGBJp3d5j3FNBBOJCb5,Trade_AI_Docs_v2/TRADE_AI_V12_SYSTEM_BIBLE_V2_5.md,26467,,2026-05-17T22:42:08.440Z,3
TRADE_AI_V12_SYSTEM_BIBLE_V2_53.md,15qslmW7Urdf6e_Kp1qAEJusDd97qXLo59ZZ68t757WU,Trade_AI_Docs_v2/docs/_archive/2026-05-08/TRADE_AI_V12_SYSTEM_BIBLE_V2_53.md,147017,,2026-05-21T03:07:52.882Z,2
TRADE_AI_V12_SYSTEM_BIBLE_V2_53.md,1Fky5LEHSVAEfyDbmCH9VR4SzTHb8ohbv,Trade_AI_Docs_v2/docs/_archive/2026-05-08/TRADE_AI_V12_SYSTEM_BIBLE_V2_53.md,139985,,2026-05-17T23:21:34.085Z,2
TRADE_AI_V12_SYSTEM_BIBLE_V2_54.md,1Igq5UGIODV6awo2svKblgjq_mgJrxFcOhyyglqPt2WU,Trade_AI_Docs_v2/docs/_archive/2026-05-08/TRADE_AI_V12_SYSTEM_BIBLE_V2_54.md,149072,,2026-05-21T03:06:35.686Z,2
TRADE_AI_V12_SYSTEM_BIBLE_V2_54.md,1XbdU4knLHrr7_fCY67RwUxgeHRI9Kndq,Trade_AI_Docs_v2/docs/_archive/2026-05-08/TRADE_AI_V12_SYSTEM_BIBLE_V2_54.md,141801,,2026-05-17T23:21:06.670Z,2
TRADE_AI_V12_SYSTEM_BIBLE_V2_6.md,1pq7tDewcg8a0nmDEv6HIgI0dw_fNQfxF1kB2O8H34No,Trade_AI_Docs_v2/docs/_archive/archive/2026-04-28_pre_v2.7/TRADE_AI_V12_SYSTEM_BIBLE_V2_6.md,26939,,2026-05-21T02:46:25.000Z,3
TRADE_AI_V12_SYSTEM_BIBLE_V2_6.md,1U0FgSQ4acg3T1IJQZ05GuWahsMmp5gmJ,Trade_AI_Docs_v2/docs/_archive/archive/2026-04-28_pre_v2.7/TRADE_AI_V12_SYSTEM_BIBLE_V2_6.md,27741,,2026-05-17T23:59:45.993Z,3
TRADE_AI_V12_SYSTEM_BIBLE_V2_6.md,1N6FpOU9yTrExqRh4aVml47CiwFfFQ4nl,Trade_AI_Docs_v2/TRADE_AI_V12_SYSTEM_BIBLE_V2_6.md,27741,,2026-05-17T22:41:55.970Z,3
TRADE_AI_V12_SYSTEM_BIBLE_V2_7.md,1yCY_WZHIAdonhTPjiFFe_LbPMWCoeOWDOMzVPVWmQ4w,Trade_AI_Docs_v2/docs/_archive/archive/2026-04-28_pre_v2.9/TRADE_AI_V12_SYSTEM_BIBLE_V2_7.md,11808,,2026-05-21T03:02:39.868Z,3
TRADE_AI_V12_SYSTEM_BIBLE_V2_7.md,1-wT4Rls3v6zcU6C4YHIeB7h3za_pJDBO,Trade_AI_Docs_v2/docs/_archive/archive/2026-04-28_pre_v2.9/TRADE_AI_V12_SYSTEM_BIBLE_V2_7.md,9420,,2026-05-18T00:10:12.360Z,3
TRADE_AI_V12_SYSTEM_BIBLE_V2_7.md,1cADbkbMWYI4ftkSbPc1mTzSoINLdUfrT,Trade_AI_Docs_v2/TRADE_AI_V12_SYSTEM_BIBLE_V2_7.md,9420,,2026-05-17T22:52:26.905Z,3
TRADE_AI_V12_SYSTEM_BIBLE_V2_9.md,1pVgVeruWwT1H9VAy1Nc4XupXjJMzZRXOXO2P-tGWiHA,Trade_AI_Docs_v2/docs/_archive/archive/2026-04-28_pre_v2.10/TRADE_AI_V12_SYSTEM_BIBLE_V2_9.md,6009,,2026-05-21T02:46:28.419Z,3
TRADE_AI_V12_SYSTEM_BIBLE_V2_9.md,1gy1B_NF0BlkaPdq2ou1FF7H2xH-amjgg,Trade_AI_Docs_v2/docs/_archive/archive/2026-04-28_pre_v2.10/TRADE_AI_V12_SYSTEM_BIBLE_V2_9.md,4529,,2026-05-17T23:59:49.234Z,3
TRADE_AI_V12_SYSTEM_BIBLE_V2_9.md,16aJfINtRS3kLZmwKz4Dhg2W9OLBnzTmm,Trade_AI_Docs_v2/TRADE_AI_V12_SYSTEM_BIBLE_V2_9.md,4529,,2026-05-17T22:41:58.762Z,3
TRADE_AI_V12_SYSTEM_BIBLE_V3.md,1K1Nco38SLoN6DJOUveV3imT9O-PkwiIfRmxtF6vJTv4,Trade_AI_Docs_v2/docs/_archive/2026-05-08/TRADE_AI_V12_SYSTEM_BIBLE_V3.md,122888,,2026-05-21T03:06:51.874Z,2
TRADE_AI_V12_SYSTEM_BIBLE_V3.md,1NAWC1dXQ3LZs3Dc-t0zSEog0CfUUaOHy,Trade_AI_Docs_v2/docs/_archive/2026-05-08/TRADE_AI_V12_SYSTEM_BIBLE_V3.md,102629,,2026-05-17T23:21:11.888Z,2
TRADE_AI_V4_SIGNAL_INTELLIGENCE_AND_LEARNING_PLAN.md,1R9jvdH_hq0D6wNVp4q6zROyqEfhwoYiwthPpHSTfc4o,Trade_AI_Docs_v2/docs/_archive/archive/2026-04-27_pre_bible/TRADE_AI_V4_SIGNAL_INTELLIGENCE_AND_LEARNING_PLAN.md,11429,,2026-05-21T02:48:47.311Z,4
TRADE_AI_V4_SIGNAL_INTELLIGENCE_AND_LEARNING_PLAN.md,1U3SQMBAyrL9Zxadke6PyXx379Lbqdz7J,Trade_AI_Docs_v2/docs/_archive/archive/2026-04-27_pre_bible/TRADE_AI_V4_SIGNAL_INTELLIGENCE_AND_LEARNING_PLAN.md,9505,,2026-05-18T00:02:42.484Z,4
TRADE_AI_V4_SIGNAL_INTELLIGENCE_AND_LEARNING_PLAN.md,1Lx9kwZ6BhhVUf5OuLVjaXbHigNoBsTia,Trade_AI_Docs_v2/docs/archive/2026-04-27_pre_bible/TRADE_AI_V4_SIGNAL_INTELLIGENCE_AND_LEARNING_PLAN.md,9505,,2026-05-17T23:02:06.779Z,4
TRADE_AI_V4_SIGNAL_INTELLIGENCE_AND_LEARNING_PLAN.md,1jsd_vJKe6tQsfltDZE0r-RQl6SNxPDHq,Trade_AI_Docs_v2/docs/archive/2026-04-27_pre_bible/TRADE_AI_V4_SIGNAL_INTELLIGENCE_AND_LEARNING_PLAN.md,9505,,2026-05-17T22:44:54.641Z,4
TRADE_AI_V5_PROACTIVE_AGENT_SPEC.md,1HcIrAipn3knc6qWgrhXnlY16omoV7fqiyPyU31Ec_YQ,Trade_AI_Docs_v2/docs/_archive/archive/2026-04-27_pre_bible/v5_proactive_intelligence/trade_ai_v5_package/docs/TRADE_AI_V5_PROACTIVE_AGENT_SPEC.md,4121,,2026-05-21T02:47:30.093Z,3
TRADE_AI_V5_PROACTIVE_AGENT_SPEC.md,1F0gWqavsWiFOlah8LQmDyMzCrVSCZh3d,Trade_AI_Docs_v2/docs/_archive/archive/2026-04-27_pre_bible/v5_proactive_intelligence/trade_ai_v5_package/docs/TRADE_AI_V5_PROACTIVE_AGENT_SPEC.md,2235,,2026-05-18T00:00:59.490Z,3
TRADE_AI_V5_PROACTIVE_AGENT_SPEC.md,1Chs7XTFb5uDJ9WuBsrJlB5mhHsdG3yzo,Trade_AI_Docs_v2/TRADE_AI_V5_PROACTIVE_AGENT_SPEC.md,2235,,2026-05-17T22:43:09.135Z,3
TRADE_AI_V6_RESEARCH_AGENT_BLUEPRINT.md,1niZecTe1V__JqwSlxZDyJqhftugjnDd7kDI-IZD968k,Trade_AI_Docs_v2/docs/_archive/archive/2026-04-27_pre_bible/v6_research_agent/trade_ai_v6_research_agent_package/docs/TRADE_AI_V6_RESEARCH_AGENT_BLUEPRINT.md,7046,,2026-05-21T02:47:05.806Z,3
TRADE_AI_V6_RESEARCH_AGENT_BLUEPRINT.md,1nQQyEqbDJuDKQb9WDLMtuN3nnv9rXJog,Trade_AI_Docs_v2/docs/_archive/archive/2026-04-27_pre_bible/v6_research_agent/trade_ai_v6_research_agent_package/docs/TRADE_AI_V6_RESEARCH_AGENT_BLUEPRINT.md,4725,,2026-05-18T00:00:36.283Z,3
TRADE_AI_V6_RESEARCH_AGENT_BLUEPRINT.md,1rSN5jVT1aZZ8zOgRF1gwkg9EShc8t5cG,Trade_AI_Docs_v2/docs/archive/2026-04-27_pre_bible/v6_research_agent/trade_ai_v6_research_agent_package/docs/TRADE_AI_V6_RESEARCH_AGENT_BLUEPRINT.md,4725,,2026-05-17T22:42:47.199Z,3
TRADE_AI_V7_CIO_INTELLIGENCE_BLUEPRINT.md,1dwFQR5kHzp2QKo0Kore9V8JvZMOdsSXW5LGGOrDCMXQ,Trade_AI_Docs_v2/docs/_archive/archive/2026-04-27_pre_bible/v7_cio_intelligence/trade_ai_v7_cio_package/docs/TRADE_AI_V7_CIO_INTELLIGENCE_BLUEPRINT.md,8699,,2026-05-21T03:02:07.210Z,3
TRADE_AI_V7_CIO_INTELLIGENCE_BLUEPRINT.md,1LeUc-mdqQjmr0_29PXa4k6CB-zDZS5pE,Trade_AI_Docs_v2/docs/_archive/archive/2026-04-27_pre_bible/v7_cio_intelligence/trade_ai_v7_cio_package/docs/TRADE_AI_V7_CIO_INTELLIGENCE_BLUEPRINT.md,6970,,2026-05-18T00:09:48.368Z,3
TRADE_AI_V7_CIO_INTELLIGENCE_BLUEPRINT.md,12cZf9EncIuVM4KHRHWB8V6l526lcJFj3,Trade_AI_Docs_v2/docs/archive/2026-04-27_pre_bible/v7_cio_intelligence/trade_ai_v7_cio_package/docs/TRADE_AI_V7_CIO_INTELLIGENCE_BLUEPRINT.md,6970,,2026-05-17T22:52:04.637Z,3
TRADE_AI_V8_AGENT_ACTIVATION_BLUEPRINT.md,16rWL4uZ96TwgGW6rxZPPjdIT--oqjYOIbWkMBe4dCNM,Trade_AI_Docs_v2/docs/_archive/archive/2026-04-28_pre_bible/v8_agent_activation/trade_ai_v8_agent_activation_package/docs/TRADE_AI_V8_AGENT_ACTIVATION_BLUEPRINT.md,7016,,2026-05-21T03:02:58.149Z,3
TRADE_AI_V8_AGENT_ACTIVATION_BLUEPRINT.md,1p8giR3J2B9N7KXPTfLJFaUoj9kQnVFBd,Trade_AI_Docs_v2/docs/_archive/archive/2026-04-28_pre_bible/v8_agent_activation/trade_ai_v8_agent_activation_package/docs/TRADE_AI_V8_AGENT_ACTIVATION_BLUEPRINT.md,5771,,2026-05-18T00:10:27.913Z,3
TRADE_AI_V8_AGENT_ACTIVATION_BLUEPRINT.md,1nHzfogKSY9JMqq49qCyIDiPKKLM0zC5l,Trade_AI_Docs_v2/TRADE_AI_V8_AGENT_ACTIVATION_BLUEPRINT.md,5771,,2026-05-17T22:52:39.628Z,3
TRADE_AI_V8_AGENT_ACTIVATION_IMPLEMENTATION_LOG.md,1CUJKyt5YUuYEyiUP5J_TFFwlSndNcaY5C6OGHA3YSU8,Trade_AI_Docs_v2/docs/_archive/archive/2026-04-28_pre_bible/TRADE_AI_V8_AGENT_ACTIVATION_IMPLEMENTATION_LOG.md,4494,,2026-05-21T03:03:12.257Z,3
TRADE_AI_V8_AGENT_ACTIVATION_IMPLEMENTATION_LOG.md,1HnUj7aw93-eOpKMcnxmL8gIDv2iJME3J,Trade_AI_Docs_v2/docs/_archive/archive/2026-04-28_pre_bible/TRADE_AI_V8_AGENT_ACTIVATION_IMPLEMENTATION_LOG.md,2685,,2026-05-18T00:10:36.608Z,3
TRADE_AI_V8_AGENT_ACTIVATION_IMPLEMENTATION_LOG.md,1_fDBbF8CBjhbwoF8vEjM83N1MDGjDEJQ,Trade_AI_Docs_v2/docs/archive/2026-04-28_pre_bible/TRADE_AI_V8_AGENT_ACTIVATION_IMPLEMENTATION_LOG.md,2685,,2026-05-17T22:52:49.851Z,3
TRADE_INTELLIGENCE_JOURNAL_DESIGN.md,1APYLJ5xBdqCR6dP7GKoH6UKjSCIspQYUa0kznY9QLFM,Trade_AI_Docs_v2/docs/architecture/TRADE_INTELLIGENCE_JOURNAL_DESIGN.md,16035,,2026-05-21T03:19:34.290Z,2
TRADE_INTELLIGENCE_JOURNAL_DESIGN.md,1UFTp2BxMzTfI5Ru3Jf4ZAp4Y9y8_J8Gl,Trade_AI_Docs_v2/docs/architecture/TRADE_INTELLIGENCE_JOURNAL_DESIGN.md,11471,,2026-05-17T23:23:13.187Z,2
TRADE_SUPERVISION_METHODOLOGY.md,1d_2bV_bpdDWlUtdQcQMSpG5Rvn7-zTyb,Trade_AI_Docs_v2/TRADE_SUPERVISION_METHODOLOGY.md,28492,,2026-05-26T14:57:17.373Z,6
TRADE_SUPERVISION_METHODOLOGY.md,1hAspIruToEVwRFKeTJm46CHbsdk8kVhNSYWbOYj6AvM,Trade_AI_Docs_v2/docs/atm_audit_2026_05_26/TRADE_SUPERVISION_METHODOLOGY.md,25721,,2026-05-28T17:18:36.251Z,6
TRADE_SUPERVISION_METHODOLOGY.md,1apxIBOxPzi93NREa-SCGUlkKPy5_ytu3pSlpz4fDDho,Trade_AI_Docs_v2/docs/project/TRADE_SUPERVISION_METHODOLOGY.md,25661,,2026-05-28T17:19:16.836Z,6
TRADE_SUPERVISION_METHODOLOGY.md,1SixvHhcCrLN8Av8rfwLE2h9Ra7QSk0BJ5ZTlrx-cOyE,Trade_AI_Docs_v2/docs/project/TRADE_SUPERVISION_METHODOLOGY.md,24419,,2026-05-21T15:18:33.081Z,6
TRADE_SUPERVISION_METHODOLOGY.md,1wnTnME13urqhjRVol2NvUEcEETDRZZkCnN_8anPfYmE,Trade_AI_Docs_v2/docs/project/TRADE_SUPERVISION_METHODOLOGY.md,23457,,2026-05-21T02:34:05.133Z,6
TRADE_SUPERVISION_METHODOLOGY.md,1zjlIkE0wDxTtcsKLzRkmKH-hSMhc4wTc,Trade_AI_Docs_v2/docs/project/TRADE_SUPERVISION_METHODOLOGY.md,25433,,2026-05-17T23:14:48.169Z,6
TabPage.tsx.md,12UDjbM1oV4EOHjCL1DTBPLZccrt0MYZ2,Trade_AI_Docs_v2/ui_redesign/designer_workspace/current_source_text/TabPage.tsx.md,2000,,2026-05-25T15:44:03.475Z,2
TabPage.tsx.md,1M7PdZQIfY8XmPqLdzESCXtPXjd45RzVO5_v8nfvw_oI,Trade_AI_Docs_v2/docs/ui_redesign/designer_workspace/current_source_text/TabPage.tsx.md,4827,,2026-05-28T18:48:52.758Z,2
ToastProvider.tsx.md,19WN2rFymFa1lrjpuukmwlmHaeCasxZVg,Trade_AI_Docs_v2/ui_redesign/designer_workspace/current_source_text/ToastProvider.tsx.md,2261,,2026-05-25T15:44:04.990Z,2
ToastProvider.tsx.md,1CKJJlV5NsHSiEnwEdrNuV7Gq7LkwXHQrBxUO_mNjLLE,Trade_AI_Docs_v2/docs/ui_redesign/designer_workspace/current_source_text/ToastProvider.tsx.md,5658,,2026-05-28T18:48:21.820Z,2
Tooltip.tsx.md,113nDLR9UH1jNlgc6jjZQO6-_Lj24wpzg,Trade_AI_Docs_v2/ui_redesign/designer_workspace/current_source_text/Tooltip.tsx.md,2177,,2026-05-25T15:44:06.551Z,2
Tooltip.tsx.md,1q3VeezPiiFDMTJMG5_KY9LRNWLRLQdT-TnYz7AnHFOc,Trade_AI_Docs_v2/docs/ui_redesign/designer_workspace/current_source_text/Tooltip.tsx.md,5455,,2026-05-28T18:48:45.110Z,2
TradeAI.tsx,1woMMrABdxCJrWiiavmm2cIGYfVbAEkHL,Trade_AI_Docs_v2/ui_redesign/source_snapshot/TradeAI.tsx,40090,,2026-05-25T14:41:19.202Z,4
TradeAI.tsx,14sbHm4S4I9tBAGWITCpuzm2K4nZs_1rV,Trade_AI_Docs_v2/docs/ui_redesign/designer_workspace/backups/phase3_market_opportunities_apply_20260525_1412/TradeAI.tsx,40090,,2026-05-28T18:49:53.794Z,4
TradeAI.tsx,1pdnlP-fJEy6ofO6NKgE4NcPkska7jtTz,Trade_AI_Docs_v2/docs/ui_redesign/source_snapshot/pages/TradeAI.tsx,40090,,2026-05-28T18:45:36.018Z,4
TradeAI.tsx,1nW8e8d73JqOpXbaEuaiRNBFmJTcImj3Q,Trade_AI_Docs_v2/docs/atm_audit_2026_05_26/source_snapshot/TradeAI.tsx,42983,,2026-05-28T17:05:33.939Z,4
TradeAI.tsx.REPLACEMENT.md,1PhF5Rga3-pa5zS5T9w53rb6nLBDqSOU_,Trade_AI_Docs_v2/ui_redesign/designer_workspace/designed_replacements/phase3_market_opportunities/TradeAI.tsx.REPLACEMENT.md,45213,,2026-05-25T18:16:42.472Z,4
TradeAI.tsx.REPLACEMENT.md,1Sg6Oem_q-pQ-jKYt52eWvF3gX4ZDffnH,Trade_AI_Docs_v2/ui_redesign/designer_workspace/designed_replacements/TradeAI.tsx.REPLACEMENT.md,396,,2026-05-25T15:44:51.668Z,4
TradeAI.tsx.REPLACEMENT.md,1I5oIvUqN2irYRIGFbrNHlaQXl93MQ1nBx0G4foFpt50,Trade_AI_Docs_v2/docs/ui_redesign/designer_workspace/designed_replacements/TradeAI.tsx.REPLACEMENT.md,1721,,2026-05-28T18:56:07.974Z,4
TradeAI.tsx.REPLACEMENT.md,17yprjjybjRtOGKs0dA4fiMnApmwuKUT5i1znqW3owB4,Trade_AI_Docs_v2/docs/ui_redesign/designer_workspace/designed_replacements/phase3_market_opportunities/TradeAI.tsx.REPLACEMENT.md,65841,,2026-05-28T18:53:54.453Z,4
TradeAI.tsx.md,1xuEOGyge5YpZmyTBm26esnoWpLRjfsxi,Trade_AI_Docs_v2/ui_redesign/designer_workspace/current_source_text/TradeAI.tsx.md,40456,,2026-05-25T15:44:08.082Z,2
TradeAI.tsx.md,1y72_8_JbEAMohQOL58y7FTcYERSBEbbs9t3mLm9qHAs,Trade_AI_Docs_v2/docs/ui_redesign/designer_workspace/current_source_text/TradeAI.tsx.md,60285,,2026-05-28T18:49:03.503Z,2
Trade_AI_v12_Reference_Architecture.docx,1UsktPkbkM3M7D740whBjPke3_Ywx68g0,Trade_AI_Docs_v2/Trade_AI_v12_Reference_Architecture.docx,162118,,2026-05-21T17:53:35.899Z,3
Trade_AI_v12_Reference_Architecture.docx,1xwpbitFyKDFcIarBHUv5VJiNnz6qwuXo,Trade_AI_Docs_v2/docs/project/Trade_AI_v12_Reference_Architecture.docx,165185,,2026-05-22T14:52:34.901Z,3
Trade_AI_v12_Reference_Architecture.docx,1HsQLRlIP6D7BDZEvIoMPvIhHzy8abU_Z,Trade_AI_Docs_v2/docs/project/Trade_AI_v12_Reference_Architecture.docx,162118,,2026-05-17T23:14:02.536Z,3
UI_PRIMITIVES_DESIGN_NOTES.md,1Ju9Z1K0nscOuXiSDNBLbc6hmwaorlV5d,Trade_AI_Docs_v2/ui_redesign/designer_workspace/designed_replacements/phase1_5_ui_primitives/UI_PRIMITIVES_DESIGN_NOTES.md,4132,,2026-05-25T16:12:28.790Z,3
UI_PRIMITIVES_DESIGN_NOTES.md,19hqHgnw35FvFBUV1iWaVageZaHd_sGNDuAWjPxv4qlU,Trade_AI_Docs_v2/docs/ui_redesign/designer_workspace/designed_replacements/phase1_5_ui_primitives/UI_PRIMITIVES_DESIGN_NOTES.md,6127,,2026-05-28T18:55:16.446Z,3
UI_PRIMITIVES_DESIGN_NOTES.md,1Koab8JqOa9YR8VcOQM0uD5xryzMoDtHwlonIjqjOC4Q,Trade_AI_Docs_v2/docs/ui_redesign/designer_workspace/backups/phase1_5_ui_primitives_apply_20260525_1216/UI_PRIMITIVES_DESIGN_NOTES.md,6129,,2026-05-28T18:50:06.472Z,3
UI_PRIMITIVES_USAGE_GUIDE.md,1sXfEotI6Y8xQfAFlVsDFMYbMEaw-CSkr,Trade_AI_Docs_v2/ui_redesign/designer_workspace/designed_replacements/phase1_5_ui_primitives/UI_PRIMITIVES_USAGE_GUIDE.md,5997,,2026-05-25T16:12:30.272Z,3
UI_PRIMITIVES_USAGE_GUIDE.md,1tTmb4npq3AEJ29ziKVkheU6GvTJaXtmL9SkDmbzhIg0,Trade_AI_Docs_v2/docs/ui_redesign/designer_workspace/designed_replacements/phase1_5_ui_primitives/UI_PRIMITIVES_USAGE_GUIDE.md,11071,,2026-05-28T18:55:27.573Z,3
UI_PRIMITIVES_USAGE_GUIDE.md,1VGe1e-YzPn0FLFXyY5bYoE9fxXHdOwf57a_45PGb3e8,Trade_AI_Docs_v2/docs/ui_redesign/designer_workspace/backups/phase1_5_ui_primitives_apply_20260525_1216/UI_PRIMITIVES_USAGE_GUIDE.md,11074,,2026-05-28T18:50:20.001Z,3
UI_REDESIGN_BACKLOG.md,1LlHLonARWeign0ilHplP1BSWmX6QHsJa,Trade_AI_Docs_v2/ui_redesign/UI_REDESIGN_BACKLOG.md,8839,,2026-05-25T15:08:49.420Z,2
UI_REDESIGN_BACKLOG.md,1YkUchmsM2ISH3bLBBcH9vOTsJJ8-0zq9jY06WR9Zer0,Trade_AI_Docs_v2/docs/ui_redesign/UI_REDESIGN_BACKLOG.md,7235,,2026-05-28T18:56:51.372Z,2
UI_REDESIGN_COMPLETE_SESSION_MEMORY.md,1mniJUxTdiE4K7hSErmi7zcAke1BkqboP,Trade_AI_Docs_v2/ui_redesign/designer_workspace/implementation_prompts/UI_REDESIGN_COMPLETE_SESSION_MEMORY.md,3865,,2026-05-25T22:14:23.809Z,2
UI_REDESIGN_COMPLETE_SESSION_MEMORY.md,1fauIPB4nsZU7opcKDeqHNGQnw8neXNPIHZnmhGE8l04,Trade_AI_Docs_v2/docs/ui_redesign/designer_workspace/implementation_prompts/UI_REDESIGN_COMPLETE_SESSION_MEMORY.md,3874,,2026-05-28T18:52:48.452Z,2
UI_REDESIGN_FINAL_CLOSEOUT_REPORT.md,1XkLG_v35dOMecP46pI03yLSBE6nyNGnp,Trade_AI_Docs_v2/ui_redesign/designer_workspace/implementation_prompts/UI_REDESIGN_FINAL_CLOSEOUT_REPORT.md,2195,,2026-05-25T18:32:29.553Z,2
UI_REDESIGN_FINAL_CLOSEOUT_REPORT.md,1jv90XYsT7dzYKgmRpVLtNGQkbdsdxICChk9Pk83Y1Ek,Trade_AI_Docs_v2/docs/ui_redesign/designer_workspace/implementation_prompts/UI_REDESIGN_FINAL_CLOSEOUT_REPORT.md,3554,,2026-05-28T18:53:18.548Z,2
UI_REDESIGN_FINAL_COMPLETE_CLOSEOUT_REPORT.md,1BsdyyH5y0oucANXohDriRjq-9SNRaw-M,Trade_AI_Docs_v2/ui_redesign/designer_workspace/implementation_prompts/UI_REDESIGN_FINAL_COMPLETE_CLOSEOUT_REPORT.md,1879,,2026-05-25T22:14:25.165Z,2
UI_REDESIGN_FINAL_COMPLETE_CLOSEOUT_REPORT.md,1c8eM9GZP4OrOvvg5eONnNkC1V0y7NjUtYl1oTH75UJc,Trade_AI_Docs_v2/docs/ui_redesign/designer_workspace/implementation_prompts/UI_REDESIGN_FINAL_COMPLETE_CLOSEOUT_REPORT.md,2390,,2026-05-28T18:52:55.786Z,2
UI_REDESIGN_FULL_SESSION_MEMORY.md,1gmycaCtKC3oYdYzbfDJ-d69WFeerNO-U,Trade_AI_Docs_v2/ui_redesign/designer_workspace/implementation_prompts/UI_REDESIGN_FULL_SESSION_MEMORY.md,4049,,2026-05-25T19:35:31.938Z,3
UI_REDESIGN_FULL_SESSION_MEMORY.md,1fzV1KHwycwvphJdYx1Glqzy9J6zzs0bn,Trade_AI_Docs_v2/ui_redesign/designer_workspace/implementation_prompts/UI_REDESIGN_FULL_SESSION_MEMORY.md,3289,,2026-05-25T18:32:28.152Z,3
UI_REDESIGN_FULL_SESSION_MEMORY.md,10pvsObSxwxggVZP3V6pF2jYfDfMIs2hyysRfHzooz_0,Trade_AI_Docs_v2/docs/ui_redesign/designer_workspace/implementation_prompts/UI_REDESIGN_FULL_SESSION_MEMORY.md,5006,,2026-05-28T18:53:10.723Z,3
UI_REDESIGN_SESSION_CLOSEOUT_REPORT.md,10kXnKM4USY9XFlehy5JaSIkn2uukUaLZ,Trade_AI_Docs_v2/ui_redesign/designer_workspace/implementation_prompts/UI_REDESIGN_SESSION_CLOSEOUT_REPORT.md,3183,,2026-05-25T17:11:28.504Z,2
UI_REDESIGN_SESSION_CLOSEOUT_REPORT.md,1LQmp9JHxUstnMGKw19EOl47g3vXYEtjQTOII55Ext5g,Trade_AI_Docs_v2/docs/ui_redesign/designer_workspace/implementation_prompts/UI_REDESIGN_SESSION_CLOSEOUT_REPORT.md,4640,,2026-05-28T18:53:15.077Z,2
UX_AUDIT_TRACKING.md,1pG3Prj1ya1lJI0dpeXUlh1H5ukwbEmolgp-FyuYYZhw,Trade_AI_Docs_v2/docs/_archive/2026-05-08/UX_AUDIT_TRACKING.md,11346,,2026-05-21T03:07:59.863Z,2
UX_AUDIT_TRACKING.md,1H48VqJpbrkQZnvkaftkVvTWexlL61dwk,Trade_AI_Docs_v2/docs/_archive/2026-05-08/UX_AUDIT_TRACKING.md,15393,,2026-05-17T23:21:37.596Z,2
UX_ISSUES_OBSERVED.md,1ikJ_XtAOm9NWltbGp1o6bKxL_8AG0Bzs,Trade_AI_Docs_v2/ui_redesign/UX_ISSUES_OBSERVED.md,3765,,2026-05-25T14:39:28.961Z,2
UX_ISSUES_OBSERVED.md,1mKdJwaTHy7mB-HPPGLfslfuXZgvh4MD_bt-JjVe5F_0,Trade_AI_Docs_v2/docs/ui_redesign/UX_ISSUES_OBSERVED.md,4929,,2026-05-28T18:43:24.930Z,2
V5_PROACTIVE_INTELLIGENCE_IMPLEMENTATION_LOG.md,1JwfZvTjFg0XBSjz5ks1qx_jY1xZ7teGETaHGE6wzP1k,Trade_AI_Docs_v2/docs/_archive/archive/2026-04-27_pre_bible/V5_PROACTIVE_INTELLIGENCE_IMPLEMENTATION_LOG.md,7248,,2026-05-21T02:48:43.999Z,4
V5_PROACTIVE_INTELLIGENCE_IMPLEMENTATION_LOG.md,1AL2aJX7Gy3od3JYm5SmvzmtIHPRkHtek,Trade_AI_Docs_v2/docs/_archive/archive/2026-04-27_pre_bible/V5_PROACTIVE_INTELLIGENCE_IMPLEMENTATION_LOG.md,5919,,2026-05-18T00:02:40.830Z,4
V5_PROACTIVE_INTELLIGENCE_IMPLEMENTATION_LOG.md,1vAWrFSZ9K2-grM7fGaaQU3nhGA3-p8_c,Trade_AI_Docs_v2/docs/archive/2026-04-27_pre_bible/V5_PROACTIVE_INTELLIGENCE_IMPLEMENTATION_LOG.md,5919,,2026-05-17T23:02:04.936Z,4
V5_PROACTIVE_INTELLIGENCE_IMPLEMENTATION_LOG.md,1ZtJ9CGwxphSIYeM3KLXEdIWcdP1WCY82,Trade_AI_Docs_v2/docs/archive/2026-04-27_pre_bible/V5_PROACTIVE_INTELLIGENCE_IMPLEMENTATION_LOG.md,5919,,2026-05-17T22:44:52.962Z,4
V7_CIO_INTELLIGENCE_IMPLEMENTATION_LOG.md,1xpArai5I5jy9QS9GTMNQ8zA164euxucWr7ZNRqjRKYk,Trade_AI_Docs_v2/docs/_archive/archive/2026-04-27_pre_bible/V7_CIO_INTELLIGENCE_IMPLEMENTATION_LOG.md,8340,,2026-05-21T02:49:01.692Z,3
V7_CIO_INTELLIGENCE_IMPLEMENTATION_LOG.md,126kuiPGGxRSoSXpboq701-kpnSFTD3xv,Trade_AI_Docs_v2/docs/_archive/archive/2026-04-27_pre_bible/V7_CIO_INTELLIGENCE_IMPLEMENTATION_LOG.md,7310,,2026-05-18T00:02:49.701Z,3
V7_CIO_INTELLIGENCE_IMPLEMENTATION_LOG.md,12U-RSHN3N5TkRMbaFn1uXXEqljGMahcA,Trade_AI_Docs_v2/docs/archive/2026-04-27_pre_bible/V7_CIO_INTELLIGENCE_IMPLEMENTATION_LOG.md,7310,,2026-05-17T22:45:02.002Z,3
V8_FULL_PORTFOLIO_BRAIN_BLUEPRINT.md,1B6kQwG6QpKPHmBJMhbvqgtDlZ_bsxnRPqP6E4zGXUO4,Trade_AI_Docs_v2/docs/_archive/archive/2026-04-28_pre_bible/v8_agent_activation/trade_ai_v8_agent_activation_package/docs/V8_FULL_PORTFOLIO_BRAIN_BLUEPRINT.md,2078,,2026-05-21T03:03:01.772Z,3
V8_FULL_PORTFOLIO_BRAIN_BLUEPRINT.md,1m4tQX61RCmpqHUdSocltga8hkOzOQmTh,Trade_AI_Docs_v2/docs/_archive/archive/2026-04-28_pre_bible/v8_agent_activation/trade_ai_v8_agent_activation_package/docs/V8_FULL_PORTFOLIO_BRAIN_BLUEPRINT.md,1126,,2026-05-18T00:10:29.721Z,3
V8_FULL_PORTFOLIO_BRAIN_BLUEPRINT.md,18RywgyVmkJujLyovuHkqY_dVO_wVvZeD,Trade_AI_Docs_v2/V8_FULL_PORTFOLIO_BRAIN_BLUEPRINT.md,1126,,2026-05-17T22:52:43.060Z,3
VALIDATION_PLAN_V6.md,1epzJLD8ES4aIXu5VhMdk_hD9JNvGdmn-kZZpekA2yDQ,Trade_AI_Docs_v2/docs/_archive/archive/2026-04-27_pre_bible/v6_research_agent/trade_ai_v6_research_agent_package/validation/VALIDATION_PLAN_V6.md,2512,,2026-05-21T02:47:09.646Z,3
VALIDATION_PLAN_V6.md,1mottcQc8w8J6ErLjll2wi3i6jkHGlp1u,Trade_AI_Docs_v2/docs/_archive/archive/2026-04-27_pre_bible/v6_research_agent/trade_ai_v6_research_agent_package/validation/VALIDATION_PLAN_V6.md,1235,,2026-05-18T00:00:39.432Z,3
VALIDATION_PLAN_V6.md,1CY71YcbPzEg_k5Xyk07NjlvFArROYZkP,Trade_AI_Docs_v2/VALIDATION_PLAN_V6.md,1235,,2026-05-17T22:42:50.113Z,3
VERIFIED_MATURITY_ASSESSMENT_2026-05-12.md,1tWxi88pCSH3zDBlqiW4Z8RX_FGrB-K1MGEiBT1biZh8,Trade_AI_Docs_v2/docs/_archive/2026-05-24_cleanup/old_versions/VERIFIED_MATURITY_ASSESSMENT_2026-05-12.md,11238,,2026-05-28T18:42:24.496Z,3
VERIFIED_MATURITY_ASSESSMENT_2026-05-12.md,10Wa9WxSUuMhIJloFcyubry6g0Rdb362OAIJ0ae_xovU,Trade_AI_Docs_v2/docs/project/VERIFIED_MATURITY_ASSESSMENT_2026-05-12.md,11206,,2026-05-21T02:33:06.994Z,3
VERIFIED_MATURITY_ASSESSMENT_2026-05-12.md,1o_vLrEHUxk1osrk1pSAg6DfDTOm4oJtw,Trade_AI_Docs_v2/docs/project/VERIFIED_MATURITY_ASSESSMENT_2026-05-12.md,15276,,2026-05-17T23:14:33.140Z,3
WATCHLIST_AGENT_WORKBENCH.md,1j8ddVk3ZfB-BffmlLlZCZqZkf7oXT3D6tLthaV3_Fno,Trade_AI_Docs_v2/docs/_archive/archive/2026-04-27_pre_bible/WATCHLIST_AGENT_WORKBENCH.md,21170,,2026-05-21T02:48:25.375Z,4
WATCHLIST_AGENT_WORKBENCH.md,1AGNdgDRNQPJHtmDTMBSwbU-xn3QmNd4o,Trade_AI_Docs_v2/docs/_archive/archive/2026-04-27_pre_bible/WATCHLIST_AGENT_WORKBENCH.md,21988,,2026-05-18T00:02:29.600Z,4
WATCHLIST_AGENT_WORKBENCH.md,1kl0WHxFnb3LFgovSHzlAl9dmi6j4noxm,Trade_AI_Docs_v2/docs/archive/2026-04-27_pre_bible/WATCHLIST_AGENT_WORKBENCH.md,21988,,2026-05-17T23:01:54.006Z,4
WATCHLIST_AGENT_WORKBENCH.md,1krmIa76g-mFEMKdFyCPOglpKwncD4gFJ,Trade_AI_Docs_v2/docs/archive/2026-04-27_pre_bible/WATCHLIST_AGENT_WORKBENCH.md,21988,,2026-05-17T22:44:40.809Z,4
WEEKLY_LEARNING_DIGEST_20260427.md,1x-tcFQ8jjMhSCOmq2XL5zrt8HRjqPevYxZI2Ow8RqfQ,Trade_AI_Docs_v2/docs/_archive/2026-05-11_session29_cleanup/WEEKLY_LEARNING_DIGEST_20260427.md,1994,,2026-05-21T03:05:29.901Z,4
WEEKLY_LEARNING_DIGEST_20260427.md,10YLDMc_ZnMxWAFGS3X0pO_uWuLyBby0r,Trade_AI_Docs_v2/docs/_archive/2026-05-11_session29_cleanup/WEEKLY_LEARNING_DIGEST_20260427.md,861,,2026-05-17T23:20:18.856Z,4
WEEKLY_LEARNING_DIGEST_20260427.md,1g4BeRW4KZ_jzAThgvB_pJP63w-KXQvDEYwSYnDRbj_E,Trade_AI_Docs_v2/docs/_archive/post_session35_cleanup_20260509/duplicate_generated_docs/WEEKLY_LEARNING_DIGEST_20260427.md,1974,,2026-05-21T03:03:31.226Z,4
WEEKLY_LEARNING_DIGEST_20260427.md,1HCii-TKdrvxTCofwBbL8HY8mWkfoqvNx,Trade_AI_Docs_v2/docs/_archive/post_session35_cleanup_20260509/duplicate_generated_docs/WEEKLY_LEARNING_DIGEST_20260427.md,725,,2026-05-17T23:18:12.271Z,4
WEEKLY_LEARNING_DIGEST_20260504.md,1tagMtuxRd8qvXPzJXIfH9A7RG9ylxlmHf33pghHB5NU,Trade_AI_Docs_v2/docs/_archive/2026-05-11_session29_cleanup/WEEKLY_LEARNING_DIGEST_20260504.md,2003,,2026-05-21T03:03:46.612Z,2
WEEKLY_LEARNING_DIGEST_20260504.md,1IS_HVhZkB1AsE-NFx79Y07FhNTzAmnqZ,Trade_AI_Docs_v2/docs/_archive/2026-05-11_session29_cleanup/WEEKLY_LEARNING_DIGEST_20260504.md,929,,2026-05-17T23:19:19.546Z,2
Watchlist.tsx,1dY3qbOdsto4oMnLSIAgIuY2RCQFfIFB8,Trade_AI_Docs_v2/ui_redesign/source_snapshot/Watchlist.tsx,62421,,2026-05-25T14:41:20.417Z,2
Watchlist.tsx,1bX9CAyw-tkLHOOzTif4TvnbqOeffcYGo,Trade_AI_Docs_v2/docs/ui_redesign/source_snapshot/pages/Watchlist.tsx,62421,,2026-05-28T18:45:45.535Z,2
YOUTUBE_TRANSCRIPT_RESEARCH_PIPELINE.md,11C1RiYn2DV-Bi8o4RjystCY8arEDLGUMZO9Nux1Dztw,Trade_AI_Docs_v2/docs/_archive/archive/2026-04-27_pre_bible/v6_research_agent/trade_ai_v6_research_agent_package/docs/YOUTUBE_TRANSCRIPT_RESEARCH_PIPELINE.md,4274,,2026-05-21T02:47:01.795Z,3
YOUTUBE_TRANSCRIPT_RESEARCH_PIPELINE.md,11AGm0D_uS61yef7kAqZ-ZVlDuk5-AV2t,Trade_AI_Docs_v2/docs/_archive/archive/2026-04-27_pre_bible/v6_research_agent/trade_ai_v6_research_agent_package/docs/YOUTUBE_TRANSCRIPT_RESEARCH_PIPELINE.md,2074,,2026-05-18T00:00:34.375Z,3
YOUTUBE_TRANSCRIPT_RESEARCH_PIPELINE.md,1Fcqp478fpWX-KFmJNABeXsS788nPJh5V,Trade_AI_Docs_v2/docs/archive/2026-04-27_pre_bible/v6_research_agent/trade_ai_v6_research_agent_package/docs/YOUTUBE_TRANSCRIPT_RESEARCH_PIPELINE.md,2074,,2026-05-17T22:42:45.280Z,3
a1a_latest_check_report.md,1_Tgel_rxT5mzuXay-NOX855sfVi6QIZCPwtYvqIlTYc,Trade_AI_Docs_v2/docs/governance/a1a_latest_check_report.md,1024,,2026-05-21T02:42:05.702Z,2
a1a_latest_check_report.md,1--km-YtwUaq4WTsCRXBERcbrC5BUGiPJ,Trade_AI_Docs_v2/docs/governance/a1a_latest_check_report.md,88,,2026-05-18T02:47:54.957Z,2
a5_dashboard_readiness_check.md,1iNepvbhny2MRtWv-uvVt1hG60dYEezFStZwLQpe6O2Q,Trade_AI_Docs_v2/docs/_archive/2026-05-26/a5_dashboard_readiness_check.md,2548,,2026-05-28T18:42:39.747Z,3
a5_dashboard_readiness_check.md,1fEroNyjPjWdsx0VcOGLHgaTgZY2VY9t3LQbURVaY4Eo,Trade_AI_Docs_v2/docs/project/a5_dashboard_readiness_check.md,2555,,2026-05-21T02:32:40.582Z,3
a5_dashboard_readiness_check.md,1nmb87qNarWsw7Dm2NVy-fpQBYNd_VDRv,Trade_AI_Docs_v2/docs/project/a5_dashboard_readiness_check.md,1179,,2026-05-17T23:14:10.230Z,3
a5_final_decision.md,1vd4EdYFYCRqf4nqcDJ4CcUSSe0acVxsj_gL-QOkQejQ,Trade_AI_Docs_v2/docs/_archive/2026-05-24_cleanup/completed_phases/a5_final_observation_review/a5_final_decision.md,3231,,2026-05-28T18:17:15.925Z,4
a5_final_decision.md,1lXycSg26PAStDQL2CIeDr3t0gChkw2wU0_WiJe3KmSg,Trade_AI_Docs_v2/docs/project/a5_final_observation_review/a5_final_decision.md,3271,,2026-05-23T00:02:39.007Z,4
a5_final_decision.md,1Zlj5VRUEDcATixjjiWzp2oK4CVbhoxBkjvUspB7nDNo,Trade_AI_Docs_v2/docs/project/a5_final_observation_review/a5_final_decision.md,3243,,2026-05-22T23:34:14.085Z,4
a5_final_decision.md,1oTVdGz58SQpTMvxIUmW0XOTimE01wkiPjpWk1HvLVFE,Trade_AI_Docs_v2/docs/project/a5_final_observation_review/a5_final_decision.md,3271,,2026-05-22T23:28:47.053Z,4
a5_interim_observation_assessment.md,1CVAbfdiFN--CjPXTxN5ytTWKizBgHAOwKCyxRDjTNVE,Trade_AI_Docs_v2/docs/_archive/2026-05-24_cleanup/completed_phases/a5_observation/a5_interim_observation_assessment.md,3052,,2026-05-28T18:21:24.174Z,2
a5_interim_observation_assessment.md,1wSJ1-KxGNgaKwEQNyMCrN8Zd64pFvVYq,Trade_AI_Docs_v2/docs/project/a5_observation/a5_interim_observation_assessment.md,1420,,2026-05-18T02:47:28.964Z,2
a5_interim_strategy_evidence_funnel_report.md,1MAyu45dVbXQQDTG1D58Dj4rny9L1KqSnBNQLWK1_qE8,Trade_AI_Docs_v2/docs/_archive/2026-05-24_cleanup/completed_phases/a5_observation/a5_interim_strategy_evidence_funnel_report.md,1779,,2026-05-28T18:21:37.299Z,2
a5_interim_strategy_evidence_funnel_report.md,1t45RnBHg4coK-DZmqlQzVoo5B2_53jLy,Trade_AI_Docs_v2/docs/project/a5_observation/a5_interim_strategy_evidence_funnel_report.md,1787,,2026-05-18T02:47:32.434Z,2
a5_interim_strategy_readiness_report.md,1GF7Qx_tK-LE4lYlJbA0cV_t1usc282xzPklprxswLg0,Trade_AI_Docs_v2/docs/_archive/2026-05-24_cleanup/completed_phases/a5_observation/a5_interim_strategy_readiness_report.md,1447,,2026-05-28T18:21:14.951Z,2
a5_interim_strategy_readiness_report.md,1UKGVVgpaQ14JNinTcpzziJrOPAEvapAp,Trade_AI_Docs_v2/docs/project/a5_observation/a5_interim_strategy_readiness_report.md,533,,2026-05-18T02:47:25.363Z,2
a5_monday_observation_assessment.md,1uAqYK3OuvdRIX0iNkkZEk-93bR30rEskbm84sUS1gm4,Trade_AI_Docs_v2/docs/_archive/2026-05-24_cleanup/completed_phases/a5_observation/a5_monday_observation_assessment.md,4231,,2026-05-28T18:21:40.775Z,2
a5_monday_observation_assessment.md,1OI7Utf8n6BFGLoJNgaEOOnXIXtJpHK6z,Trade_AI_Docs_v2/docs/project/a5_observation/a5_monday_observation_assessment.md,3055,,2026-05-18T13:55:30.965Z,2
a5_monday_sp2c_route_audit_validation.md,1rdARhg1ZkUYyykOiPgc8F_L3SD63hafoud8Oar9NmHY,Trade_AI_Docs_v2/docs/_archive/2026-05-24_cleanup/completed_phases/a5_observation/a5_monday_sp2c_route_audit_validation.md,2401,,2026-05-28T18:21:44.274Z,2
a5_monday_sp2c_route_audit_validation.md,1bUeT7KWUswORv2yQr6Yy9hU0-vtI3DSh,Trade_AI_Docs_v2/docs/project/a5_observation/a5_monday_sp2c_route_audit_validation.md,1140,,2026-05-18T13:55:32.808Z,2
a5_monday_strategy_evidence_funnel_report.md,1UWHcbIIdbGeJopFCH7FV0_hokdyAAVI__tHbBIB41IU,Trade_AI_Docs_v2/docs/_archive/2026-05-24_cleanup/completed_phases/a5_observation/a5_monday_strategy_evidence_funnel_report.md,1780,,2026-05-28T18:21:20.149Z,2
a5_monday_strategy_evidence_funnel_report.md,1wVMFGB4vIlhO1VOcUgJnHDTACVki5l_M,Trade_AI_Docs_v2/docs/project/a5_observation/a5_monday_strategy_evidence_funnel_report.md,1787,,2026-05-18T13:55:23.304Z,2
a5_monday_strategy_readiness_report.md,1YVxUnQJy3iHUOVZtYBcEqu1UW6yda1IAVDpWtI2bI_U,Trade_AI_Docs_v2/docs/_archive/2026-05-24_cleanup/completed_phases/a5_observation/a5_monday_strategy_readiness_report.md,1446,,2026-05-28T18:21:27.586Z,2
a5_monday_strategy_readiness_report.md,144W7BFOqMcXHk-YuK8AMNsnyROpSz-9f,Trade_AI_Docs_v2/docs/project/a5_observation/a5_monday_strategy_readiness_report.md,533,,2026-05-18T13:55:25.120Z,2
a5_rereview_trigger.md,1yG-2QhozqqIcp7bZlaAPNh8GcBFcJnJsFxR_pPKz9Xg,Trade_AI_Docs_v2/docs/project/strategy_proof/a5_rereview_trigger.md,2114,,2026-05-23T00:48:08.685Z,4
a5_rereview_trigger.md,16yqdl13frCQNDpUBnevLsuG_EGiyH8IcEmsLmn9DVrY,Trade_AI_Docs_v2/docs/project/strategy_proof/a5_rereview_trigger.md,2099,,2026-05-23T00:42:03.036Z,4
a5_rereview_trigger.md,14mnMtShPnHOvnTHK63hz8G-oZyng82vBk8oehZG3ZQI,Trade_AI_Docs_v2/docs/project/strategy_proof/a5_rereview_trigger.md,2095,,2026-05-23T00:29:21.974Z,4
a5_rereview_trigger.md,1ikGUIuwkPrS--iGhGjJei9xWgcXhyM73AHCasbQyUJg,Trade_AI_Docs_v2/docs/project/strategy_proof/a5_rereview_trigger.md,2090,,2026-05-23T00:14:35.978Z,4
a5_safety_review.md,1bDIt8juKK-CS9ehGrP6_2O1ZqSKxEp-f2c7ND2fq86g,Trade_AI_Docs_v2/docs/_archive/2026-05-24_cleanup/completed_phases/a5_final_observation_review/a5_safety_review.md,1604,,2026-05-28T18:17:08.359Z,4
a5_safety_review.md,1chDR_bGa2CkDBKB6FoC6xKhfQYfFekUygOlLzven5IE,Trade_AI_Docs_v2/docs/project/a5_final_observation_review/a5_safety_review.md,1605,,2026-05-23T00:02:32.310Z,4
a5_safety_review.md,1JvfVbB42gJmNrhZVb4NHsltr_h6BTATRaoQTJHbrDto,Trade_AI_Docs_v2/docs/project/a5_final_observation_review/a5_safety_review.md,1605,,2026-05-22T23:34:07.058Z,4
a5_safety_review.md,1PKv_uH9HTY8JoueqFGp5QHEtf5otfIPAoEEk0KSVftg,Trade_AI_Docs_v2/docs/project/a5_final_observation_review/a5_safety_review.md,1605,,2026-05-22T23:28:39.908Z,4
a5_strategy_proof_status.md,15UUTuU0b4sXvPAq6lYI8l-kRZc7STh1S8qEoZ_4ispQ,Trade_AI_Docs_v2/docs/_archive/2026-05-24_cleanup/completed_phases/a5_final_observation_review/a5_strategy_proof_status.md,2761,,2026-05-28T18:17:12.168Z,4
a5_strategy_proof_status.md,14Yq_WIEZabs-N6aHWP9uhndWG8ZF2mzJGWgPeQsWmPU,Trade_AI_Docs_v2/docs/project/a5_final_observation_review/a5_strategy_proof_status.md,2756,,2026-05-23T00:02:35.504Z,4
a5_strategy_proof_status.md,1uKMv6yqARZQ3jGc28nW1CJKYE9uOTH3ii_cxWQ65cEQ,Trade_AI_Docs_v2/docs/project/a5_final_observation_review/a5_strategy_proof_status.md,2763,,2026-05-22T23:34:10.812Z,4
a5_strategy_proof_status.md,1206IB0uBOl9VE95CKUriC8hcn5diaKY3JVgZbH1Dxc4,Trade_AI_Docs_v2/docs/project/a5_final_observation_review/a5_strategy_proof_status.md,2761,,2026-05-22T23:28:43.524Z,4
agent-collaboration.json,1h8EVlVdMAsx62jL5rBQFLjaO-y0Le7kk,Trade_AI_Docs_v2/docs/atm_lifecycle_v1_2026_05_26/journal_learning_backtesting_v3_6_design/api_payloads/agent-collaboration.json,86219,,2026-05-28T18:01:25.807Z,2
agent-collaboration.json,17l0F4DVyXhSIM2PgkvfwaJIuwoI6v5ml,Trade_AI_Docs_v2/docs/atm_lifecycle_v1_2026_05_26/full_lifecycle_acceleration_v3_0/api_payloads/agent-collaboration.json,90676,,2026-05-28T17:54:27.324Z,2
agent-collaboration_desktop.png,1hrosMyUqMO3Zg6saVCoy-1lT_88qPEh3,Trade_AI_Docs_v2/ui_redesign/screenshots/agent-collaboration_desktop.png,176423,,2026-05-25T15:08:56.561Z,2
agent-collaboration_desktop.png,1LoJ1jY3cjTXUi4N6TzL4a4yxaiR7eE2i,Trade_AI_Docs_v2/docs/ui_redesign/screenshots/agent-collaboration_desktop.png,228312,,2026-05-28T18:58:25.486Z,2
agent-pipeline.json,1qXz608HhXDLVWL771UFOAm0PW4PlETTb,Trade_AI_Docs_v2/ui_redesign/samples/agent-pipeline.json,10917,,2026-05-25T14:39:47.526Z,3
agent-pipeline.json,1NRCFujRxsHp-aSKUfP25d4kGQORHfDZ1,Trade_AI_Docs_v2/docs/ui_redesign/samples/agent-pipeline.json,10917,,2026-05-28T18:46:49.923Z,3
agent-pipeline.json,1XsPL3NCcI8vIu2g31XGayawKF8SKQdAN,Trade_AI_Docs_v2/docs/ui_audits/post_8b348c3/endpoints/agent-pipeline.json,81473,,2026-05-28T16:58:07.605Z,3
agent_pipeline.png,1WEk9YrceAhdugL2olWcBst41NnGKpleO,Trade_AI_Docs_v2/docs/_generated/ui_audit_screenshots/audit_7777_20260523_1921/7777/agent_pipeline.png,472697,,2026-05-28T19:01:20.951Z,2
agent_pipeline.png,1TLBr8BmjCLe8jgcQF91uoTCLdQlzp3tj,Trade_AI_Docs_v2/docs/ui_audits/post_8b348c3/screenshots/agent_pipeline.png,480833,,2026-05-28T16:57:30.438Z,2
agents_bible.md,1c9Bg1_mhLVYCgDl4ws_UWbKp_Vro5i1xdM1Vy-E2hDQ,Trade_AI_Docs_v2/docs/_archive/2026-05-24_cleanup/old_versions/agents_bible.md,26536,,2026-05-28T18:42:16.775Z,3
agents_bible.md,19rgu_foRGYd3Z6NxEobOnNxLuBUtj7S30SKDa6or-Rg,Trade_AI_Docs_v2/docs/project/agents_bible.md,26539,,2026-05-21T02:32:48.964Z,3
agents_bible.md,1w28NHdXfrqtFmn46EhcoHi8nyewCpHeE,Trade_AI_Docs_v2/docs/project/agents_bible.md,30579,,2026-05-17T23:14:18.982Z,3
ai_analyst.png,1S4yOEoUnxK085BbsVSYLH8fqpPM1pznB,Trade_AI_Docs_v2/docs/_generated/ui_audit_screenshots/audit_7777_20260523_1921/7777/ai_analyst.png,410163,,2026-05-28T19:01:57.919Z,2
ai_analyst.png,1PwY3ENlvz-YUrNUFY6Vwe9bt3YUT8e9j,Trade_AI_Docs_v2/docs/ui_audits/post_8b348c3/screenshots/ai_analyst.png,404526,,2026-05-28T16:57:35.648Z,2
alert1_dwsn_dry_run_message.md,1TUsalExgK-szFUvh0TmxuzvVl2BPmxep,Trade_AI_Docs_v2/docs/alerts/phase_alert1_telegram_actionable_proposals/alert1_dwsn_dry_run_message.md,100,,2026-05-18T17:41:04.643Z,2
alert1_dwsn_dry_run_message.md,1Omoqn5Wssvydozk_gVwpq2qf8dni-r89Rf2NTRE2l4s,Trade_AI_Docs_v2/docs/_archive/2026-05-24_cleanup/completed_phases/phase_alert1_telegram_actionable_proposals/alert1_dwsn_dry_run_message.md,1287,,2026-05-28T18:10:48.169Z,2
alert1_safety_audit.md,1665jMYEazRaCLYdWuyEFIgNUm87q823m,Trade_AI_Docs_v2/docs/alerts/phase_alert1_telegram_actionable_proposals/alert1_safety_audit.md,519,,2026-05-18T17:40:58.666Z,2
alert1_safety_audit.md,1Y_8dJVM5BjvYhsz-KKGuU5_UXRU4Ve9iQO1qKDc-0wQ,Trade_AI_Docs_v2/docs/_archive/2026-05-24_cleanup/completed_phases/phase_alert1_telegram_actionable_proposals/alert1_safety_audit.md,1726,,2026-05-28T18:10:39.677Z,2
alert2_dwsn_approve_blocked_report.md,1LvT9U6Bg1WL9fnwE2FQn800AAC99NtT_,Trade_AI_Docs_v2/docs/alerts/phase_alert2_telegram_callbacks/alert2_dwsn_approve_blocked_report.md,471,,2026-05-19T00:14:03.760Z,2
alert2_dwsn_approve_blocked_report.md,1md9vI_7_RycznpluIRSjxQUMrlSoz6PE1DCeGUZ-rHw,Trade_AI_Docs_v2/docs/_archive/2026-05-24_cleanup/completed_phases/phase_alert2_telegram_callbacks/alert2_dwsn_approve_blocked_report.md,1048,,2026-05-28T18:36:01.886Z,2
alert2_dwsn_rebuild_dry_run_report.md,1Z_A1yzFzBw1dbljEODgzs2rF9UK1lRmc,Trade_AI_Docs_v2/docs/alerts/phase_alert2_telegram_callbacks/alert2_dwsn_rebuild_dry_run_report.md,105,,2026-05-19T00:14:07.321Z,2
alert2_dwsn_rebuild_dry_run_report.md,1IX8xxwuvafle7QiQ7xp9b8UzyQNQw9x7oeQmCwigGQY,Trade_AI_Docs_v2/docs/_archive/2026-05-24_cleanup/completed_phases/phase_alert2_telegram_callbacks/alert2_dwsn_rebuild_dry_run_report.md,1024,,2026-05-28T18:36:06.784Z,2
alert2_safety_audit.md,1iWI2PG-cYBmtn6r6TCnXt6dbI5l3bme2,Trade_AI_Docs_v2/docs/alerts/phase_alert2_telegram_callbacks/alert2_safety_audit.md,543,,2026-05-19T00:14:12.741Z,2
alert2_safety_audit.md,12D0XmR0HG9QBbuV7P9RHK04pRwYftq1s8Z9wQLXN0Zc,Trade_AI_Docs_v2/docs/_archive/2026-05-24_cleanup/completed_phases/phase_alert2_telegram_callbacks/alert2_safety_audit.md,1747,,2026-05-28T18:36:15.535Z,2
alert3_menu_location.md,1-CxP9dHmdDPfamGOTJRUXpOnkmXjzuRc,Trade_AI_Docs_v2/docs/alerts/phase_alert3_dedicated_channel_and_page/alert3_menu_location.md,311,,2026-05-19T00:37:33.653Z,2
alert3_menu_location.md,1-MnblgjG2Py8bEcFJoy1VhKkZXWjKAh5uNk462MOel0,Trade_AI_Docs_v2/docs/_archive/2026-05-24_cleanup/completed_phases/phase_alert3_dedicated_channel_and_page/alert3_menu_location.md,1240,,2026-05-28T18:32:08.588Z,2
alert3_safety_audit.md,1ZFdeowOxskrT7ca5hGeFsImEMbmp8YIZ,Trade_AI_Docs_v2/docs/alerts/phase_alert3_dedicated_channel_and_page/alert3_safety_audit.md,461,,2026-05-19T00:37:30.015Z,2
alert3_safety_audit.md,13J6wAz6qqWNw3hIuN8xQpBlzXILhFbvjnGlYRdFiOqA,Trade_AI_Docs_v2/docs/_archive/2026-05-24_cleanup/completed_phases/phase_alert3_dedicated_channel_and_page/alert3_safety_audit.md,1685,,2026-05-28T18:31:34.930Z,2
alert3c_manual_channel_confirmation.md,1jmWl48G7j5Y0pokEKc-hWsUSb9OPR47k,Trade_AI_Docs_v2/docs/alerts/phase_alert3_dedicated_channel_and_page/channel_config/alert3c_manual_channel_confirmation.md,546,,2026-05-19T02:20:00.653Z,2
alert3c_manual_channel_confirmation.md,1kLs9wJDXV2RIn6iZG5ZSJgljhnP9HNquGhkEhbTYZAU,Trade_AI_Docs_v2/docs/_archive/2026-05-24_cleanup/completed_phases/phase_alert3_dedicated_channel_and_page/channel_config/alert3c_manual_channel_confirmation.md,1442,,2026-05-28T18:31:21.178Z,2
alert3c_preflight.md,1l9_sLCmpwW2I-eI-gWo8kePNyPDTTNQ-,Trade_AI_Docs_v2/docs/alerts/phase_alert3_dedicated_channel_and_page/channel_config/alert3c_preflight.md,935,,2026-05-19T01:10:20.797Z,2
alert3c_preflight.md,1l0SNfaUSmefv5AftbnRf41LWg8c8XgP-XDDLM0HTog0,Trade_AI_Docs_v2/docs/_archive/2026-05-24_cleanup/completed_phases/phase_alert3_dedicated_channel_and_page/channel_config/alert3c_preflight.md,2412,,2026-05-28T18:31:24.753Z,2
alert3c_routing_policy_verification.md,1q9kcO8wJllOBCK49uSlI7UrPuq55cH03,Trade_AI_Docs_v2/docs/alerts/phase_alert3_dedicated_channel_and_page/channel_config/alert3c_routing_policy_verification.md,474,,2026-05-19T02:20:02.478Z,2
alert3c_routing_policy_verification.md,1mtnDqp0_j8thDwWmml63PXIjdiLr16nlujkayjwn2e8,Trade_AI_Docs_v2/docs/_archive/2026-05-24_cleanup/completed_phases/phase_alert3_dedicated_channel_and_page/channel_config/alert3c_routing_policy_verification.md,1358,,2026-05-28T18:31:28.289Z,2
alert3c_safety_audit.md,1kaeRG0-ACwdPaliAaow19NHqUAFKSQhQ,Trade_AI_Docs_v2/docs/alerts/phase_alert3_dedicated_channel_and_page/channel_config/alert3c_safety_audit.md,848,,2026-05-19T02:20:04.232Z,3
alert3c_safety_audit.md,1c9De80vKhT73oAJZwds_3vb-s733Bj4h,Trade_AI_Docs_v2/docs/alerts/phase_alert3_dedicated_channel_and_page/channel_config/alert3c_safety_audit.md,453,,2026-05-19T01:10:22.610Z,3
alert3c_safety_audit.md,158gjj7FmkZJ1eA0lAgt2S_U3ds0KgpImUKUf_vQ-rk0,Trade_AI_Docs_v2/docs/_archive/2026-05-24_cleanup/completed_phases/phase_alert3_dedicated_channel_and_page/channel_config/alert3c_safety_audit.md,1930,,2026-05-28T18:31:31.814Z,3
alert3d_bidirectional_test_matrix.md,1yllYgvFNy-SGExE0WQaSFqrTvL4JV8jJ,Trade_AI_Docs_v2/docs/alerts/phase_alert3_dedicated_channel_and_page/bidirectional_test/alert3d_bidirectional_test_matrix.md,1248,,2026-05-19T03:09:50.338Z,2
alert3d_bidirectional_test_matrix.md,1Sf5ft6Pw-T6vY3yXWZ3iXAElODAREWsSKoq_u8dFSwo,Trade_AI_Docs_v2/docs/_archive/2026-05-24_cleanup/completed_phases/phase_alert3_dedicated_channel_and_page/bidirectional_test/alert3d_bidirectional_test_matrix.md,2111,,2026-05-28T18:31:06.761Z,2
alert3d_local_approve_blocked_report.md,13eYJNoEgaSSlwsNFoifk43v2et399WH4,Trade_AI_Docs_v2/docs/alerts/phase_alert3_dedicated_channel_and_page/bidirectional_test/alert3d_local_approve_blocked_report.md,476,,2026-05-19T03:09:48.239Z,2
alert3d_local_approve_blocked_report.md,1_oLd67TWoeA1XcNjacD8Ukt7mBWO3nuLMDTBDPgIp48,Trade_AI_Docs_v2/docs/_archive/2026-05-24_cleanup/completed_phases/phase_alert3_dedicated_channel_and_page/bidirectional_test/alert3d_local_approve_blocked_report.md,1062,,2026-05-28T18:31:03.407Z,2
alert3d_local_rebuild_dry_run_report.md,1prWvNNqwNn3hUHLBDgHXZZLN5SY7Xb6q,Trade_AI_Docs_v2/docs/alerts/phase_alert3_dedicated_channel_and_page/bidirectional_test/alert3d_local_rebuild_dry_run_report.md,105,,2026-05-19T03:09:57.875Z,2
alert3d_local_rebuild_dry_run_report.md,15-rFiPinKXI2p4Bw66TGG-5Aob5Y0cwm83E2DfiuRKc,Trade_AI_Docs_v2/docs/_archive/2026-05-24_cleanup/completed_phases/phase_alert3_dedicated_channel_and_page/bidirectional_test/alert3d_local_rebuild_dry_run_report.md,1024,,2026-05-28T18:31:17.155Z,2
alert3d_test_results.md,1yFCp04zVFJbEKebAvovYcl5LAJR728NO,Trade_AI_Docs_v2/docs/alerts/phase_alert3_dedicated_channel_and_page/bidirectional_test/alert3d_test_results.md,190,,2026-05-19T03:09:52.335Z,2
alert3d_test_results.md,1pR50iS-qqdgg0KNxP1Okmvfae742BjbDYPH2ePGBTyU,Trade_AI_Docs_v2/docs/_archive/2026-05-24_cleanup/completed_phases/phase_alert3_dedicated_channel_and_page/bidirectional_test/alert3d_test_results.md,1063,,2026-05-28T18:31:09.996Z,2
alert3t_dwsn_approve_blocked_report.md,1FTzHHqVCCm_0gzEC_V-8vJP-39UAvuxg,Trade_AI_Docs_v2/docs/alerts/phase_alert3_dedicated_channel_and_page/test_validation/alert3t_dwsn_approve_blocked_report.md,476,,2026-05-19T00:54:14.924Z,2
alert3t_dwsn_approve_blocked_report.md,1fIu2D2q6XVfWWY09UJPvv_8KvTxAa5o-ofNpcoURFI8,Trade_AI_Docs_v2/docs/_archive/2026-05-24_cleanup/completed_phases/phase_alert3_dedicated_channel_and_page/test_validation/alert3t_dwsn_approve_blocked_report.md,1060,,2026-05-28T18:31:47.544Z,2
alert3t_dwsn_dedicated_channel_dry_run_message.md,1dEjJR-ulDXXlZguYmgXBJVJHK1k2patP,Trade_AI_Docs_v2/docs/alerts/phase_alert3_dedicated_channel_and_page/test_validation/alert3t_dwsn_dedicated_channel_dry_run_message.md,100,,2026-05-19T00:54:16.744Z,2
alert3t_dwsn_dedicated_channel_dry_run_message.md,1NPC_o-J4YFI9MEnPy1lFUD9HxLALQj3g2EIU90omJdg,Trade_AI_Docs_v2/docs/_archive/2026-05-24_cleanup/completed_phases/phase_alert3_dedicated_channel_and_page/test_validation/alert3t_dwsn_dedicated_channel_dry_run_message.md,1285,,2026-05-28T18:31:51.257Z,2
alert3t_dwsn_rebuild_dry_run_report.md,1q1kDAg7NyqlMiAng_n9XD0J8n-uL67xU,Trade_AI_Docs_v2/docs/alerts/phase_alert3_dedicated_channel_and_page/test_validation/alert3t_dwsn_rebuild_dry_run_report.md,105,,2026-05-19T00:54:18.664Z,2
alert3t_dwsn_rebuild_dry_run_report.md,1kiYNRAlVwF4t-d4tseP3C43dejASn4SIyN58Df7MrPc,Trade_AI_Docs_v2/docs/_archive/2026-05-24_cleanup/completed_phases/phase_alert3_dedicated_channel_and_page/test_validation/alert3t_dwsn_rebuild_dry_run_report.md,1024,,2026-05-28T18:31:54.787Z,2
alert3t_e2e_test_matrix.md,1XnMjpRyD4E5KpneLC1Ea3YHZcoAIlmSH,Trade_AI_Docs_v2/docs/alerts/phase_alert3_dedicated_channel_and_page/test_validation/alert3t_e2e_test_matrix.md,1550,,2026-05-19T00:54:22.403Z,2
alert3t_e2e_test_matrix.md,1FaX3oCTpV3-7OIGasTsUpRKRPpyUHK2LjXBTxLPb11I,Trade_AI_Docs_v2/docs/_archive/2026-05-24_cleanup/completed_phases/phase_alert3_dedicated_channel_and_page/test_validation/alert3t_e2e_test_matrix.md,2500,,2026-05-28T18:32:00.230Z,2
alert3t_safety_audit.md,1lP65qCF-TtY_magJBP9dCEAgE6_8FXaK,Trade_AI_Docs_v2/docs/alerts/phase_alert3_dedicated_channel_and_page/test_validation/alert3t_safety_audit.md,577,,2026-05-19T00:54:11.171Z,2
alert3t_safety_audit.md,1obFqhC1wcZ36dir8pCmYIWNMdNfcUD6M_8MbbXfEja0,Trade_AI_Docs_v2/docs/_archive/2026-05-24_cleanup/completed_phases/phase_alert3_dedicated_channel_and_page/test_validation/alert3t_safety_audit.md,1784,,2026-05-28T18:31:42.566Z,2
alert3t_test_results.md,10H7eWCaCjNWPcMkxhuI8S_SyIAqDOWE_,Trade_AI_Docs_v2/docs/alerts/phase_alert3_dedicated_channel_and_page/test_validation/alert3t_test_results.md,214,,2026-05-19T00:54:24.200Z,2
alert3t_test_results.md,13qihmJd_k_ktT82laTr9BDPbiwvbQ9e0oBBsDYGzY1U,Trade_AI_Docs_v2/docs/_archive/2026-05-24_cleanup/completed_phases/phase_alert3_dedicated_channel_and_page/test_validation/alert3t_test_results.md,1509,,2026-05-28T18:32:03.739Z,2
alert_routing_simulation.json,1i-uu2fQwO0TIm15TfUApoolb6RrXMozx,Trade_AI_Docs_v2/docs/notifications/alert_fatigue_1/alert_routing_simulation.json,2858,,2026-05-23T00:41:16.141Z,2
alert_routing_simulation.json,1QzMjrzHm6wis1JTqoy2IbeC4_SW46O4l,Trade_AI_Docs_v2/docs/notifications/alert_fatigue_1/alert_routing_simulation.json,2858,,2026-05-23T00:28:35.366Z,2
alerts-dashboard.json,1Zat5Tv8IZEC_yaeCXtvXBigqioDSKXpM,Trade_AI_Docs_v2/ui_redesign/samples/alerts-dashboard.json,2384,,2026-05-25T14:39:49.377Z,2
alerts-dashboard.json,1lG2j84jRzjG2U8VchqkWcmK3RmSipN-x,Trade_AI_Docs_v2/docs/ui_redesign/samples/alerts-dashboard.json,2384,,2026-05-28T18:46:40.818Z,2
alerts.json,1cbWmltF3LwV4pa3i9Ng-A6epvXFNJbLU,Trade_AI_Docs_v2/docs/atm_lifecycle_v1_2026_05_26/api_samples/alerts.json,74567,,2026-05-28T17:25:07.657Z,2
alerts.json,1Tq8IprmxLHK_CuZYjKQYg2cdBZ5TmQdy,Trade_AI_Docs_v2/docs/ui_audits/post_8b348c3/endpoints/alerts.json,103558,,2026-05-28T16:57:57.098Z,2
alerts.png,1h0ecZpozd_fgZVWo3a-J3dm16mne96XY,Trade_AI_Docs_v2/docs/_generated/ui_audit_screenshots/audit_7777_20260523_1921/7777/alerts.png,71668,,2026-05-28T19:03:09.329Z,2
alerts.png,1_kcwVwYm18zT4xuXSaYCxj8PsINaZBR9,Trade_AI_Docs_v2/docs/ui_audits/post_8b348c3/screenshots/alerts.png,95659,,2026-05-28T16:57:53.716Z,2
alerts_desktop.png,1Ic6LL5Qe8EtQ8YivCCT0QY_GmGQJuR90,Trade_AI_Docs_v2/ui_redesign/screenshots/alerts_desktop.png,100507,,2026-05-25T15:09:13.170Z,2
alerts_desktop.png,11XI4K7FsDarMKlODJsp4NCjg8cz21j6V,Trade_AI_Docs_v2/docs/ui_redesign/screenshots/alerts_desktop.png,102323,,2026-05-28T18:58:23.070Z,2
alpaca_mode,15Ep3HTftAzMBYPcjpQNe6QQn3GQFlM-AviFMMlX91eo,Trade_AI_Docs_v2/docs/ui_audits/2026-05-23_command_center_fix/discovery/alpaca_mode,1024,,2026-05-28T16:59:06.006Z,2
alpaca_mode,1NU_dk3qR-KBpV0L46QOCJ4vJ6TVdsTl1ilkv5Zy0mK0,Trade_AI_Docs_v2/docs/ui_audits/2026-05-23_command_center_reliability_fix/discovery/alpaca_mode,1024,,2026-05-28T16:56:40.330Z,2
alpaca_paper_adapter.py,1HL1G-porzvlOeZ7qzlWEOn3jLa_WP2D4,Trade_AI_Docs_v2/docs/atm_lifecycle_v1_2026_05_26/backups/v3_3_v3_4_pre_apply_20260527_095544/alpaca_paper_adapter.py,41881,,2026-05-28T17:23:58.552Z,2
alpaca_paper_adapter.py,158Ev7hYNCV9F_Gr5cgW0bnkibSCSrqtT,Trade_AI_Docs_v2/docs/atm_audit_2026_05_26/source_snapshot/alpaca_paper_adapter.py,41270,,2026-05-28T17:04:16.997Z,2
api_handler_chat_context.py,1IAYeUwSfXdEUio3DILcxLRJiwyni5YSp,Trade_AI_Docs_v2/docs/_archive/archive/2026-04-27_pre_bible/morning_brief_redesign_kit/api_handler_chat_context.py,12221,,2026-05-18T00:02:04.565Z,2
api_handler_chat_context.py,1auhFO4fOV5p5undwyjuxnG5cOZ-JAQxc,Trade_AI_Docs_v2/docs/archive/2026-04-27_pre_bible/morning_brief_redesign_kit/api_handler_chat_context.py,12221,,2026-05-17T22:44:14.430Z,2
api_handler_overview.py,1hXFwxYusy_t_ld3DU5sIlOwO8BuK8zxU,Trade_AI_Docs_v2/docs/_archive/archive/2026-04-27_pre_bible/morning_brief_redesign_kit/api_handler_overview.py,7321,,2026-05-18T00:02:02.678Z,2
api_handler_overview.py,1BaqY9dMNQaFP9_EKUqJcI-DRJ91jWt-A,Trade_AI_Docs_v2/docs/archive/2026-04-27_pre_bible/morning_brief_redesign_kit/api_handler_overview.py,7321,,2026-05-17T22:44:12.789Z,2
api_handler_risk.py,1tzubUU_B1v2lMdzoB1daotZnIEj9bdJI,Trade_AI_Docs_v2/docs/_archive/archive/2026-04-27_pre_bible/morning_brief_redesign_kit/api_handler_risk.py,7374,,2026-05-18T00:02:08.866Z,2
api_handler_risk.py,1pOTtllwCgQ-oXLkdE4_Ti5_vbWyj3Ptz,Trade_AI_Docs_v2/docs/archive/2026-04-27_pre_bible/morning_brief_redesign_kit/api_handler_risk.py,7374,,2026-05-17T22:44:18.101Z,2
api_v2.py,1EOuym989j1tStLP0RnTMuVByn6zOdt8F,Trade_AI_Docs_v2/docs/atm_lifecycle_v1_2026_05_26/backups/v3_3_v3_4_pre_apply_20260527_095544/api_v2.py,1090559,,2026-05-28T17:23:56.440Z,7
api_v2.py,1nC9wY-c5qByi84DZWeA-ASJuinfxf02n,Trade_AI_Docs_v2/docs/atm_lifecycle_v1_2026_05_26/backups/v3_1_v3_2_pre_traceability_20260527_084653/api_v2.py,1087671,,2026-05-28T17:23:37.809Z,7
api_v2.py,1eAPJuwfzJ4kyFQDFCEYCMWCe7AlmzwNm,Trade_AI_Docs_v2/docs/atm_lifecycle_v1_2026_05_26/backups/v3_6_pre_apply_20260527_211907/api_v2.py,1123795,,2026-05-28T17:23:23.959Z,7
api_v2.py,1hfDrxS6NheCXCd1nkSB47IEx8ABaWdmV,Trade_AI_Docs_v2/docs/atm_lifecycle_v1_2026_05_26/backups/audit_fix_all_20260527_220110/api_v2.py,1130876,,2026-05-28T17:23:21.042Z,7
api_v2.py,1kyEvyqtA_6vlAqL4NjckGmCbuKP8jF-4,Trade_AI_Docs_v2/docs/atm_lifecycle_v1_2026_05_26/backups/v3_8_pre_apply_20260527_224052/api_v2.py,1133378,,2026-05-28T17:23:11.917Z,7
api_v2.py,1w_C0kFBwN-Bj-TaY1gYePBbAnNq70iJb,Trade_AI_Docs_v2/docs/atm_lifecycle_v1_2026_05_26/backups/v3_5_pre_apply_20260527_161658/api_v2.py,1103691,,2026-05-28T17:23:05.276Z,7
api_v2.py,1sc-hD3t8PNfJe173pOZrEwaYdwX-MeC3,Trade_AI_Docs_v2/docs/atm_lifecycle_v1_2026_05_26/backups/v3_7_pre_apply_20260527_220426/api_v2.py,1130876,,2026-05-28T17:22:52.003Z,7
app_documentation_scope.md,1sVIm0gOa8IviNoSWe1rbpMem1Krc_3YUClI6DqY7CPw,Trade_AI_Docs_v2/docs/_archive/archive/2026-04-27_pre_bible/handoff_2026-04-19/app_documentation_scope.md,22329,,2026-05-21T02:56:28.684Z,4
app_documentation_scope.md,1kl5iIlIr48PIrUnMs_U8eEXBzfx4DIM0,Trade_AI_Docs_v2/docs/_archive/archive/2026-04-27_pre_bible/handoff_2026-04-19/app_documentation_scope.md,19964,,2026-05-18T00:06:41.482Z,4
app_documentation_scope.md,1byB1DdLULHA83zc9v7MA_HDT6PyYkeTn,Trade_AI_Docs_v2/docs/archive/2026-04-27_pre_bible/handoff_2026-04-19/app_documentation_scope.md,19964,,2026-05-17T23:06:08.899Z,4
app_documentation_scope.md,1N-iTxtyBqZcmAuBR1J6fTAZ6qeOuOGGr,Trade_AI_Docs_v2/docs/archive/2026-04-27_pre_bible/handoff_2026-04-19/app_documentation_scope.md,19964,,2026-05-17T22:48:57.658Z,4
atm_active_config_change_plan.md,1XkgmrZ0vRr7AghRYt_C1F_ttVY68sKL8vLMkDPMGKsQ,Trade_AI_Docs_v2/docs/atm/atm_burnin_limited_active/day1/atm_active_config_change_plan.md,2975,,2026-05-23T00:05:01.707Z,6
atm_active_config_change_plan.md,10xh9eO3j0_kAdhyjlYEeoS5WoXeGP35KWN3j1w1TmVM,Trade_AI_Docs_v2/docs/atm/atm_burnin_limited_active/day1/atm_active_config_change_plan.md,2974,,2026-05-23T00:01:27.891Z,6
atm_active_config_change_plan.md,1i2pFNkff8Tvl-knlhMAPkDUCBKfzc37aPOtMubkXuc0,Trade_AI_Docs_v2/docs/atm/atm_burnin_limited_active/day1/atm_active_config_change_plan.md,2967,,2026-05-22T23:33:05.521Z,6
atm_active_config_change_plan.md,1iWiXIjXkviMDG0HlE4EA4GTRvJ6PLOoATqJwxtcqzL8,Trade_AI_Docs_v2/docs/atm/atm_burnin_limited_active/day1/atm_active_config_change_plan.md,2972,,2026-05-22T23:27:41.468Z,6
atm_active_config_change_plan.md,1c7WUQs2kZgUw_yoo8s74l0qMrSPYrH3fVsa0JTGm4Hk,Trade_AI_Docs_v2/docs/atm/atm_burnin_limited_active/day1/atm_active_config_change_plan.md,2997,,2026-05-22T23:09:46.383Z,6
atm_active_config_change_plan.md,1pASI7Mh-TL0l97uyL5nP6F3a757x7p6CRqiu8xVSyQ0,Trade_AI_Docs_v2/docs/atm/atm_burnin_limited_active/day1/atm_active_config_change_plan.md,2968,,2026-05-22T23:00:18.657Z,6
atm_active_deferral_report.md,1sUgQ5KSRW0AF1zKB0IHGZ4S4jURqQ9aafaYkYAIMaeA,Trade_AI_Docs_v2/docs/atm/atm_burnin_limited_active/day1/atm_active_deferral_report.md,2764,,2026-05-23T00:04:54.540Z,5
atm_active_deferral_report.md,1uWAUDdMfdBtniDKdJAodgVkPforevDeqtZqvDPVCY_M,Trade_AI_Docs_v2/docs/atm/atm_burnin_limited_active/day1/atm_active_deferral_report.md,2765,,2026-05-23T00:01:21.196Z,5
atm_active_deferral_report.md,1_tfokdtqwx0u5mONIEcwU1T0LQ8Zu-bwCyzOaRuI0fQ,Trade_AI_Docs_v2/docs/atm/atm_burnin_limited_active/day1/atm_active_deferral_report.md,2783,,2026-05-22T23:32:59.103Z,5
atm_active_deferral_report.md,1X-KfOTHDpf4GNVlbeOuqlb638X2Mj93i2l5DN3317og,Trade_AI_Docs_v2/docs/atm/atm_burnin_limited_active/day1/atm_active_deferral_report.md,2762,,2026-05-22T23:27:34.985Z,5
atm_active_deferral_report.md,1lWbHAdQO4V1joIHZFJ6it4_d6v9bBVQrys7ECz9v8ho,Trade_AI_Docs_v2/docs/atm/atm_burnin_limited_active/day1/atm_active_deferral_report.md,2398,,2026-05-22T23:09:39.722Z,5
atm_active_pre_stop_reconciliation.json,1ni_2IynXflQjS3-7K_wfxfZLE6dFFonl,Trade_AI_Docs_v2/docs/atm/atm_burnin_limited_active/day1/atm_active_pre_stop_reconciliation.json,2751,,2026-05-23T00:05:03.230Z,6
atm_active_pre_stop_reconciliation.json,1Q3rUZ4Z-jSWwyT8Ot9HYeBX4Ye2iRNeQ,Trade_AI_Docs_v2/docs/atm/atm_burnin_limited_active/day1/atm_active_pre_stop_reconciliation.json,2751,,2026-05-23T00:01:29.333Z,6
atm_active_pre_stop_reconciliation.json,1kcGi55JIevOywLS7E-Nqj-P5kX3-Mpzh,Trade_AI_Docs_v2/docs/atm/atm_burnin_limited_active/day1/atm_active_pre_stop_reconciliation.json,2751,,2026-05-22T23:33:07.081Z,6
atm_active_pre_stop_reconciliation.json,1jwCtCG0ybZD8eLuYfLRBHxRWutI2hEqi,Trade_AI_Docs_v2/docs/atm/atm_burnin_limited_active/day1/atm_active_pre_stop_reconciliation.json,2751,,2026-05-22T23:27:43.041Z,6
atm_active_pre_stop_reconciliation.json,1bNfYryW8Q0O4AS71GmsC4ORQLRUCflaI,Trade_AI_Docs_v2/docs/atm/atm_burnin_limited_active/day1/atm_active_pre_stop_reconciliation.json,2751,,2026-05-22T23:09:47.874Z,6
atm_active_pre_stop_reconciliation.json,1Gakl-_mn2fT_75h6UugWyfyMoLA8w7Qr,Trade_AI_Docs_v2/docs/atm/atm_burnin_limited_active/day1/atm_active_pre_stop_reconciliation.json,2751,,2026-05-22T23:00:20.124Z,6
atm_active_pre_stop_reconciliation.md,1Ny5M76iZ1QEGJhkR8OTfTorKh3A_oWMwSPdpu4aajDg,Trade_AI_Docs_v2/docs/atm/atm_burnin_limited_active/day1/atm_active_pre_stop_reconciliation.md,2197,,2026-05-23T00:05:06.098Z,6
atm_active_pre_stop_reconciliation.md,1u18rKiZuAzZP0V7ScS4EV_JjPOcE-6jTkV_ZQnmYDLU,Trade_AI_Docs_v2/docs/atm/atm_burnin_limited_active/day1/atm_active_pre_stop_reconciliation.md,2178,,2026-05-23T00:01:32.728Z,6
atm_active_pre_stop_reconciliation.md,1EuWAZVaaECHH21R0T5W4VKK_X5i0Rq6num1DHyj9A-s,Trade_AI_Docs_v2/docs/atm/atm_burnin_limited_active/day1/atm_active_pre_stop_reconciliation.md,2178,,2026-05-22T23:33:10.690Z,6
atm_active_pre_stop_reconciliation.md,1OlzX_XRXlKr4MmIx6VUXHLzIHU7EY5_jmAZsgXd8Fjc,Trade_AI_Docs_v2/docs/atm/atm_burnin_limited_active/day1/atm_active_pre_stop_reconciliation.md,2177,,2026-05-22T23:27:46.582Z,6
atm_active_pre_stop_reconciliation.md,1HdoTnj8D-MliNXVyL-lyKSPTMHJ_P69zBzVeEHNmGZ0,Trade_AI_Docs_v2/docs/atm/atm_burnin_limited_active/day1/atm_active_pre_stop_reconciliation.md,2178,,2026-05-22T23:09:51.524Z,6
atm_active_pre_stop_reconciliation.md,1P5rm8_JrbTL2bkmBZq8KtXexWyWAMbI5ntSshz8NLe0,Trade_AI_Docs_v2/docs/atm/atm_burnin_limited_active/day1/atm_active_pre_stop_reconciliation.md,2178,,2026-05-22T23:00:23.602Z,6
atm_active_preflight.md,1882ToN1STcMDzVQAQcxCKLyBUHaCcv38Pmv-7Nnlj1o,Trade_AI_Docs_v2/docs/atm/atm_burnin_limited_active/day1/atm_active_preflight.md,3978,,2026-05-23T00:04:58.171Z,6
atm_active_preflight.md,1VNKV6rEgUWQ_29zXBeCIRttgyxA3VWb4aOMx-YoibQU,Trade_AI_Docs_v2/docs/atm/atm_burnin_limited_active/day1/atm_active_preflight.md,3977,,2026-05-23T00:01:24.531Z,6
atm_active_preflight.md,1RTrFVB9GuC6gCEnq8ZXuhHW_RXY8EEGrst21-hPyREo,Trade_AI_Docs_v2/docs/atm/atm_burnin_limited_active/day1/atm_active_preflight.md,3981,,2026-05-22T23:33:02.377Z,6
atm_active_preflight.md,1Pk1jm6UrUK0MKQja9clOrZNF9UK1L6O04XgbEERPfnU,Trade_AI_Docs_v2/docs/atm/atm_burnin_limited_active/day1/atm_active_preflight.md,3980,,2026-05-22T23:27:38.355Z,6
atm_active_preflight.md,1bycQWLqgESciBCefFFDOIipPwoHZXfn0AFMZwJr82_c,Trade_AI_Docs_v2/docs/atm/atm_burnin_limited_active/day1/atm_active_preflight.md,3977,,2026-05-22T23:09:43.177Z,6
atm_active_preflight.md,18f35vqj941mhg_7VTbyoqr4ecS_aOsmHOTjk5aDRVPA,Trade_AI_Docs_v2/docs/atm/atm_burnin_limited_active/day1/atm_active_preflight.md,3978,,2026-05-22T23:00:15.288Z,6
atm_active_safety_audit.md,1QqkzLyRd1zTujAOh0TnzKQNPQyHANOCdWavTcXq_vWk,Trade_AI_Docs_v2/docs/atm/atm_burnin_limited_active/day1/atm_active_safety_audit.md,2168,,2026-05-23T00:05:12.904Z,6
atm_active_safety_audit.md,1iHqVG-UEbpdWv2H3RlNl29ij5Tu5nCGp9aSElJZqzmQ,Trade_AI_Docs_v2/docs/atm/atm_burnin_limited_active/day1/atm_active_safety_audit.md,2168,,2026-05-23T00:01:39.229Z,6
atm_active_safety_audit.md,15ZKdUpAM_VHt3ttdgru12vrUyITIxUbtkE0aX02-eGA,Trade_AI_Docs_v2/docs/atm/atm_burnin_limited_active/day1/atm_active_safety_audit.md,2168,,2026-05-22T23:33:16.925Z,6
atm_active_safety_audit.md,1sn10fnSs0cbCdYm7KnMX_KDV9UisMyWsb6MYjLEYyn4,Trade_AI_Docs_v2/docs/atm/atm_burnin_limited_active/day1/atm_active_safety_audit.md,2168,,2026-05-22T23:27:53.148Z,6
atm_active_safety_audit.md,1ESB0AghdnyeuKhPopNtLdSAseAOq0-8Kzia0-dWprMk,Trade_AI_Docs_v2/docs/atm/atm_burnin_limited_active/day1/atm_active_safety_audit.md,2168,,2026-05-22T23:09:57.995Z,6
atm_active_safety_audit.md,10rp0oNKM3DyFnmoDGd10CXNMq5RzTG1BXQh_5llpYzo,Trade_AI_Docs_v2/docs/atm/atm_burnin_limited_active/day1/atm_active_safety_audit.md,2168,,2026-05-22T23:00:30.297Z,6
atm_active_strategy_scope.md,16ghLWRWnCApW8a61i2qJfnffLlUK9Mvj2RtoVI-ZiAQ,Trade_AI_Docs_v2/docs/atm/atm_burnin_limited_active/day1/atm_active_strategy_scope.md,2463,,2026-05-23T00:05:09.471Z,6
atm_active_strategy_scope.md,14LFgrl8zcImg3bs997N2JRM_pEcaFbtX6REJxYoIqz0,Trade_AI_Docs_v2/docs/atm/atm_burnin_limited_active/day1/atm_active_strategy_scope.md,2466,,2026-05-23T00:01:36.056Z,6
atm_active_strategy_scope.md,1EpxSAkktGoZoWddH80P_DgWDTFx2B_kt9yfE7Rp2TFc,Trade_AI_Docs_v2/docs/atm/atm_burnin_limited_active/day1/atm_active_strategy_scope.md,2481,,2026-05-22T23:33:13.959Z,6
atm_active_strategy_scope.md,1b1NNx8irTeuyE22FvTcbP8Pij1AUwY21YoANLIpGI2Y,Trade_AI_Docs_v2/docs/atm/atm_burnin_limited_active/day1/atm_active_strategy_scope.md,2462,,2026-05-22T23:27:49.834Z,6
atm_active_strategy_scope.md,1u02KHCg_7Y87CEMFcG00rRUhADT_wYSReliqxgxpbOE,Trade_AI_Docs_v2/docs/atm/atm_burnin_limited_active/day1/atm_active_strategy_scope.md,2464,,2026-05-22T23:09:54.921Z,6
atm_active_strategy_scope.md,1dvKTEB3LDWCJqT1BeCCDxy7TE1Xg3sUgU_-evqgWJs0,Trade_AI_Docs_v2/docs/atm/atm_burnin_limited_active/day1/atm_active_strategy_scope.md,2463,,2026-05-22T23:00:27.096Z,6
atm_audit_2026_05_26_FULL_HANDOFF_20260526_1135.tgz,1lsN2EvAhlY2gUwVjbaY81MFnEH-I85tk,Trade_AI_Docs_v2/atm_audit_2026_05_26/atm_audit_2026_05_26_FULL_HANDOFF_20260526_1135.tgz,774219,,2026-05-26T15:26:57.067Z,2
atm_audit_2026_05_26_FULL_HANDOFF_20260526_1135.tgz,16Rc_HPcE94sqnlcrGMMvrfUcS8J_3Ds2,Trade_AI_Docs_v2/docs/atm_audit_2026_05_26_FULL_HANDOFF_20260526_1135.tgz,774219,,2026-05-28T17:20:00.084Z,2
atm_close-reconciliation.json,1TB9eouSoxtsTFuOLkIMdilt-_s7O1AGk,Trade_AI_Docs_v2/docs/atm_lifecycle_v1_2026_05_26/root_cause_reconciliation_v1_9/api_payloads/atm_close-reconciliation.json,1023,,2026-05-28T17:58:53.161Z,3
atm_close-reconciliation.json,178gFzE_Ovy4gpmEYsKbLwB_buqX4jaqC,Trade_AI_Docs_v2/docs/atm_lifecycle_v1_2026_05_26/full_lifecycle_acceleration_v3_0/api_payloads/atm_close-reconciliation.json,1075,,2026-05-28T17:54:18.025Z,3
atm_close-reconciliation.json,1nZpY6hHX2bPfPuj0oJjHy5RmGXdr6xlz,Trade_AI_Docs_v2/docs/atm_lifecycle_v1_2026_05_26/stop_trailing_timestop_v3_5_design/api_payloads/atm_close-reconciliation.json,1075,,2026-05-28T17:26:48.270Z,3
atm_config.json,1SkwRyvo7LkMPoBQZwxw7biVut5zMEqm5,Trade_AI_Docs_v2/docs/atm_lifecycle_v1_2026_05_26/full_lifecycle_acceleration_v3_0/api_payloads/atm_config.json,1994,,2026-05-28T17:54:21.750Z,3
atm_config.json,1v-QSwfmxhNKVkIeR-hsei5gZcOr4tuqB,Trade_AI_Docs_v2/docs/atm_lifecycle_v1_2026_05_26/api_samples/atm_config.json,1023,,2026-05-28T17:25:24.970Z,3
atm_config.json,1d1xtl8uy9krpunuplDpBVj4l4hiVaEE8,Trade_AI_Docs_v2/docs/atm_audit_2026_05_26/api_samples/atm_config.json,1994,,2026-05-28T17:00:22.072Z,3
atm_control_room.png,1LsKoG_tDYdd0SYQIUG1TBemeVOzZyvbb,Trade_AI_Docs_v2/docs/atm_lifecycle_v1_2026_05_26/screenshots/atm_control_room.png,268381,,2026-05-28T17:57:09.233Z,6
atm_control_room.png,1G-BXpEPRSV5n7JA3yqnFULz2MAW1z9-j,Trade_AI_Docs_v2/docs/atm_lifecycle_v1_2026_05_26/full_lifecycle_acceleration_v3_0/screenshots/atm_control_room.png,1505609,,2026-05-28T17:53:39.157Z,6
atm_control_room.png,1bytZA7F9Xp7sILxliyg9kQaCXmY7B2oB,Trade_AI_Docs_v2/docs/atm_lifecycle_v1_2026_05_26/unified_trade_inspector_v3_7_design/screenshots/atm_control_room.png,2002305,,2026-05-28T17:32:38.055Z,6
atm_control_room.png,16bmhOgDhi97TT_d6eqcNUsr3wXtA_wkK,Trade_AI_Docs_v2/docs/atm_lifecycle_v1_2026_05_26/execution_stop_proof_v3_3_v3_4_export/screenshots/atm_control_room.png,1633003,,2026-05-28T17:31:48.013Z,6
atm_control_room.png,14mfp3yps_tzlMigmCBS1nRkCG7KS8VwJ,Trade_AI_Docs_v2/docs/atm_lifecycle_v1_2026_05_26/llm_backtesting_workflow_v3_8_design/enrichment_2026_05_27/screenshots/atm_control_room.png,2002404,,2026-05-28T17:29:18.858Z,6
atm_control_room.png,1KHwgkzAmEG81_47ql4EyJttDugzlEVAA,Trade_AI_Docs_v2/docs/atm_lifecycle_v1_2026_05_26/llm_delayed_monthly_v3_9_design/screenshots/atm_control_room.png,2035036,,2026-05-28T17:24:34.662Z,6
atm_decisions.json,1Ceg4XFJWmwxJaUa0tGik5OF6GZJb19pA,Trade_AI_Docs_v2/docs/atm_lifecycle_v1_2026_05_26/full_lifecycle_acceleration_v3_0/api_payloads/atm_decisions.json,19881,,2026-05-28T17:54:05.735Z,3
atm_decisions.json,1b8X37zJJUKXDyOFR8gsiKQSwZ-s12zEg,Trade_AI_Docs_v2/docs/atm_lifecycle_v1_2026_05_26/api_samples/atm_decisions.json,6230,,2026-05-28T17:25:12.979Z,3
atm_decisions.json,1on-zmT3BCbHRpmd2S9vuJ6xDbjF70qDf,Trade_AI_Docs_v2/docs/atm_audit_2026_05_26/api_samples/atm_decisions.json,19881,,2026-05-28T17:00:12.060Z,3
atm_execution-timing-health.json,1ITUz5S8muHYozmQA1AvrvYdIkc85Bo7h,Trade_AI_Docs_v2/docs/atm_lifecycle_v1_2026_05_26/journal_learning_backtesting_v3_6_design/api_payloads/atm_execution-timing-health.json,16342,,2026-05-28T18:01:20.571Z,4
atm_execution-timing-health.json,16kxIj4dGzwTeOpdnx2tVFERgp5mQEzNM,Trade_AI_Docs_v2/docs/atm_lifecycle_v1_2026_05_26/unified_trade_inspector_v3_7_design/api_payloads/atm_execution-timing-health.json,16342,,2026-05-28T17:32:43.384Z,4
atm_execution-timing-health.json,1BKdJSTsSiKhoT6t9rkHmi34jn8Icx38K,Trade_AI_Docs_v2/docs/atm_lifecycle_v1_2026_05_26/llm_backtesting_workflow_v3_8_design/enrichment_2026_05_27/api_payloads/atm_execution-timing-health.json,16342,,2026-05-28T17:29:30.334Z,4
atm_execution-timing-health.json,1QXUSP7lWBuZ4eVofVKWVFujSL_ou-TQ2,Trade_AI_Docs_v2/docs/atm_lifecycle_v1_2026_05_26/stop_trailing_timestop_v3_5_design/api_payloads/atm_execution-timing-health.json,15360,,2026-05-28T17:26:44.292Z,4
atm_lifecycle.json,1EZUKK-LxIkN74afwwVb8j0sfxGKC_ggG,Trade_AI_Docs_v2/docs/atm_lifecycle_v1_2026_05_26/root_cause_reconciliation_v1_9/api_payloads/atm_lifecycle.json,27775,,2026-05-28T17:58:51.151Z,5
atm_lifecycle.json,1a-YbiClROp1Fyxr3KUnlpluUzuGGlhVD,Trade_AI_Docs_v2/docs/atm_lifecycle_v1_2026_05_26/full_lifecycle_acceleration_v3_0/api_payloads/atm_lifecycle.json,13381,,2026-05-28T17:54:16.048Z,5
atm_lifecycle.json,1Ic8gnNOO5UrJSponoLC_sFo1DJyyis3Z,Trade_AI_Docs_v2/docs/atm_lifecycle_v1_2026_05_26/execution_stop_proof_v3_3_v3_4_export/api_payloads/atm_lifecycle.json,13381,,2026-05-28T17:31:53.070Z,5
atm_lifecycle.json,1kFderRvNw4EX5CmveuZ7XOYLulx6qRxo,Trade_AI_Docs_v2/docs/atm_lifecycle_v1_2026_05_26/stop_trailing_timestop_v3_5_design/api_payloads/atm_lifecycle.json,13431,,2026-05-28T17:26:46.430Z,5
atm_lifecycle.json,1tc0-etw4QJ0k-glfSlcAHAvkz9Faco3e,Trade_AI_Docs_v2/docs/atm_lifecycle_v1_2026_05_26/api_samples/atm_lifecycle.json,50724,,2026-05-28T17:25:22.948Z,5
atm_manual-close-review.json,1pC3AyzGCCAJTSsCu54fWpV7ekH1ZJZoW,Trade_AI_Docs_v2/docs/atm_lifecycle_v1_2026_05_26/root_cause_reconciliation_v1_9/api_payloads/atm_manual-close-review.json,4000,,2026-05-28T17:58:55.191Z,2
atm_manual-close-review.json,1epm8cN1KSUqVuF06Q418a5o1LHSmRzz7,Trade_AI_Docs_v2/docs/atm_lifecycle_v1_2026_05_26/full_lifecycle_acceleration_v3_0/api_payloads/atm_manual-close-review.json,288,,2026-05-28T17:54:33.239Z,2
atm_overdue-decisions.json,1zSEmvU3yZTLIIeT2uvWSey2qd1FOc842,Trade_AI_Docs_v2/docs/atm_lifecycle_v1_2026_05_26/root_cause_reconciliation_v1_9/api_payloads/atm_overdue-decisions.json,7516,,2026-05-28T17:58:48.925Z,3
atm_overdue-decisions.json,1t7oIxKqphoK1ff7WTQ74zuph9BiyCwmi,Trade_AI_Docs_v2/docs/atm_lifecycle_v1_2026_05_26/full_lifecycle_acceleration_v3_0/api_payloads/atm_overdue-decisions.json,326,,2026-05-28T17:54:01.801Z,3
atm_overdue-decisions.json,1NQdv5Qe-03L23Nrc7M7B8i7nFGj91_Qh,Trade_AI_Docs_v2/docs/atm_lifecycle_v1_2026_05_26/stop_trailing_timestop_v3_5_design/api_payloads/atm_overdue-decisions.json,326,,2026-05-28T17:26:42.357Z,3
atm_proposal-dedup.json,1cqw2OYYZx0pIpcm7qlolmnOR2CHEdtwJ,Trade_AI_Docs_v2/docs/atm_lifecycle_v1_2026_05_26/journal_learning_backtesting_v3_6_design/api_payloads/atm_proposal-dedup.json,5844,,2026-05-28T18:01:27.574Z,3
atm_proposal-dedup.json,1iOXPCmP0Y4XslStEFTmpeeQk7F_dZ20E,Trade_AI_Docs_v2/docs/atm_lifecycle_v1_2026_05_26/unified_trade_inspector_v3_7_design/api_payloads/atm_proposal-dedup.json,5844,,2026-05-28T17:32:51.041Z,3
atm_proposal-dedup.json,1GTH5mhzzcDL10a-yHPQ2PVLMUXNUN3gJ,Trade_AI_Docs_v2/docs/atm_lifecycle_v1_2026_05_26/llm_backtesting_workflow_v3_8_design/enrichment_2026_05_27/api_payloads/atm_proposal-dedup.json,5844,,2026-05-28T17:29:37.767Z,3
atm_proposal-hygiene.json,1g24_123YzVTwtJ291l1YeJDqmH2E85Rm,Trade_AI_Docs_v2/docs/atm_lifecycle_v1_2026_05_26/full_lifecycle_acceleration_v3_0/api_payloads/atm_proposal-hygiene.json,66371,,2026-05-28T17:54:29.313Z,2
atm_proposal-hygiene.json,1O2aKTn3ZZS6SVobqHvTsXXElNZUM_dcy,Trade_AI_Docs_v2/docs/atm_lifecycle_v1_2026_05_26/unified_trade_inspector_v3_7_design/api_payloads/atm_proposal-hygiene.json,72328,,2026-05-28T17:32:52.988Z,2
atm_queue_preview.json,1JVzuhLtR5g6Ykj8Jg0LI_4QJ-fFluXXf,Trade_AI_Docs_v2/docs/atm_lifecycle_v1_2026_05_26/api_samples/atm_queue_preview.json,24,,2026-05-28T17:25:14.736Z,2
atm_queue_preview.json,1v_zGkqhcBCANeGJw3W8iTYeKb7QgwJqE,Trade_AI_Docs_v2/docs/atm_audit_2026_05_26/api_samples/atm_queue_preview.json,35,,2026-05-28T17:00:14.233Z,2
atm_reconciliation-health.json,1mM2GvREqcEUxgxJm6jDi5fr6uXN2BCav,Trade_AI_Docs_v2/docs/atm_lifecycle_v1_2026_05_26/full_lifecycle_acceleration_v3_0/api_payloads/atm_reconciliation-health.json,1627,,2026-05-28T17:53:59.998Z,5
atm_reconciliation-health.json,1om2eMXFVMoeZeSO0yzVk8NwPLjx3iMwa,Trade_AI_Docs_v2/docs/atm_lifecycle_v1_2026_05_26/unified_trade_inspector_v3_7_design/api_payloads/atm_reconciliation-health.json,2613,,2026-05-28T17:32:41.545Z,5
atm_reconciliation-health.json,19Tu8w4nAXXD_6XMbv5yYduBm5aS-6irY,Trade_AI_Docs_v2/docs/atm_lifecycle_v1_2026_05_26/execution_stop_proof_v3_3_v3_4_export/api_payloads/atm_reconciliation-health.json,1628,,2026-05-28T17:31:51.214Z,5
atm_reconciliation-health.json,1QB-3uhbhA7_j6yGFstypFBYEYeOYlfIm,Trade_AI_Docs_v2/docs/atm_lifecycle_v1_2026_05_26/llm_backtesting_workflow_v3_8_design/enrichment_2026_05_27/api_payloads/atm_reconciliation-health.json,2613,,2026-05-28T17:29:25.277Z,5
atm_reconciliation-health.json,18NxjIRVQuy9la0oLnMrBtj0RewhgT7zQ,Trade_AI_Docs_v2/docs/atm_lifecycle_v1_2026_05_26/stop_trailing_timestop_v3_5_design/api_payloads/atm_reconciliation-health.json,1628,,2026-05-28T17:26:40.445Z,5
atm_reenable_burn_in_plan.md,1sLWR0KlS7M3VobhGXGJw0v-HO4e26cWpd4u1GAtbZjo,Trade_AI_Docs_v2/docs/atm_audit_2026_05_26/atm_reenable_burn_in_plan.md,2484,,2026-05-28T17:08:43.590Z,8
atm_reenable_burn_in_plan.md,1sCmTeAHGMgi7fSG0w9hPO1AFSgASSXgmKT0sC8-VNWY,Trade_AI_Docs_v2/docs/atm/atm_reenable_decision_package/atm_reenable_burn_in_plan.md,2485,,2026-05-23T00:04:40.838Z,8
atm_reenable_burn_in_plan.md,13c1VdvjDoCSlMGBwq6BJSj_ESdlXswDCGdh1b2dnOcI,Trade_AI_Docs_v2/docs/atm/atm_reenable_decision_package/atm_reenable_burn_in_plan.md,2520,,2026-05-23T00:01:06.716Z,8
atm_reenable_burn_in_plan.md,1EzA5Sq7ciN5kJnogxrJuHrXhABlltj1NSY2vVFzLBZM,Trade_AI_Docs_v2/docs/atm/atm_reenable_decision_package/atm_reenable_burn_in_plan.md,2507,,2026-05-22T23:32:45.256Z,8
atm_reenable_burn_in_plan.md,1C694hMh26Bko6CM9i8jJwRTXk2vr9DfK8LcmruKc1dA,Trade_AI_Docs_v2/docs/atm/atm_reenable_decision_package/atm_reenable_burn_in_plan.md,2510,,2026-05-22T23:27:21.810Z,8
atm_reenable_burn_in_plan.md,1wkgh6IhCuhsP4-4w-FbPt7MmSaUEq5il8yXXWkaSEog,Trade_AI_Docs_v2/docs/atm/atm_reenable_decision_package/atm_reenable_burn_in_plan.md,2515,,2026-05-22T23:09:26.809Z,8
atm_reenable_burn_in_plan.md,1wgDFgBZGL8dGIPxrLlQJ32a71ycHoJoXs0Nx0T8M338,Trade_AI_Docs_v2/docs/atm/atm_reenable_decision_package/atm_reenable_burn_in_plan.md,2486,,2026-05-22T23:00:02.585Z,8
atm_reenable_burn_in_plan.md,1EdZFmWrsht2DkADgfgsh1FuYlZTLtCCoPK_20GGGyxw,Trade_AI_Docs_v2/docs/atm/atm_reenable_decision_package/atm_reenable_burn_in_plan.md,2485,,2026-05-22T22:52:07.799Z,8
atm_reenable_config_proposal.md,1SxDXrcxiM_q5po4L-ngXtjsqo2fOpQ9Jq_4MfVy9vjM,Trade_AI_Docs_v2/docs/atm_audit_2026_05_26/atm_reenable_config_proposal.md,2907,,2026-05-28T17:08:15.195Z,6
atm_reenable_config_proposal.md,1n8CtbLjFrTjvu-5HhHijs4w30UJAOyVWYjtR8L88drc,Trade_AI_Docs_v2/docs/atm/atm_reenable_decision_package/atm_reenable_config_proposal.md,2911,,2026-05-22T23:32:35.841Z,6
atm_reenable_config_proposal.md,1i1nC5DvFCmQ6jRLHQnszS-F0T8ckJxzLKMlymEKOebU,Trade_AI_Docs_v2/docs/atm/atm_reenable_decision_package/atm_reenable_config_proposal.md,2911,,2026-05-22T23:27:12.108Z,6
atm_reenable_config_proposal.md,1paWcIKGOR9maLJ5r9lfo-X0l7VHNh6oDnyL2UUHo3nY,Trade_AI_Docs_v2/docs/atm/atm_reenable_decision_package/atm_reenable_config_proposal.md,2907,,2026-05-22T23:09:16.391Z,6
atm_reenable_config_proposal.md,14U44bQiQ3H3TnUyjQJsFQ-Keg1P4d1RiAG2MPlAEX6w,Trade_AI_Docs_v2/docs/atm/atm_reenable_decision_package/atm_reenable_config_proposal.md,2930,,2026-05-22T22:59:53.243Z,6
atm_reenable_config_proposal.md,1PjS2PXgBFWLQJYP5tAocRjtah724rFg6onw0KNeXsKI,Trade_AI_Docs_v2/docs/atm/atm_reenable_decision_package/atm_reenable_config_proposal.md,2911,,2026-05-22T22:51:57.941Z,6
atm_reenable_gate_checklist.md,17PQpbdDyWhmOnhf-ZXT7jvsSSMiQ3cwpBe906E8HbjE,Trade_AI_Docs_v2/docs/atm_audit_2026_05_26/atm_reenable_gate_checklist.md,2684,,2026-05-28T17:00:40.137Z,5
atm_reenable_gate_checklist.md,1CRwl0FGlHsnkhfCHIxuTvMpLl-PgArbYf7Y8E-gb-vg,Trade_AI_Docs_v2/docs/atm/atm_reenable_decision_package/atm_reenable_gate_checklist.md,2660,,2026-05-22T23:27:01.274Z,5
atm_reenable_gate_checklist.md,161j8K940el2sC-rbnDLYsOvbdpe7DRxWLx_iW6FFn60,Trade_AI_Docs_v2/docs/atm/atm_reenable_decision_package/atm_reenable_gate_checklist.md,2660,,2026-05-22T23:09:07.042Z,5
atm_reenable_gate_checklist.md,1A89kC215kyF88IXhuBVjG4CP1ZD_8Vohy5nsOi3QAdw,Trade_AI_Docs_v2/docs/atm/atm_reenable_decision_package/atm_reenable_gate_checklist.md,2660,,2026-05-22T22:59:44.114Z,5
atm_reenable_gate_checklist.md,1_C4ajAnR_FAEqI3cK6Kna9UnNMIzxdHO1nPjBgLZCFs,Trade_AI_Docs_v2/docs/atm/atm_reenable_decision_package/atm_reenable_gate_checklist.md,2661,,2026-05-22T22:51:48.068Z,5
atm_reenable_john_7_decisions.md,1dbd-h4hvSLetBzFq_FaUT0QEVdgc31jwHqf0I80n14E,Trade_AI_Docs_v2/docs/atm_audit_2026_05_26/atm_reenable_john_7_decisions.md,4904,,2026-05-28T17:18:24.374Z,8
atm_reenable_john_7_decisions.md,1iygKPN2sa2DZs_T7k5733EjCAhy6DIr2UL4_V6xcajw,Trade_AI_Docs_v2/docs/atm/atm_reenable_decision_package/atm_reenable_john_7_decisions.md,4913,,2026-05-23T00:04:47.335Z,8
atm_reenable_john_7_decisions.md,1axMUbamqbRY3enkDHGn08xHFWcqhmZKv67g9teREaWM,Trade_AI_Docs_v2/docs/atm/atm_reenable_decision_package/atm_reenable_john_7_decisions.md,4889,,2026-05-23T00:01:14.039Z,8
atm_reenable_john_7_decisions.md,1qUQrJ74nAw51Ot7zNVFC_a2OBCZJDysItVHoPiC07Gc,Trade_AI_Docs_v2/docs/atm/atm_reenable_decision_package/atm_reenable_john_7_decisions.md,4907,,2026-05-22T23:32:52.310Z,8
atm_reenable_john_7_decisions.md,1gR1eSw2aFvsNboe1Aiu-KayY3h7oot36prx5wb-1n_0,Trade_AI_Docs_v2/docs/atm/atm_reenable_decision_package/atm_reenable_john_7_decisions.md,4888,,2026-05-22T23:27:28.150Z,8
atm_reenable_john_7_decisions.md,1mg-7eEgLEqBPLTxvY1xlhyxNo2CmLkrlpi55q0JU9ks,Trade_AI_Docs_v2/docs/atm/atm_reenable_decision_package/atm_reenable_john_7_decisions.md,4904,,2026-05-22T23:09:33.548Z,8
atm_reenable_john_7_decisions.md,1AhKeoNG8LIUzGBPFs5fwZYkpbH4tTgh-fmQlCtDEUrI,Trade_AI_Docs_v2/docs/atm/atm_reenable_decision_package/atm_reenable_john_7_decisions.md,4888,,2026-05-22T23:00:09.678Z,8
atm_reenable_john_7_decisions.md,1U30NGxNEU2SEIZZqwHFNKHSfx-m65FoF8tzfYe-ljSY,Trade_AI_Docs_v2/docs/atm/atm_reenable_decision_package/atm_reenable_john_7_decisions.md,4890,,2026-05-22T22:52:14.226Z,8
atm_reenable_modes.md,1Vrye1_ACSXBtQqhDsJZrFgUidONB_4xFKphjBCfJdZM,Trade_AI_Docs_v2/docs/atm_audit_2026_05_26/atm_reenable_modes.md,1691,,2026-05-28T17:08:30.268Z,7
atm_reenable_modes.md,1UoqJi7ooBmPLRAXdWRvLMhuhvyloQPNxn62WaGKa3f8,Trade_AI_Docs_v2/docs/atm/atm_reenable_decision_package/atm_reenable_modes.md,1702,,2026-05-23T00:00:59.948Z,7
atm_reenable_modes.md,1IdxKiJTscgFLxxxeM7Ew5ERGOHeGnpfTBGzc9xkZwa8,Trade_AI_Docs_v2/docs/atm/atm_reenable_decision_package/atm_reenable_modes.md,1688,,2026-05-22T23:32:39.009Z,7
atm_reenable_modes.md,1uDRo3RU4vK3GlK20FAEhq5IbrvVGVg3bKrgar27DHWA,Trade_AI_Docs_v2/docs/atm/atm_reenable_decision_package/atm_reenable_modes.md,1692,,2026-05-22T23:27:15.199Z,7
atm_reenable_modes.md,1WrFp-OFSAlU_j4rZOJD-mi_5eHV1L5Nb9WG6zJPXRGI,Trade_AI_Docs_v2/docs/atm/atm_reenable_decision_package/atm_reenable_modes.md,1688,,2026-05-22T23:09:19.744Z,7
atm_reenable_modes.md,1MTsEdSmSv_P2pK1gfioIvM63RgpZsLpmFvAVPq54Cmw,Trade_AI_Docs_v2/docs/atm/atm_reenable_decision_package/atm_reenable_modes.md,1688,,2026-05-22T22:59:56.354Z,7
atm_reenable_modes.md,1jfcx7G961rTIMWtnMx2LY8_I-oc9PDUB5IKgBjhCqZ4,Trade_AI_Docs_v2/docs/atm/atm_reenable_decision_package/atm_reenable_modes.md,1711,,2026-05-22T22:52:01.324Z,7
atm_reenable_operator_runbook.md,1-eEsZlqVE_nIvxisXPyurGmDQhC2fKlvCZZuMOp4brg,Trade_AI_Docs_v2/docs/atm_audit_2026_05_26/atm_reenable_operator_runbook.md,3041,,2026-05-28T17:18:15.876Z,8
atm_reenable_operator_runbook.md,1hP3vFes8U47OZVtOo5-LfQr2Ofs6XSqKj-q1wA8s9Zk,Trade_AI_Docs_v2/docs/atm/atm_reenable_decision_package/atm_reenable_operator_runbook.md,3041,,2026-05-23T00:04:44.086Z,8
atm_reenable_operator_runbook.md,13oU5wct3xgkF4TQPRcipgtIzgGIDN3mfe2ZsBsUW88Y,Trade_AI_Docs_v2/docs/atm/atm_reenable_decision_package/atm_reenable_operator_runbook.md,3037,,2026-05-23T00:01:10.622Z,8
atm_reenable_operator_runbook.md,1ycW_JzVv6VKy7HI4bgwN7-jwTfPiYXLIN0l7M9VjSlo,Trade_AI_Docs_v2/docs/atm/atm_reenable_decision_package/atm_reenable_operator_runbook.md,3024,,2026-05-22T23:32:48.574Z,8
atm_reenable_operator_runbook.md,1P0emOFiDWvRAB9ZSIgFvM5mweM5mFpYu2es9ZPJlkqs,Trade_AI_Docs_v2/docs/atm/atm_reenable_decision_package/atm_reenable_operator_runbook.md,3025,,2026-05-22T23:27:24.992Z,8
atm_reenable_operator_runbook.md,1PsKLlF2bW_f8zNDATjkzVokE9E1N5FQGcjpGDY-leVw,Trade_AI_Docs_v2/docs/atm/atm_reenable_decision_package/atm_reenable_operator_runbook.md,3039,,2026-05-22T23:09:30.154Z,8
atm_reenable_operator_runbook.md,1Bt-7g6NHRCvbJbDTvvtxSt6-I-Uff3HwwUBaIzZ957Y,Trade_AI_Docs_v2/docs/atm/atm_reenable_decision_package/atm_reenable_operator_runbook.md,3019,,2026-05-22T23:00:06.019Z,8
atm_reenable_operator_runbook.md,1jGyaYtxfBNBEUaY4TYr35YdjuNKxn8zpfVR1GWIXPHI,Trade_AI_Docs_v2/docs/atm/atm_reenable_decision_package/atm_reenable_operator_runbook.md,3038,,2026-05-22T22:52:10.998Z,8
atm_reenable_readiness_evidence.md,1_-qtjp6jN-rxEZi2Urpiw4xeaPvALHDtXFvrb0Hj3mA,Trade_AI_Docs_v2/docs/atm_audit_2026_05_26/atm_reenable_readiness_evidence.md,3551,,2026-05-28T17:08:31.886Z,8
atm_reenable_readiness_evidence.md,1_FPSHfKP0RLOZAFtVOBnAMN8iU59l-AV-oeXtXUvW80,Trade_AI_Docs_v2/docs/atm/atm_reenable_decision_package/atm_reenable_readiness_evidence.md,3510,,2026-05-23T00:04:37.673Z,8
atm_reenable_readiness_evidence.md,1BRgU8JtWEEx4OyXfH5flnLF7Kp9M3NnbekTjS8s-QLs,Trade_AI_Docs_v2/docs/atm/atm_reenable_decision_package/atm_reenable_readiness_evidence.md,3535,,2026-05-23T00:01:03.496Z,8
atm_reenable_readiness_evidence.md,1-VfC7mZ8akvV8_tWir_JdxyEszRON3hC4SqawxZ0hcM,Trade_AI_Docs_v2/docs/atm/atm_reenable_decision_package/atm_reenable_readiness_evidence.md,3509,,2026-05-22T23:32:42.235Z,8
atm_reenable_readiness_evidence.md,1yZmh01hiZfeawUSMDnWdGM5BqBeuO9MksXvy8BAEziI,Trade_AI_Docs_v2/docs/atm/atm_reenable_decision_package/atm_reenable_readiness_evidence.md,3511,,2026-05-22T23:27:18.511Z,8
atm_reenable_readiness_evidence.md,1sr-5ztCv5-JBWtDqk_y-NQiA32AGqEupqFnRJUPfLJQ,Trade_AI_Docs_v2/docs/atm/atm_reenable_decision_package/atm_reenable_readiness_evidence.md,3511,,2026-05-22T23:09:22.973Z,8
atm_reenable_readiness_evidence.md,1hhmj6oA97EQgfKK2E8aGGRIpvwgPXg_CNWfC6PXkv6E,Trade_AI_Docs_v2/docs/atm/atm_reenable_decision_package/atm_reenable_readiness_evidence.md,3508,,2026-05-22T22:59:59.556Z,8
atm_reenable_readiness_evidence.md,1I_pWB7ztn8VOKue0pyMqnbwLQZSX2ClkAyrhvH6txUw,Trade_AI_Docs_v2/docs/atm/atm_reenable_decision_package/atm_reenable_readiness_evidence.md,3523,,2026-05-22T22:52:04.594Z,8
atm_reenable_risk_register.md,1rzNQ3bhwLtzljAz-CYtv_YeAU-9F_XcR-KWUNBjgYxk,Trade_AI_Docs_v2/docs/atm_audit_2026_05_26/atm_reenable_risk_register.md,2755,,2026-05-28T16:59:44.121Z,4
atm_reenable_risk_register.md,18aGJEe03huDn5er9EqUn1yliWRtTn8ymSbVsvopjBtQ,Trade_AI_Docs_v2/docs/atm/atm_reenable_decision_package/atm_reenable_risk_register.md,2750,,2026-05-22T23:09:03.343Z,4
atm_reenable_risk_register.md,1sSvpB99IuazhGPfSAKM6diB6VnIc22WjUcycAhZlSlA,Trade_AI_Docs_v2/docs/atm/atm_reenable_decision_package/atm_reenable_risk_register.md,2754,,2026-05-22T22:59:41.075Z,4
atm_reenable_risk_register.md,1sG3qnsbBGQVy9EyWQZ5eI0_jUWOxUVI-iyvsrlBKGZs,Trade_AI_Docs_v2/docs/atm/atm_reenable_decision_package/atm_reenable_risk_register.md,2755,,2026-05-22T22:51:44.326Z,4
atm_status.json,1uG2Veyp8OnCdU5dn2OaZJltgoWsTyhLI,Trade_AI_Docs_v2/ui_redesign/samples/atm_status.json,1918,,2026-05-25T14:39:50.679Z,5
atm_status.json,1HUE3ZH9xj9NcdE89AW4TZZh7IcI443Hs,Trade_AI_Docs_v2/docs/ui_redesign/samples/atm_status.json,1918,,2026-05-28T18:46:39.200Z,5
atm_status.json,1wxNGqWVgQ7sCs8xBrG08ljVzWiUcAhdb,Trade_AI_Docs_v2/docs/atm_lifecycle_v1_2026_05_26/full_lifecycle_acceleration_v3_0/api_payloads/atm_status.json,2208,,2026-05-28T17:54:25.473Z,5
atm_status.json,1WfRG_jZMp9wrsknPlsZIS7iglMphsemp,Trade_AI_Docs_v2/docs/atm_lifecycle_v1_2026_05_26/api_samples/atm_status.json,1336,,2026-05-28T17:25:26.908Z,5
atm_status.json,1Ll8CVU0Up9qtOqYG9JBBn3cdEUfaEBHF,Trade_AI_Docs_v2/docs/atm_audit_2026_05_26/api_samples/atm_status.json,1953,,2026-05-28T17:00:24.370Z,5
atm_stop-change-audit.json,149uw78wrCBgHwtS44sK6iRIJt5teQiuf,Trade_AI_Docs_v2/docs/atm_lifecycle_v1_2026_05_26/journal_learning_backtesting_v3_6_design/api_payloads/atm_stop-change-audit.json,1690,,2026-05-28T18:01:22.475Z,4
atm_stop-change-audit.json,1VUK6d_HD2I1B2IeqXxlUygnEN9sxMf8m,Trade_AI_Docs_v2/docs/atm_lifecycle_v1_2026_05_26/unified_trade_inspector_v3_7_design/api_payloads/atm_stop-change-audit.json,1690,,2026-05-28T17:32:45.248Z,4
atm_stop-change-audit.json,11fPCTcbX_djrincaR_GGypIhSVRfBxfq,Trade_AI_Docs_v2/docs/atm_lifecycle_v1_2026_05_26/llm_backtesting_workflow_v3_8_design/api_payloads/atm_stop-change-audit.json,1690,,2026-05-28T17:30:00.204Z,4
atm_stop-change-audit.json,1SJOEnR_t_YesEaXgl2T3gUhswLphQhhG,Trade_AI_Docs_v2/docs/atm_lifecycle_v1_2026_05_26/llm_backtesting_workflow_v3_8_design/enrichment_2026_05_27/api_payloads/atm_stop-change-audit.json,1690,,2026-05-28T17:29:32.206Z,4
atm_stop-proof.json,1uEunphtTg77j4uK-rWglzZltM7YUxOXh,Trade_AI_Docs_v2/docs/atm_lifecycle_v1_2026_05_26/unified_trade_inspector_v3_7_design/api_payloads/atm_stop-proof.json,3398,,2026-05-28T17:32:49.062Z,2
atm_stop-proof.json,1xVU3HsdQktD7nAQKWBP1Ok_nckO_29Rz,Trade_AI_Docs_v2/docs/atm_lifecycle_v1_2026_05_26/stop_trailing_timestop_v3_5_design/api_payloads/atm_stop-proof.json,2690,,2026-05-28T17:26:50.277Z,2
atm_stop-trailing-control.json,15jBDJBwi1DwXNSTpMcZOchb7fYuNE1i5,Trade_AI_Docs_v2/docs/atm_lifecycle_v1_2026_05_26/journal_learning_backtesting_v3_6_design/api_payloads/atm_stop-trailing-control.json,7075,,2026-05-28T18:01:34.952Z,4
atm_stop-trailing-control.json,1wumBEegUF1PChiJsQQGQJDO-jVo7cLRi,Trade_AI_Docs_v2/docs/atm_lifecycle_v1_2026_05_26/unified_trade_inspector_v3_7_design/api_payloads/atm_stop-trailing-control.json,7075,,2026-05-28T17:32:56.737Z,4
atm_stop-trailing-control.json,1VV44dk9ItYQ742VpOE5ibEXXnxON5ZH4,Trade_AI_Docs_v2/docs/atm_lifecycle_v1_2026_05_26/llm_backtesting_workflow_v3_8_design/api_payloads/atm_stop-trailing-control.json,7075,,2026-05-28T17:30:05.832Z,4
atm_stop-trailing-control.json,1ZZMTL7Nfhl3Rwmr3Xu5zRJKBh5nXMJeF,Trade_AI_Docs_v2/docs/atm_lifecycle_v1_2026_05_26/llm_backtesting_workflow_v3_8_design/enrichment_2026_05_27/api_payloads/atm_stop-trailing-control.json,7075,,2026-05-28T17:29:45.389Z,4
atm_strategy_health.json,1rCPW4VldEba5y7zO63RBZBcQzzKzBc9V,Trade_AI_Docs_v2/docs/atm_lifecycle_v1_2026_05_26/api_samples/atm_strategy_health.json,3867,,2026-05-28T17:25:16.781Z,2
atm_strategy_health.json,12PYMosysbiN7E812ejdGzFYhcKn1brZY,Trade_AI_Docs_v2/docs/atm_audit_2026_05_26/api_samples/atm_strategy_health.json,6280,,2026-05-28T17:00:16.378Z,2
atp2_crontab_after,1FT-WKGclLFEh7Eh_u2JvOIpnlbf0mAdVTJFBDQiSmOQ,Trade_AI_Docs_v2/docs/automated_trade_proposals/phase_atp2_scheduled_research_cadence/atp2_crontab_after,6038,,2026-05-21T02:41:06.380Z,2
atp2_crontab_after,17KmWfha7Wo5N5tveW3SWeGWku2ykNQtxoPj7gBkZHuA,Trade_AI_Docs_v2/docs/_archive/2026-05-24_cleanup/completed_phases/phase_atp2_scheduled_research_cadence/atp2_crontab_after,6038,,2026-05-28T18:24:16.577Z,2
atp2_crontab_before,1zxg8QIhuEy20bFXjohFcBrLndJtZdgKPz_5PLPKernU,Trade_AI_Docs_v2/docs/automated_trade_proposals/phase_atp2_scheduled_research_cadence/atp2_crontab_before,5887,,2026-05-21T02:40:40.641Z,2
atp2_crontab_before,1snZrEzVMdREl1lnglt4i_XYkS_tCnH-opddjQAMP7G0,Trade_AI_Docs_v2/docs/_archive/2026-05-24_cleanup/completed_phases/phase_atp2_scheduled_research_cadence/atp2_crontab_before,5887,,2026-05-28T18:23:48.352Z,2
audit_7776_20260524_1225.tgz,1Y0BiG3oehmwhsIlUIKhR0s6PYuGu02jh,Trade_AI_Docs_v2/audit_7776_20260524_1225.tgz,137256,,2026-05-24T16:32:18.856Z,2
audit_7776_20260524_1225.tgz,1vZTV6dAoOeNoBHfXa_agRz1UsDW-WOFv,Trade_AI_Docs_v2/docs/playwright/audit_7776_20260524_1225.tgz,137256,,2026-05-28T16:55:44.182Z,2
audit_7777_20260524_1923.tgz,1C1F1Odb4KPwhCjX17VULTKHLJGeEBZHc,Trade_AI_Docs_v2/audit_7777_20260524_1923.tgz,18818354,,2026-05-24T23:27:00.279Z,2
audit_7777_20260524_1923.tgz,1qLOSt9PE-vV_UMUmrhdLFVI-2g4DJvY1,Trade_AI_Docs_v2/docs/playwright/audit_7777_20260524_1923.tgz,18818354,,2026-05-28T16:55:47.121Z,2
automated-journal-analytics.json,1CMV74HVeaIWEhl0PupU7sZnfSJdumd02,Trade_AI_Docs_v2/docs/atm_lifecycle_v1_2026_05_26/journal_learning_backtesting_v3_6_design/api_payloads/automated-journal-analytics.json,6780,,2026-05-28T18:01:24.205Z,3
automated-journal-analytics.json,1whBCJqIuvxg1_OePQnRhQGNWXfavhppH,Trade_AI_Docs_v2/docs/atm_lifecycle_v1_2026_05_26/full_lifecycle_acceleration_v3_0/api_payloads/automated-journal-analytics.json,6346,,2026-05-28T17:54:14.021Z,3
automated-journal-analytics.json,1T0pmGu4RLTG0oaTf7UgRagOmDkWeeFtg,Trade_AI_Docs_v2/docs/atm_lifecycle_v1_2026_05_26/llm_backtesting_workflow_v3_8_design/enrichment_2026_05_27/api_payloads/automated-journal-analytics.json,6780,,2026-05-28T17:29:34.148Z,3
automated-journal.json,1WahpYSCz8kLSHZXq9BM1MziOixy6MX6n,Trade_AI_Docs_v2/docs/atm_lifecycle_v1_2026_05_26/journal_learning_backtesting_v3_6_design/api_payloads/automated-journal.json,96782,,2026-05-28T18:01:33.128Z,5
automated-journal.json,1Ll0D2sWUbi3Z2MBPVKrtBHhBqJJRNhHz,Trade_AI_Docs_v2/docs/atm_lifecycle_v1_2026_05_26/root_cause_reconciliation_v1_9/api_payloads/automated-journal.json,84996,,2026-05-28T17:58:57.338Z,5
automated-journal.json,1shhsQdrS8XTdMOsEPWoqGNODi9XwStww,Trade_AI_Docs_v2/docs/atm_lifecycle_v1_2026_05_26/full_lifecycle_acceleration_v3_0/api_payloads/automated-journal.json,85616,,2026-05-28T17:54:40.904Z,5
automated-journal.json,1GPuRFCqxXCFPQ6NYXIPgp_CEziKAOeGv,Trade_AI_Docs_v2/docs/atm_lifecycle_v1_2026_05_26/execution_stop_proof_v3_3_v3_4_export/api_payloads/automated-journal.json,85616,,2026-05-28T17:31:59.105Z,5
automated-journal.json,1incvyNVS6D1omjtoAGEghnVwE7e_irmz,Trade_AI_Docs_v2/docs/atm_lifecycle_v1_2026_05_26/llm_backtesting_workflow_v3_8_design/enrichment_2026_05_27/api_payloads/automated-journal.json,96842,,2026-05-28T17:29:43.557Z,5
automated_trade_mode.png,1mvmqZnNXDmZL2LTIOn8PR4Z1eaysaEzp,Trade_AI_Docs_v2/docs/_generated/ui_audit_screenshots/audit_7777_20260523_1921/7777/automated_trade_mode.png,384361,,2026-05-28T19:01:25.311Z,3
automated_trade_mode.png,1jHmsRXkIzy1I_ZuhMnO0gVmWRNDroba5,Trade_AI_Docs_v2/docs/atm_lifecycle_v1_2026_05_26/screenshots/automated_trade_mode.png,103135,,2026-05-28T17:56:44.622Z,3
automated_trade_mode.png,1qM2viFAnsU6WiS-0YqWYXf5PBQwbAqS6,Trade_AI_Docs_v2/docs/atm_lifecycle_v1_2026_05_26/full_lifecycle_acceleration_v3_0/screenshots/automated_trade_mode.png,350673,,2026-05-28T17:53:28.302Z,3
autonomous_rebalance_planner.py,19cfCvum34FyH_7MULUU694D4e73ViAZQ,Trade_AI_Docs_v2/docs/_archive/archive/2026-04-27_pre_bible/v7_cio_intelligence/trade_ai_v7_cio_package/scripts/autonomous_rebalance_planner.py,417,,2026-05-18T00:09:38.583Z,2
autonomous_rebalance_planner.py,14XxUBDDLVjIZxlYQ77TsLXJEZuhwo7Nu,Trade_AI_Docs_v2/docs/archive/2026-04-27_pre_bible/v7_cio_intelligence/trade_ai_v7_cio_package/scripts/autonomous_rebalance_planner.py,417,,2026-05-17T22:51:54.346Z,2
b1c_bucket2_migration_dry_run_report.md,1QgTuX4niN7hqXNBmpkeZiOXWT14VcgNC,Trade_AI_Docs_v2/docs/migrations/phase_b1c_bucket2_migration/b1c_bucket2_migration_dry_run_report.md,74,,2026-05-18T14:16:50.396Z,2
b1c_bucket2_migration_dry_run_report.md,1QteeYDs8TiQbMvPOFxFUrTKt4wuwPpymFOSw0dVFm-U,Trade_AI_Docs_v2/docs/_archive/2026-05-24_cleanup/completed_phases/migrations/phase_b1c_bucket2_migration/b1c_bucket2_migration_dry_run_report.md,1024,,2026-05-28T18:37:27.678Z,2
b1c_bucket2_migration_dry_run_results.json,1AIpVDgSHB1QPEWADl7YkK983Ntys0TvO,Trade_AI_Docs_v2/docs/migrations/phase_b1c_bucket2_migration/b1c_bucket2_migration_dry_run_results.json,435,,2026-05-18T14:16:46.578Z,2
b1c_bucket2_migration_dry_run_results.json,1-nnhwGycE_buCSGccAWXZemSxiYR5xjj,Trade_AI_Docs_v2/docs/_archive/2026-05-24_cleanup/completed_phases/migrations/phase_b1c_bucket2_migration/b1c_bucket2_migration_dry_run_results.json,435,,2026-05-28T18:37:20.074Z,2
b1c_bucket2_scope_report.md,1Y-YSEJiM3c3BgyLODWzPm2hRQvZP_lI6,Trade_AI_Docs_v2/docs/migrations/phase_b1c_bucket2_migration/b1c_bucket2_scope_report.md,604,,2026-05-18T14:17:05.638Z,2
b1c_bucket2_scope_report.md,1KAD5otQvIcOo3jo2qBurs7Y70drfNTXGg9rrCGm9DeQ,Trade_AI_Docs_v2/docs/_archive/2026-05-24_cleanup/completed_phases/migrations/phase_b1c_bucket2_migration/b1c_bucket2_scope_report.md,1569,,2026-05-28T18:37:53.697Z,2
b1c_daily_momentum_scalp_boundary_design.md,1TF3WmRWRRz3k6m29O6ljz9wB3A-Tv_0r,Trade_AI_Docs_v2/docs/migrations/phase_b1c_bucket2_migration/b1c_daily_momentum_scalp_boundary_design.md,1583,,2026-05-18T14:17:00.060Z,2
b1c_daily_momentum_scalp_boundary_design.md,1u7IvtM0eHIeKGXuhdDszCA1kFDa5yF7uUc4Tmm_eu0s,Trade_AI_Docs_v2/docs/_archive/2026-05-24_cleanup/completed_phases/migrations/phase_b1c_bucket2_migration/b1c_daily_momentum_scalp_boundary_design.md,2480,,2026-05-28T18:37:43.273Z,2
b1c_daily_momentum_scalp_boundary_report.md,1dSzSdy-iWbfCJsikd5ozUzgrvaAOiVg9,Trade_AI_Docs_v2/docs/migrations/phase_b1c_bucket2_migration/b1c_daily_momentum_scalp_boundary_report.md,725,,2026-05-18T14:16:48.470Z,2
b1c_daily_momentum_scalp_boundary_report.md,19jFRFuu_LxTFCbh4GAjp9024Q_ui3gFCmtsrYcbB_CQ,Trade_AI_Docs_v2/docs/_archive/2026-05-24_cleanup/completed_phases/migrations/phase_b1c_bucket2_migration/b1c_daily_momentum_scalp_boundary_report.md,1470,,2026-05-28T18:37:24.159Z,2
b1c_preflight.md,1bk80aAI66WOvHSpU2kMmunHVcjSTLmLK,Trade_AI_Docs_v2/docs/migrations/phase_b1c_bucket2_migration/b1c_preflight.md,1817,,2026-05-18T14:16:44.689Z,2
b1c_preflight.md,1T6ReKLC3FaRseMf1OITUA1m0lad3VyzUwH5wGbufl8Y,Trade_AI_Docs_v2/docs/_archive/2026-05-24_cleanup/completed_phases/migrations/phase_b1c_bucket2_migration/b1c_preflight.md,2914,,2026-05-28T18:37:18.510Z,2
b1c_safety_audit.md,11tMjAKRCDP8PTnbDq-jehdywVQp4Z260,Trade_AI_Docs_v2/docs/migrations/phase_b1c_bucket2_migration/b1c_safety_audit.md,730,,2026-05-18T14:17:01.956Z,2
b1c_safety_audit.md,1HLFQa0evygNHQeOInQdUUZKMklZ06PF07M52mm801m0,Trade_AI_Docs_v2/docs/_archive/2026-05-24_cleanup/completed_phases/migrations/phase_b1c_bucket2_migration/b1c_safety_audit.md,1864,,2026-05-28T18:37:46.830Z,2
b1c_scope.md,18Ykrl_onICVCmPVs7jZC4_wasnzqYGJq,Trade_AI_Docs_v2/docs/migrations/phase_b1c_bucket2_migration/b1c_scope.md,1940,,2026-05-18T14:17:03.762Z,2
b1c_scope.md,1xZVlalN0gwJLpaMrKyYM4WkMWdvkWkkRbpmZ-fVc0VY,Trade_AI_Docs_v2/docs/_archive/2026-05-24_cleanup/completed_phases/migrations/phase_b1c_bucket2_migration/b1c_scope.md,2622,,2026-05-28T18:37:50.306Z,2
b1c_sp2c_post_promoter_route_audit_check.md,1lwrlOJJRxgruWlshSxetCfSNNVDC8Lqn,Trade_AI_Docs_v2/docs/migrations/phase_b1c_bucket2_migration/b1c_sp2c_post_promoter_route_audit_check.md,928,,2026-05-18T14:16:52.225Z,2
b1c_sp2c_post_promoter_route_audit_check.md,1tFivFPYiy3WKdkYae_fzVlQ1l8k5TV6ouwongHNjmZc,Trade_AI_Docs_v2/docs/_archive/2026-05-24_cleanup/completed_phases/migrations/phase_b1c_bucket2_migration/b1c_sp2c_post_promoter_route_audit_check.md,2212,,2026-05-28T18:37:30.936Z,2
b1c_test_results.md,1zVEH8dp3Pv0_Va3QCqGmTiSga2qW8L9L,Trade_AI_Docs_v2/docs/migrations/phase_b1c_bucket2_migration/b1c_test_results.md,101,,2026-05-18T14:16:58.104Z,2
b1c_test_results.md,1r-LqG-cdk5Hmbc_EjAVxnb52Wnrx8VEkvZn214caVeo,Trade_AI_Docs_v2/docs/_archive/2026-05-24_cleanup/completed_phases/migrations/phase_b1c_bucket2_migration/b1c_test_results.md,1024,,2026-05-28T18:37:39.612Z,2
b1e_a5_q1_carryforward_status.md,1zOU0a0UbZAdz020OEhfU5Tudbn6LXRXp,Trade_AI_Docs_v2/docs/migrations/phase_b1e_cleanup_bucket3_migration/b1e_a5_q1_carryforward_status.md,229,,2026-05-18T17:11:05.184Z,2
b1e_a5_q1_carryforward_status.md,1AkSp9JM_iVoslWHaR-y0PNmgC96u7fd9pKq25f6Vml4,Trade_AI_Docs_v2/docs/_archive/2026-05-24_cleanup/completed_phases/migrations/phase_b1e_cleanup_bucket3_migration/b1e_a5_q1_carryforward_status.md,1427,,2026-05-28T18:38:04.375Z,2
b1e_navigation_implementation_report.md,13Pd3RHsw8pKYIFIL_YgXCEz0fh3pT0GI,Trade_AI_Docs_v2/docs/migrations/phase_b1e_cleanup_bucket3_migration/b1e_navigation_implementation_report.md,1642,,2026-05-18T17:11:11.312Z,2
b1e_navigation_implementation_report.md,13ZFRdwcoIEC1E23zgTsXl2zPu94uQFVWRm1NUJMMJ4o,Trade_AI_Docs_v2/docs/_archive/2026-05-24_cleanup/completed_phases/migrations/phase_b1e_cleanup_bucket3_migration/b1e_navigation_implementation_report.md,2565,,2026-05-28T18:38:14.799Z,2
b1e_new_pages_menu_matrix.md,1LO2I1d87QXtS1uZUFxLSjVMNWMDXKitn,Trade_AI_Docs_v2/docs/migrations/phase_b1e_cleanup_bucket3_migration/b1e_new_pages_menu_matrix.md,3497,,2026-05-18T17:11:07.276Z,2
b1e_new_pages_menu_matrix.md,1HZn0XwveF4L0UolkBHDhPGULfbKsIkBwCDKLGMf7fZI,Trade_AI_Docs_v2/docs/_archive/2026-05-24_cleanup/completed_phases/migrations/phase_b1e_cleanup_bucket3_migration/b1e_new_pages_menu_matrix.md,4373,,2026-05-28T18:38:07.905Z,2
b1e_safety_audit.md,19vCEBxLmX022_bHmf9x5s1wSxp_IRrcs,Trade_AI_Docs_v2/docs/migrations/phase_b1e_cleanup_bucket3_migration/b1e_safety_audit.md,581,,2026-05-18T17:11:03.370Z,2
b1e_safety_audit.md,1MNLZNBCiGV8O20cda1HJvcKTAGvv4Zj7KeiTwvvEknA,Trade_AI_Docs_v2/docs/_archive/2026-05-24_cleanup/completed_phases/migrations/phase_b1e_cleanup_bucket3_migration/b1e_safety_audit.md,1774,,2026-05-28T18:38:00.535Z,2
backfill_apply_report.md,1d_FvFNTDnlrRI1Zj14dHVdiyByMElDcN,Trade_AI_Docs_v2/docs/screener_architecture/phase_screener_arch3b_importer_membership_backfill/backfill_apply_report.md,76,,2026-05-19T18:19:44.696Z,2
backfill_apply_report.md,13eI4atJCG3PDlbn6mncCwCSOSqzzbsUbDyDo2Yqp-m0,Trade_AI_Docs_v2/docs/_archive/2026-05-24_cleanup/completed_phases/phase_screener_arch3b_importer_membership_backfill/backfill_apply_report.md,1024,,2026-05-28T18:11:30.905Z,2
backfill_dry_run_report.md,1lyuX0bNegBoBQ4B1mkw0LLgJnAxr9PuV,Trade_AI_Docs_v2/docs/screener_architecture/phase_screener_arch3b_importer_membership_backfill/backfill_dry_run_report.md,76,,2026-05-19T18:19:54.820Z,2
backfill_dry_run_report.md,16oM2LIfTpYeueUolUEJX3m_9bmeKgwRBg0qgCleCh-o,Trade_AI_Docs_v2/docs/_archive/2026-05-24_cleanup/completed_phases/phase_screener_arch3b_importer_membership_backfill/backfill_dry_run_report.md,1024,,2026-05-28T18:11:45.267Z,2
backtesting.png,1zk4liIdSZowsLMtFeuLlbJGotcm4sydC,Trade_AI_Docs_v2/docs/_generated/ui_audit_screenshots/audit_7777_20260523_1921/7777/backtesting.png,134622,,2026-05-28T19:02:44.638Z,5
backtesting.png,13H6le6Z-DAWhaA4-TQrDSZBmA-yJpJDX,Trade_AI_Docs_v2/docs/atm_lifecycle_v1_2026_05_26/journal_learning_backtesting_v3_6_design/screenshots/backtesting.png,137258,,2026-05-28T18:01:17.384Z,5
backtesting.png,16Lad7_7CPzlo5KDecLt3tA2UHxWNsaok,Trade_AI_Docs_v2/docs/atm_lifecycle_v1_2026_05_26/full_lifecycle_acceleration_v3_0/screenshots/backtesting.png,137540,,2026-05-28T17:53:42.209Z,5
backtesting.png,1x6P14GMF4OxhgGOs8KMavdpnrFxiiSBz,Trade_AI_Docs_v2/docs/atm_lifecycle_v1_2026_05_26/llm_backtesting_workflow_v3_8_design/enrichment_2026_05_27/screenshots/backtesting.png,137265,,2026-05-28T17:29:21.607Z,5
backtesting.png,1vDzQh0FOc5Z_Ulgw4VMJGzS1ZmV1tO5O,Trade_AI_Docs_v2/docs/atm_lifecycle_v1_2026_05_26/llm_delayed_monthly_v3_9_design/screenshots/backtesting.png,137265,,2026-05-28T17:24:37.667Z,5
backup_restore_readiness_check.md,1jBwmk4Bdi1EP9CLjZbVkNbq-JjGFUEUEJPfuHvFBtBs,Trade_AI_Docs_v2/docs/_archive/2026-05-24_cleanup/completed_phases/weekend_readiness/backup_restore_readiness_check.md,2371,,2026-05-28T18:12:02.577Z,4
backup_restore_readiness_check.md,1ydRpgXdQdHY2yCvaAiGiKhK0lC7aQt7T7G8bGzh6Ukk,Trade_AI_Docs_v2/docs/project/weekend_readiness/backup_restore_readiness_check.md,2371,,2026-05-23T00:41:55.869Z,4
backup_restore_readiness_check.md,1mMlLiB1GLeq3MbG7illM6wNMV_cQuWdzA2jkBV1Eeg0,Trade_AI_Docs_v2/docs/project/weekend_readiness/backup_restore_readiness_check.md,2412,,2026-05-23T00:29:15.401Z,4
backup_restore_readiness_check.md,14VzEFXYFjaNzvQvMJNr4FG0ZibA9QnavZlAZn84IuKQ,Trade_AI_Docs_v2/docs/project/weekend_readiness/backup_restore_readiness_check.md,2372,,2026-05-23T00:14:27.532Z,4
before.json,1IJc7jFIH5qJ3codoRVYCe0TpJwlMw-__,Trade_AI_Docs_v2/docs/_archive/screener_schedule_2026-05-15/before.json,26355,,2026-05-17T23:22:02.920Z,2
before.json,1tttbDOavcyL1vs1Zm-8RCCO6bAFE9gCV,Trade_AI_Docs_v2/docs/_archive/screener_filters_2026-05-15/before.json,28374,,2026-05-17T23:20:34.875Z,2
before_registry.txt,1BBrYt5SHU_3kjNsRMmEpR9y-7r35h4w8,Trade_AI_Docs_v2/docs/_archive/sync_drift_2026-05-16/before_registry.txt,2284,,2026-05-17T23:59:38.604Z,2
before_registry.txt,16DWVBlLnYPTPGD_vIiWIoN8zBXeUV_os,Trade_AI_Docs_v2/docs/sync_drift_2026-05-16/before_registry.txt,2284,,2026-05-17T22:41:49.853Z,2
bond_income.yaml,1k0u72_4T9yd4xpCzMdMoic0DomBOrrY0,Trade_AI_Docs_v2/config/strategies/bond_income.yaml,4223,,2026-05-29T12:41:06.536Z,5
bond_income.yaml,1_Tshgkaa4U9NxxNTGDEapclP_zN4xFyb,Trade_AI_Docs_v2/config/strategies/bond_income.yaml,4223,,2026-05-28T19:03:45.247Z,5
bond_income.yaml,1bi4Oi8kInkiv-juo5caYlF_3836K148q,Trade_AI_Docs_v2/config/strategies/bond_income.yaml,4223,,2026-05-23T16:33:10.739Z,5
bond_income.yaml,1vV6Megjl5WziYIMYi900NAitOzPybsHp,Trade_AI_Docs_v2/config/strategies/bond_income.yaml,4223,,2026-05-22T13:10:31.879Z,5
bond_income.yaml,1-YEu68jRhNLWARNYU2GSwf_xa_9_H3Ij,Trade_AI_Docs_v2/config/strategies/bond_income.yaml,4195,,2026-05-17T23:23:42.356Z,5
br1_backup_readiness_report.md,1xp9ZfbPhSDmQwJNwhCzf_9Hs2--oZHVew0Q2neEvJ4Q,Trade_AI_Docs_v2/docs/_archive/2026-05-24_cleanup/completed_phases/recovery/phase_br1_offsite_backup_restore/br1_backup_readiness_report.md,2036,,2026-05-28T18:10:57.509Z,3
br1_backup_readiness_report.md,1h_JkpK4mN4o0h3r5UKukfZtmyaE1vLlA,Trade_AI_Docs_v2/docs/recovery/phase_br1_offsite_backup_restore/br1_backup_readiness_report.md,627,,2026-05-17T23:13:43.713Z,3
br1_backup_readiness_report.md,1hHBWsamtTTx54BDBFsKnuOPMimrs0e_E,Trade_AI_Docs_v2/docs/recovery/phase_br1_offsite_backup_restore/br1_backup_readiness_report.md,627,,2026-05-17T22:55:00.795Z,3
br1_backup_readiness_results.json,1Bi-cViOzrqxk8YLDzdX2xN2EsJHY9CXI,Trade_AI_Docs_v2/docs/_archive/2026-05-24_cleanup/completed_phases/recovery/phase_br1_offsite_backup_restore/br1_backup_readiness_results.json,966,,2026-05-28T18:10:59.203Z,2
br1_backup_readiness_results.json,130qbi0Spo2Qfs7D1f1RvpYkT1qR8USdk,Trade_AI_Docs_v2/docs/recovery/phase_br1_offsite_backup_restore/br1_backup_readiness_results.json,966,,2026-05-17T22:55:02.107Z,2
br1_db_restore_drill_runbook.md,1sRfc4p2g2ctK1h79cjdRIRp6YYPRbeCnIJLS0NcOT5E,Trade_AI_Docs_v2/docs/_archive/2026-05-24_cleanup/completed_phases/recovery/phase_br1_offsite_backup_restore/br1_db_restore_drill_runbook.md,3250,,2026-05-28T18:10:53.822Z,3
br1_db_restore_drill_runbook.md,1t3_wU5__DNeJ-HQ9WlIOWye6COsTo6RU,Trade_AI_Docs_v2/docs/recovery/phase_br1_offsite_backup_restore/br1_db_restore_drill_runbook.md,1226,,2026-05-17T23:13:41.967Z,3
br1_db_restore_drill_runbook.md,1cCDUf-aQGZdNNp5hBVDWAutl_BacgfsN,Trade_AI_Docs_v2/docs/recovery/phase_br1_offsite_backup_restore/br1_db_restore_drill_runbook.md,1226,,2026-05-17T22:55:03.272Z,3
br1_offsite_encrypted_backup_plan.md,1wo0mDy8rkl8o1FCXaElMVl23zx3qw1kezd9435ZPR2k,Trade_AI_Docs_v2/docs/_archive/2026-05-24_cleanup/completed_phases/recovery/phase_br1_offsite_backup_restore/br1_offsite_encrypted_backup_plan.md,3095,,2026-05-28T18:11:07.173Z,3
br1_offsite_encrypted_backup_plan.md,1Z23gg0nlcQ82QwQZxnsiFFuziAk10oXi,Trade_AI_Docs_v2/docs/recovery/phase_br1_offsite_backup_restore/br1_offsite_encrypted_backup_plan.md,1286,,2026-05-17T23:13:48.843Z,3
br1_offsite_encrypted_backup_plan.md,1mxtjH5mSXr_1iCNZvkKuRAc0wpr1Dz_d,Trade_AI_Docs_v2/docs/recovery/phase_br1_offsite_backup_restore/br1_offsite_encrypted_backup_plan.md,1286,,2026-05-17T22:55:04.408Z,3
br1_rpo_rto_policy.md,1_181WXFV9GF2eXF8lFvrqwufy9C8Nt8OI_GkPBKX3BA,Trade_AI_Docs_v2/docs/_archive/2026-05-24_cleanup/completed_phases/recovery/phase_br1_offsite_backup_restore/br1_rpo_rto_policy.md,2379,,2026-05-28T18:11:10.167Z,3
br1_rpo_rto_policy.md,16RSCV0ls-KRKxhOqWGNraPC9KeBAsQSy,Trade_AI_Docs_v2/docs/recovery/phase_br1_offsite_backup_restore/br1_rpo_rto_policy.md,888,,2026-05-17T23:13:50.442Z,3
br1_rpo_rto_policy.md,1kUt29E_IqyOZZa0Yq07cRBBpgzYzWE_J,Trade_AI_Docs_v2/docs/recovery/phase_br1_offsite_backup_restore/br1_rpo_rto_policy.md,888,,2026-05-17T22:55:05.877Z,3
br2a_offsite_target_report.md,1Q90q_ipCfPCqbcMG1zB7AEBT5QYC4ZBqmri5pNbDhsE,Trade_AI_Docs_v2/docs/_archive/2026-05-24_cleanup/completed_phases/recovery/phase_br2a_existing_gog_drive_backup/br2a_offsite_target_report.md,1024,,2026-05-28T18:11:15.287Z,2
br2a_offsite_target_report.md,1zbN3BkLCQ0_vfEcZqCF3SfleHhtc8Sz8,Trade_AI_Docs_v2/docs/recovery/phase_br2a_existing_gog_drive_backup/br2a_offsite_target_report.md,103,,2026-05-18T02:47:12.163Z,2
brave_search_api_usage_audit_2026-05.md,1__PcBhGaIulyaI_Z_dplZPWPJJyeBpoD,Trade_AI_Docs_v2/brave_search_api_usage_audit_2026-05.md,4435,,2026-05-24T15:10:00.838Z,2
brave_search_api_usage_audit_2026-05.md,1TZBNnoMV5Kw5WBDD1CidOfAvbgGHf1kzzqDN3HuD-Mw,Trade_AI_Docs_v2/docs/_findings/brave_search_api_usage_audit_2026-05.md,5528,,2026-05-28T17:19:52.892Z,2
build_marl_training_dataset.py,123XdNCeraXxiNBhw1xXtVcAlTTiW9Lj6,Trade_AI_Docs_v2/docs/_archive/archive/2026-04-27_pre_bible/v6_research_agent/trade_ai_v6_research_agent_package/scripts/build_marl_training_dataset.py,796,,2026-05-18T00:00:14.004Z,2
build_marl_training_dataset.py,1NVtAjTy_YV8wcbH7vUKO-LBsxblCM7cv,Trade_AI_Docs_v2/build_marl_training_dataset.py,796,,2026-05-17T22:42:24.050Z,2
bulk_patch_strategy_yamls.py,1R316JRgp-sgvuQAWonFsXZe-Fi65eUa2,Trade_AI_Docs_v2/docs/atm_audit_2026_05_26/source_snapshot/bulk_patch_strategy_yamls.py,29975,,2026-05-28T17:06:19.954Z,2
bulk_patch_strategy_yamls.py,1LxXj1coCS_5X6GRYlWsFSOLBzXzzNojO,Trade_AI_Docs_v2/docs/_archive/yaml_patches/scripts/bulk_patch_strategy_yamls.py,29975,,2026-05-18T00:11:53.401Z,2
candidate_freshness_2026-05-15.md,1JgO44Z0J6SW6_UyxtmSm4eg0pD9uyaHPWk8o0S5pa48,Trade_AI_Docs_v2/docs/_archive/design_questions/candidate_freshness_2026-05-15.md,10083,,2026-05-21T03:08:16.682Z,2
candidate_freshness_2026-05-15.md,1NkEC_3_tO3Uv8xUjn6UKkNmxb-q_RoHT,Trade_AI_Docs_v2/docs/_archive/design_questions/candidate_freshness_2026-05-15.md,9299,,2026-05-17T23:21:47.422Z,2
canonical_closed_trades_preview.json,1oYOVvElqu8jHpgnQWPO97djNb1Xat8hr,Trade_AI_Docs_v2/docs/intelligence_flow/intelligence_flow_2_account_defaults_schwab_backtest/canonical_closed_trades_preview.json,7108,,2026-05-23T01:12:52.570Z,2
canonical_closed_trades_preview.json,1ZSb7lLh7y87dm29XnneRubOze9Loe3ec,Trade_AI_Docs_v2/docs/_archive/2026-05-24_cleanup/completed_phases/intelligence_flow_2_account_defaults_schwab_backtest/canonical_closed_trades_preview.json,7108,,2026-05-28T18:15:24.086Z,2
cash_or_stable.yaml,17AxhN0rd677B2V0wAKzQ-eOrLlqx6dhS,Trade_AI_Docs_v2/config/strategies/cash_or_stable.yaml,3933,,2026-05-29T12:41:32.037Z,5
cash_or_stable.yaml,1GqchfRvQaGVWUb6J3yviIY5SR9Pqlm0S,Trade_AI_Docs_v2/config/strategies/cash_or_stable.yaml,3933,,2026-05-28T19:04:09.145Z,5
cash_or_stable.yaml,1o9VUvd-9rywVIfuMDg0HV9FprwlSoHOi,Trade_AI_Docs_v2/config/strategies/cash_or_stable.yaml,3933,,2026-05-23T16:33:32.171Z,5
cash_or_stable.yaml,17mj_9t6tQ0c9fdfqs2UHkyBqZPUsGdaD,Trade_AI_Docs_v2/config/strategies/cash_or_stable.yaml,3933,,2026-05-22T13:10:54.662Z,5
cash_or_stable.yaml,149IRnHy5VxpT30MJK-wjaDSpxnYN9KdN,Trade_AI_Docs_v2/config/strategies/cash_or_stable.yaml,3923,,2026-05-17T23:24:02.975Z,5
catalog_lifecycle_migration_apply_report.md,1_U1gd_-Za4pVyps6FGPtoG6FXs_aEPRA,Trade_AI_Docs_v2/docs/screener_architecture/phase_screener_arch3_catalog_lifecycle/catalog_lifecycle_migration_apply_report.md,222,,2026-05-19T17:31:49.991Z,2
catalog_lifecycle_migration_apply_report.md,1P4ZcbGqSYS2ZiwMjf-G4h9MOwizjSW0v1i13Lecg5g4,Trade_AI_Docs_v2/docs/_archive/2026-05-24_cleanup/completed_phases/phase_screener_arch3_catalog_lifecycle/catalog_lifecycle_migration_apply_report.md,1373,,2026-05-28T18:24:49.027Z,2
catalog_lifecycle_migration_dry_run_report.md,1_RzFp2zS827kfmjsNUhYj8fcOVnHlCpU,Trade_AI_Docs_v2/docs/screener_architecture/phase_screener_arch3_catalog_lifecycle/catalog_lifecycle_migration_dry_run_report.md,212,,2026-05-19T17:31:54.304Z,2
catalog_lifecycle_migration_dry_run_report.md,1rHXJhA5vVLHceeFnNL8mh2hsCsVn8BbtCelnLpTkJeU,Trade_AI_Docs_v2/docs/_archive/2026-05-24_cleanup/completed_phases/phase_screener_arch3_catalog_lifecycle/catalog_lifecycle_migration_dry_run_report.md,1353,,2026-05-28T18:24:55.209Z,2
chat_context.json,1kjmguxAYSffm2lTiX_lCe_iYy6K1uWdp,Trade_AI_Docs_v2/docs/_archive/archive/2026-04-27_pre_bible/morning_brief_redesign_kit/api_payloads/chat_context.json,10734,,2026-05-18T00:02:16.117Z,2
chat_context.json,11ifCzViBfFKTYiAlg7RFD3ea-Zm4bSVe,Trade_AI_Docs_v2/chat_context.json,10734,,2026-05-17T22:44:26.152Z,2
churn_by_strategy.txt,1NARvSgh9vNH2J56JVik8HPKxfGoH_3Ac,Trade_AI_Docs_v2/docs/design/signal_freshness_audit_2026-05-15/churn_by_strategy.txt,2407,,2026-05-17T23:10:20.109Z,2
churn_by_strategy.txt,1-YwmU2cREdYvObpPXlRXXPVgiUMOVJcR,Trade_AI_Docs_v2/docs/design/signal_freshness_audit_2026-05-15/churn_by_strategy.txt,2407,,2026-05-17T22:53:07.636Z,2
cio_decision_engine.py,135IOx1Fy1WUjcPLlcop2Ks9FjfiDfMEK,Trade_AI_Docs_v2/docs/_archive/archive/2026-04-27_pre_bible/v7_cio_intelligence/trade_ai_v7_cio_package/scripts/cio_decision_engine.py,2410,,2026-05-18T00:09:36.881Z,2
cio_decision_engine.py,1_y5GreJWtzqd-a9oWrtWxuYLaavy3K3B,Trade_AI_Docs_v2/docs/archive/2026-04-27_pre_bible/v7_cio_intelligence/trade_ai_v7_cio_package/scripts/cio_decision_engine.py,2410,,2026-05-17T22:51:52.638Z,2
claude_code_formatting_standards.md,1Moiz088tOYXELbl8JMClVawVbk-6RmKQqTvdLcTJ4cM,Trade_AI_Docs_v2/docs/_archive/2026-05-08/claude_code_formatting_standards.md,23950,,2026-05-21T03:06:43.208Z,2
claude_code_formatting_standards.md,1AwgqijWg45CpNuCjbH8kjDrsrO1dlfQe,Trade_AI_Docs_v2/docs/_archive/2026-05-08/claude_code_formatting_standards.md,16391,,2026-05-17T23:21:10.259Z,2
closed_trade_evidence_tracker.md,1O-cw30G7Xsek7d4AEeVYwNfkvQ2ogSsKqhNSov2sWz4,Trade_AI_Docs_v2/docs/project/strategy_proof/closed_trade_evidence_tracker.md,2200,,2026-05-23T00:48:05.528Z,4
closed_trade_evidence_tracker.md,1PuF30jEe_M4g8w3so1Oy4UiITK68bhUbQNVqkmlGf0M,Trade_AI_Docs_v2/docs/project/strategy_proof/closed_trade_evidence_tracker.md,2204,,2026-05-23T00:41:59.299Z,4
closed_trade_evidence_tracker.md,1vNqqzgL9YULNiWKW0w9PAvnxtmguGrqdZM6yhBuvm0A,Trade_AI_Docs_v2/docs/project/strategy_proof/closed_trade_evidence_tracker.md,2201,,2026-05-23T00:29:18.816Z,4
closed_trade_evidence_tracker.md,1OfL-fK-NZKuL8aNZ-RLyZl_LoD9fmNhDjcqLJafwUt0,Trade_AI_Docs_v2/docs/project/strategy_proof/closed_trade_evidence_tracker.md,2225,,2026-05-23T00:14:32.272Z,4
collaboration_handoff_2026-04-19.md,1MagaQOD5TrM8tVvFnkCEiMnph968BWfoOOOueVpWU5U,Trade_AI_Docs_v2/docs/_archive/archive/2026-04-27_pre_bible/handoff_2026-04-19/collaboration_handoff_2026-04-19.md,22342,,2026-05-21T02:52:30.854Z,4
collaboration_handoff_2026-04-19.md,1xrHnXpV4fP4U0xHLV5BIaUWdZJBMrked,Trade_AI_Docs_v2/docs/_archive/archive/2026-04-27_pre_bible/handoff_2026-04-19/collaboration_handoff_2026-04-19.md,17156,,2026-05-18T00:04:39.962Z,4
collaboration_handoff_2026-04-19.md,11agup23UsFvV3u363fGPD9JNIjbosUEy,Trade_AI_Docs_v2/docs/archive/2026-04-27_pre_bible/handoff_2026-04-19/collaboration_handoff_2026-04-19.md,17156,,2026-05-17T23:04:03.920Z,4
collaboration_handoff_2026-04-19.md,1s6IvVcbenvDJjp-wyAvq8hZaK5e0FDL_,Trade_AI_Docs_v2/docs/archive/2026-04-27_pre_bible/handoff_2026-04-19/collaboration_handoff_2026-04-19.md,17156,,2026-05-17T22:46:52.130Z,4
command.json,1-UjuvqycxRfpzlexego9LWn34SWe0Smj,Trade_AI_Docs_v2/ui_redesign/samples/command.json,8768,,2026-05-25T14:39:52.239Z,2
command.json,11EHzVXCUL2H3DTPXvqtRE66luUapsbdv,Trade_AI_Docs_v2/docs/ui_redesign/samples/command.json,8768,,2026-05-28T18:46:48.260Z,2
command_center.html,1g_89qslGXD1Bk6D9brCzWwemKGUkEcbF,Trade_AI_Docs_v2/docs/_archive/archive/2026-04-27_pre_bible/command_center.html,87362,,2026-05-18T00:01:25.507Z,3
command_center.html,1cSItHcm59gJuJSpGWHhPWDiTePdSOnXZ,Trade_AI_Docs_v2/docs/archive/2026-04-27_pre_bible/command_center.html,87362,,2026-05-17T23:00:49.928Z,3
command_center.html,1UYifLr-gDzPSmoNRGPiMtY7QZHcMZY0j,Trade_AI_Docs_v2/docs/archive/2026-04-27_pre_bible/command_center.html,87362,,2026-05-17T22:43:34.854Z,3
command_center_architecture.md,1Igc_IEDsJJ38Ebt9Ja951OxZ04dMR8BQWf2073H4XLs,Trade_AI_Docs_v2/docs/_archive/archive/2026-04-27_pre_bible/command_center_architecture.md,19940,,2026-05-21T02:48:40.828Z,4
command_center_architecture.md,133yKQS01wvKVJk3xIHZF4EcJMqICSD0n,Trade_AI_Docs_v2/docs/_archive/archive/2026-04-27_pre_bible/command_center_architecture.md,17668,,2026-05-18T00:02:39.045Z,4
command_center_architecture.md,1aHEKLxfMsBD4dep_zeSAXOZazI6SZCcs,Trade_AI_Docs_v2/docs/archive/2026-04-27_pre_bible/command_center_architecture.md,17668,,2026-05-17T23:02:03.104Z,4
command_center_architecture.md,1ukK86pusLp4DzvXLwz1oE_MYikWpi_5X,Trade_AI_Docs_v2/docs/archive/2026-04-27_pre_bible/command_center_architecture.md,17668,,2026-05-17T22:44:51.131Z,4
command_center_docs.md,1dBtBGCK2nDFdi-4cxvCNPbW_1B5UG3s3i4n8SnvbGTU,Trade_AI_Docs_v2/docs/_archive/archive/2026-04-27_pre_bible/command_center_docs.md,9815,,2026-05-21T03:01:53.575Z,3
command_center_docs.md,1wXvP3XDpmQ5bhHFqGQ82Li5C5aFp-vzF,Trade_AI_Docs_v2/docs/_archive/archive/2026-04-27_pre_bible/command_center_docs.md,10935,,2026-05-18T00:09:25.865Z,3
command_center_docs.md,1DtZVHacMP7Woamyl1P8MIWJowpgl5hAx,Trade_AI_Docs_v2/docs/archive/2026-04-27_pre_bible/command_center_docs.md,10935,,2026-05-17T22:51:40.827Z,3
command_desktop.png,1_jbGa2TJof7Q-MPqfH3sgYhMbUwId3bh,Trade_AI_Docs_v2/ui_redesign/screenshots/command_desktop.png,163407,,2026-05-25T15:08:54.819Z,2
command_desktop.png,1ChQPU_kZepPTgekXeasYfngxink8VPB_,Trade_AI_Docs_v2/docs/ui_redesign/screenshots/command_desktop.png,173871,,2026-05-28T18:57:55.575Z,2
confidence_calibration.py,1Mc2u1qzZ7kRXljtiFJZUFjVKM3u2DIGL,Trade_AI_Docs_v2/docs/_archive/archive/2026-04-27_pre_bible/v6_research_agent/trade_ai_v6_research_agent_package/scripts/confidence_calibration.py,584,,2026-05-18T00:00:08.372Z,2
confidence_calibration.py,17s2ZieXm9HZAycbfUUYwNWw9Yao6Ly93,Trade_AI_Docs_v2/confidence_calibration.py,584,,2026-05-17T22:42:14.383Z,2
config__agent_raci.yaml.md,1y6KoDDqmoD-TjmLKLslXnPXGJQSHw0UwKJC4ZqDi4_k,Trade_AI_Docs_v2/docs/atm_lifecycle_v1_2026_05_26/config_exports/config__agent_raci.yaml.md,4789,,2026-05-28T17:21:36.872Z,2
config__agent_raci.yaml.md,1O0oAyjvvViQgZ6Wh2uPmvRElJHatRStMl6BRDdrV6QE,Trade_AI_Docs_v2/docs/atm_audit_2026_05_26/designer_review/current_source_text/config__agent_raci.yaml.md,4940,,2026-05-28T17:13:53.945Z,2
config__agent_runtime.json.md,1_2sPVowuhH3MOxc5C0f02fMevPS8NddJK_QUkw3FOak,Trade_AI_Docs_v2/docs/atm_lifecycle_v1_2026_05_26/config_exports/config__agent_runtime.json.md,8519,,2026-05-28T17:20:24.723Z,2
config__agent_runtime.json.md,1H7tn0nmuLFDpk2eu9nLGkKnZvnO39dYnidmPl-UKpfk,Trade_AI_Docs_v2/docs/atm_audit_2026_05_26/designer_review/current_source_text/config__agent_runtime.json.md,8620,,2026-05-28T17:10:44.130Z,2
config__agents.json.md,1MQn4n1wR7_AZMzxZJIBUUs1TEE8cGHu6BspMjageUyk,Trade_AI_Docs_v2/docs/atm_lifecycle_v1_2026_05_26/config_exports/config__agents.json.md,22691,,2026-05-28T17:21:29.656Z,2
config__agents.json.md,16jpNVLDXdjjN2gil8E82CAbhBCdAPTkEqN6bviRTDMA,Trade_AI_Docs_v2/docs/atm_audit_2026_05_26/designer_review/current_source_text/config__agents.json.md,22794,,2026-05-28T17:13:37.692Z,2
config__agents.yaml.md,13MR_AR6U-xAFPOW7iPu-aCKnbs3SFSUctYWZWDMXpQU,Trade_AI_Docs_v2/docs/atm_lifecycle_v1_2026_05_26/config_exports/config__agents.yaml.md,12428,,2026-05-28T17:21:02.646Z,2
config__agents.yaml.md,1PsgjXP1Ko7XrcI_oNe92o8JvDaAoGF8ckhdda5RFsK0,Trade_AI_Docs_v2/docs/atm_audit_2026_05_26/designer_review/current_source_text/config__agents.yaml.md,12533,,2026-05-28T17:12:31.869Z,2
config__atm_config.yaml.md,1gc2RV9Ucsthm3DsBbfOmDguYXzhiV5Yp48uVIG1h9CI,Trade_AI_Docs_v2/docs/atm_lifecycle_v1_2026_05_26/config_exports/config__atm_config.yaml.md,5039,,2026-05-28T17:22:15.190Z,2
config__atm_config.yaml.md,1e5ZhPH1Ngdoqv7m2ju4Um42KO6Iz3xP1M5DeA-kQUGo,Trade_AI_Docs_v2/docs/atm_audit_2026_05_26/designer_review/current_source_text/config__atm_config.yaml.md,5133,,2026-05-28T17:16:51.825Z,2
config__llm_fleet_alert_rules.yaml.md,1heym2iafDxu7iqQwQil0DCkeIE7r5tF38z89U6k7x7k,Trade_AI_Docs_v2/docs/atm_lifecycle_v1_2026_05_26/config_exports/config__llm_fleet_alert_rules.yaml.md,2599,,2026-05-28T17:22:22.952Z,2
config__llm_fleet_alert_rules.yaml.md,1s70t4WRpmGAou6tT8F20u6DxPStEhgZ4hiKrNcy5wxs,Trade_AI_Docs_v2/docs/atm_audit_2026_05_26/designer_review/current_source_text/config__llm_fleet_alert_rules.yaml.md,2705,,2026-05-28T17:17:03.024Z,2
config__operator_alert_policy.yaml.md,1h0gm3LEg7zaeYCStSWO8Rio85yhxVZcnasawmcKUWRM,Trade_AI_Docs_v2/docs/atm_lifecycle_v1_2026_05_26/config_exports/config__operator_alert_policy.yaml.md,5159,,2026-05-28T17:20:35.210Z,2
config__operator_alert_policy.yaml.md,1ftL8ZoIxtAM2je8g0_d2vTfulC5MWCgO8DK6XqbCDvw,Trade_AI_Docs_v2/docs/atm_audit_2026_05_26/designer_review/current_source_text/config__operator_alert_policy.yaml.md,5267,,2026-05-28T17:11:20.000Z,2
config__pipeline_controller.bootstrap.yaml.md,1KM2yPt4Vc59KPMHuLMWurlOBNjo91HMfZivTGu6NH-o,Trade_AI_Docs_v2/docs/atm_lifecycle_v1_2026_05_26/config_exports/config__pipeline_controller.bootstrap.yaml.md,12932,,2026-05-28T17:21:44.756Z,2
config__pipeline_controller.bootstrap.yaml.md,1GvvHVV6r-EbdX88EgtlLtavXpp8C95mDha_gXbXeUnI,Trade_AI_Docs_v2/docs/atm_audit_2026_05_26/designer_review/current_source_text/config__pipeline_controller.bootstrap.yaml.md,13042,,2026-05-28T17:14:04.965Z,2
config__screener_schedule.yaml.md,1IiyCy-rjzxnV2sST0iN8ApFtKARydvBPUHy3oySXhIk,Trade_AI_Docs_v2/docs/atm_lifecycle_v1_2026_05_26/config_exports/config__screener_schedule.yaml.md,3322,,2026-05-28T17:22:07.686Z,2
config__screener_schedule.yaml.md,1mC1yItslj5Ing4kehpmUcXQniqmo6gpOiHtM1hA9Hj8,Trade_AI_Docs_v2/docs/atm_audit_2026_05_26/designer_review/current_source_text/config__screener_schedule.yaml.md,3424,,2026-05-28T17:16:07.575Z,2
config__strategies__bond_income.yaml.md,1sYWOm6mifkwugJcCZZk4XZaPBIY8x4qYDK0cxiFzrYE,Trade_AI_Docs_v2/docs/atm_lifecycle_v1_2026_05_26/config_exports/config__strategies__bond_income.yaml.md,10164,,2026-05-28T17:21:41.118Z,2
config__strategies__bond_income.yaml.md,1ak3-y8QG5zeM6m46l8vj8I9jCvi9fm7NzhW3HlWY0Yo,Trade_AI_Docs_v2/docs/atm_audit_2026_05_26/designer_review/current_source_text/config__strategies__bond_income.yaml.md,10256,,2026-05-28T17:14:01.302Z,2
config__strategies__cash_or_stable.yaml.md,1lSJS8xY4AKfOxKTDfMIiN6kF-WLNCOhpRRG6hC6F5PM,Trade_AI_Docs_v2/docs/atm_lifecycle_v1_2026_05_26/config_exports/config__strategies__cash_or_stable.yaml.md,9644,,2026-05-28T17:20:17.553Z,2
config__strategies__cash_or_stable.yaml.md,1Kq4Nxs2HIm2nGdZ9UsiplcJHXF4BgRH0lXaEYtPC6WU,Trade_AI_Docs_v2/docs/atm_audit_2026_05_26/designer_review/current_source_text/config__strategies__cash_or_stable.yaml.md,9752,,2026-05-28T17:09:49.573Z,2
config__strategies__core_growth_compounder.yaml.md,1HwG3iTJhk2qMVyWMcgm-JJJUWAgEjWaoZdFj5H1Wv3o,Trade_AI_Docs_v2/docs/atm_lifecycle_v1_2026_05_26/config_exports/config__strategies__core_growth_compounder.yaml.md,9897,,2026-05-28T17:21:18.017Z,2
config__strategies__core_growth_compounder.yaml.md,1YnO5ddf5Gnn7Wfdw3SnoWhXxhLOr39-QVY0i7aQk6OI,Trade_AI_Docs_v2/docs/atm_audit_2026_05_26/designer_review/current_source_text/config__strategies__core_growth_compounder.yaml.md,9996,,2026-05-28T17:13:16.554Z,2
config__strategies__core_index.yaml.md,17QA8nU8PlvpGrD9X_pcY47ZffUyQ0tSOlj5zttrBUko,Trade_AI_Docs_v2/docs/atm_lifecycle_v1_2026_05_26/config_exports/config__strategies__core_index.yaml.md,9522,,2026-05-28T17:20:31.869Z,2
config__strategies__core_index.yaml.md,1MAF59g7kDyH6scGtDt15TfS-Djx-ajXIsetwZM4lcRM,Trade_AI_Docs_v2/docs/atm_audit_2026_05_26/designer_review/current_source_text/config__strategies__core_index.yaml.md,9633,,2026-05-28T17:11:16.275Z,2
config__strategies__covered_call_income.yaml.md,1lyx3_am1GOBRsr6wFjS44CejfDzgDRH6_IW7dhqjVYQ,Trade_AI_Docs_v2/docs/atm_lifecycle_v1_2026_05_26/config_exports/config__strategies__covered_call_income.yaml.md,11170,,2026-05-28T17:21:21.663Z,2
config__strategies__covered_call_income.yaml.md,1WLBqzI-eeRN3FRBD0HQxdhMiq3xGs4axLw9fFign-rI,Trade_AI_Docs_v2/docs/atm_audit_2026_05_26/designer_review/current_source_text/config__strategies__covered_call_income.yaml.md,11271,,2026-05-28T17:13:20.588Z,2
config__strategies__defense_thesis.yaml.md,1fwJn4w-HRfV3v5akRrwsIAUJVrvxLqNNM18JdmE2v5Y,Trade_AI_Docs_v2/docs/atm_lifecycle_v1_2026_05_26/config_exports/config__strategies__defense_thesis.yaml.md,10671,,2026-05-28T17:21:56.263Z,2
config__strategies__defense_thesis.yaml.md,1dtJ4iXP1u2WzKupX2mpypbWH1FuHdgsVOoP1lFhAYTw,Trade_AI_Docs_v2/docs/atm_audit_2026_05_26/designer_review/current_source_text/config__strategies__defense_thesis.yaml.md,10770,,2026-05-28T17:15:15.096Z,2
config__strategies__dividend_growth_compounder.yaml.md,1zbS2e-TP25-nQLJVmHYi9Y4SPKz1u-c0KfojA5r9tiU,Trade_AI_Docs_v2/docs/atm_lifecycle_v1_2026_05_26/config_exports/config__strategies__dividend_growth_compounder.yaml.md,9902,,2026-05-28T17:20:39.029Z,2
config__strategies__dividend_growth_compounder.yaml.md,1TmxcYbzjftvTIIj3BecJriWt-GmktGlkJIN1WwvFb2c,Trade_AI_Docs_v2/docs/atm_audit_2026_05_26/designer_review/current_source_text/config__strategies__dividend_growth_compounder.yaml.md,9999,,2026-05-28T17:11:28.978Z,2
config__strategies__earnings_catalyst.yaml.md,1fADmBtygmKLvOsuqeLbE8zZuNExrBe8rZZWBoAFsq7Y,Trade_AI_Docs_v2/docs/atm_lifecycle_v1_2026_05_26/config_exports/config__strategies__earnings_catalyst.yaml.md,8820,,2026-05-28T17:20:27.962Z,2
config__strategies__earnings_catalyst.yaml.md,1hEPfUeZu4cbDQTli590kgA6TBn0pwOj5f1pFP50LlWs,Trade_AI_Docs_v2/docs/atm_audit_2026_05_26/designer_review/current_source_text/config__strategies__earnings_catalyst.yaml.md,8919,,2026-05-28T17:10:55.780Z,2
config__strategies__earnings_post_momentum.yaml.md,106486-Mo_GmDZJLGOmsrUj8CvxffXv9_zsHP4C_obZw,Trade_AI_Docs_v2/docs/atm_lifecycle_v1_2026_05_26/config_exports/config__strategies__earnings_post_momentum.yaml.md,13481,,2026-05-28T17:21:33.193Z,2
config__strategies__earnings_post_momentum.yaml.md,1dWJkeLo9y6FYsM6fXXQnpDwgRnEWR1UbbphwRZJw1S8,Trade_AI_Docs_v2/docs/atm_audit_2026_05_26/designer_review/current_source_text/config__strategies__earnings_post_momentum.yaml.md,13589,,2026-05-28T17:13:41.747Z,2
config__strategies__earnings_pre_buildup.yaml.md,1LhUXjv3w5vIV4axZfsyZcEZDLfEQsfs068GhtTfQt9U,Trade_AI_Docs_v2/docs/atm_lifecycle_v1_2026_05_26/config_exports/config__strategies__earnings_pre_buildup.yaml.md,12976,,2026-05-28T17:22:19.365Z,2
config__strategies__earnings_pre_buildup.yaml.md,1_DscTcdMMQGSTyxWTB_z6atQ4hA6o7taGUT1uS7DABc,Trade_AI_Docs_v2/docs/atm_audit_2026_05_26/designer_review/current_source_text/config__strategies__earnings_pre_buildup.yaml.md,13079,,2026-05-28T17:16:59.376Z,2
config__strategies__fib_retracement_bounce.yaml.md,14SEUw-Z6Zj3xxngnEIz0KHYkvW7X5slipvYD63XCJaQ,Trade_AI_Docs_v2/docs/atm_lifecycle_v1_2026_05_26/config_exports/config__strategies__fib_retracement_bounce.yaml.md,14404,,2026-05-28T17:21:49.009Z,2
config__strategies__fib_retracement_bounce.yaml.md,1vtO7vqNbsheRKZtMVN8zwB9gdjxzFcbUpm5pI5KxM_s,Trade_AI_Docs_v2/docs/atm_audit_2026_05_26/designer_review/current_source_text/config__strategies__fib_retracement_bounce.yaml.md,14505,,2026-05-28T17:14:13.263Z,2
config__strategies__gap_and_go.yaml.md,1pyujrhTR_PAqCwQ_A6UcpMA-g09SnbSe3oiVfnNXz_4,Trade_AI_Docs_v2/docs/atm_lifecycle_v1_2026_05_26/config_exports/config__strategies__gap_and_go.yaml.md,11878,,2026-05-28T17:22:04.117Z,2
config__strategies__gap_and_go.yaml.md,1v3frijhBlzxN3Tkahsxv8XKTe9_cOe6xJnj9jGMdVVM,Trade_AI_Docs_v2/docs/atm_audit_2026_05_26/designer_review/current_source_text/config__strategies__gap_and_go.yaml.md,11994,,2026-05-28T17:15:41.770Z,2
config__strategies__high_yield_income_bdc.yaml.md,14-PpPxzY6x0mqhw4qJMOWnEfbAf9AhtPfFrAlceEQkI,Trade_AI_Docs_v2/docs/atm_lifecycle_v1_2026_05_26/config_exports/config__strategies__high_yield_income_bdc.yaml.md,10140,,2026-05-28T17:21:25.294Z,2
config__strategies__high_yield_income_bdc.yaml.md,1mQZJ8zYeLORwOzBjPscF6pRwNMUPYUmknZ5MKvibw80,Trade_AI_Docs_v2/docs/atm_audit_2026_05_26/designer_review/current_source_text/config__strategies__high_yield_income_bdc.yaml.md,10237,,2026-05-28T17:13:29.852Z,2
config__strategies__income_add.yaml.md,15dz0hIwEQVmzhcdCmwUCvJeTmqxsYE2eb5HarLQseQ8,Trade_AI_Docs_v2/docs/atm_lifecycle_v1_2026_05_26/config_exports/config__strategies__income_add.yaml.md,12847,,2026-05-28T17:22:00.254Z,2
config__strategies__income_add.yaml.md,11j0QOPkr0U_D6DcTX_8RZP4HVzmYgHExQMr1GybA_3c,Trade_AI_Docs_v2/docs/atm_audit_2026_05_26/designer_review/current_source_text/config__strategies__income_add.yaml.md,12951,,2026-05-28T17:15:23.138Z,2
config__strategies__international_dividend.yaml.md,1oCDu2TnNy01uZyqSFLutV4XLpMEMV5_CtS_Pnn2UTig,Trade_AI_Docs_v2/docs/atm_lifecycle_v1_2026_05_26/config_exports/config__strategies__international_dividend.yaml.md,9927,,2026-05-28T17:20:54.692Z,2
config__strategies__international_dividend.yaml.md,11-yPJ_I806jWofUZAWEdPbTlaK_xpi1WX9EvL_Yo9JI,Trade_AI_Docs_v2/docs/atm_audit_2026_05_26/designer_review/current_source_text/config__strategies__international_dividend.yaml.md,10018,,2026-05-28T17:12:11.895Z,2
config__strategies__momentum_scalp.yaml.md,103i-ujYggsFs-9SgZACwblKWh8ASdhZvSKmR-hcf6Zc,Trade_AI_Docs_v2/docs/atm_lifecycle_v1_2026_05_26/config_exports/config__strategies__momentum_scalp.yaml.md,14441,,2026-05-28T17:21:14.279Z,2
config__strategies__momentum_scalp.yaml.md,1lWGmSw1ibldUb2vlcE7IG4DnUTbTHbm9e1ZUgpOlxDc,Trade_AI_Docs_v2/docs/atm_audit_2026_05_26/designer_review/current_source_text/config__strategies__momentum_scalp.yaml.md,14544,,2026-05-28T17:13:12.675Z,2
config__strategies__recommendation_schema.yaml.md,1PYoOutYmp_VFBdVH8qTHQMIRM7kc0VvvTPvOiD2JD38,Trade_AI_Docs_v2/docs/atm_lifecycle_v1_2026_05_26/config_exports/config__strategies__recommendation_schema.yaml.md,6773,,2026-05-28T17:21:10.282Z,2
config__strategies__recommendation_schema.yaml.md,1X7iqjK24T3pdeUeOIoN7Mw_QxMtCV3wX6sDyoOjW9IY,Trade_AI_Docs_v2/docs/atm_audit_2026_05_26/designer_review/current_source_text/config__strategies__recommendation_schema.yaml.md,6868,,2026-05-28T17:12:53.482Z,2
config__strategies__recovery_watch.yaml.md,1mFkFJN80wGPGCozBFAOh6uhLUlXoythBUYh-ZLubkpA,Trade_AI_Docs_v2/docs/atm_lifecycle_v1_2026_05_26/config_exports/config__strategies__recovery_watch.yaml.md,10682,,2026-05-28T17:22:11.533Z,2
config__strategies__recovery_watch.yaml.md,1GuCTOGRzF_uVgEc_0cKayKo14vduEUPgELbW2bMe3js,Trade_AI_Docs_v2/docs/atm_audit_2026_05_26/designer_review/current_source_text/config__strategies__recovery_watch.yaml.md,10784,,2026-05-28T17:16:17.896Z,2
config__strategies__reit_income.yaml.md,1SLLs8t5C55n7I-XYmkpyIqB8CXqeyneGD5mLNZKQ6KQ,Trade_AI_Docs_v2/docs/atm_lifecycle_v1_2026_05_26/config_exports/config__strategies__reit_income.yaml.md,10089,,2026-05-28T17:20:50.579Z,2
config__strategies__reit_income.yaml.md,1-mKjydM5KW15IA5gYu0tZWdIoBICWePV4_GWBem1NXQ,Trade_AI_Docs_v2/docs/atm_audit_2026_05_26/designer_review/current_source_text/config__strategies__reit_income.yaml.md,10183,,2026-05-28T17:12:03.549Z,2
config__strategies__sector_rotation.yaml.md,1ISW2umsW9fhPubPIdTqafbG0SRYQTM0TjVOCcWaN3CE,Trade_AI_Docs_v2/docs/atm_lifecycle_v1_2026_05_26/config_exports/config__strategies__sector_rotation.yaml.md,12416,,2026-05-28T17:20:13.694Z,2
config__strategies__sector_rotation.yaml.md,1iz2eiC4rNSaaMZINmIbGgKixEugq4ct88CaDiQr-PB8,Trade_AI_Docs_v2/docs/atm_audit_2026_05_26/designer_review/current_source_text/config__strategies__sector_rotation.yaml.md,12525,,2026-05-28T17:09:12.051Z,2
config__strategies__shared_risk_rules.yaml.md,1IfTanrcDbH6QWyOFWvHCR9gPTqzHLlJTG8SHTEx-G6I,Trade_AI_Docs_v2/docs/atm_lifecycle_v1_2026_05_26/config_exports/config__strategies__shared_risk_rules.yaml.md,6713,,2026-05-28T17:20:46.559Z,2
config__strategies__shared_risk_rules.yaml.md,1YFZMge06Xej-VbEpBcV0g75s4_gkP0XaHRrs6TT7Jns,Trade_AI_Docs_v2/docs/atm_audit_2026_05_26/designer_review/current_source_text/config__strategies__shared_risk_rules.yaml.md,6814,,2026-05-28T17:11:55.316Z,2
config__strategies__speculative_growth.yaml.md,1_M6oj6CB-DtqMfOz2LeVSD5EgWgqRTU5_kyEvbJIxrw,Trade_AI_Docs_v2/docs/atm_lifecycle_v1_2026_05_26/config_exports/config__strategies__speculative_growth.yaml.md,10368,,2026-05-28T17:20:58.935Z,2
config__strategies__speculative_growth.yaml.md,1yXD7BixoPd1C3-6CLOcju8gxD_-EoIaQEcbPWHHLIHI,Trade_AI_Docs_v2/docs/atm_audit_2026_05_26/designer_review/current_source_text/config__strategies__speculative_growth.yaml.md,10475,,2026-05-28T17:12:23.154Z,2
config__strategies__strategy_schema.yaml.md,1teCcQRjiq_Kh-Ax4DAsN1IqxmO2QpdVKbkqqjWMIMoE,Trade_AI_Docs_v2/docs/atm_lifecycle_v1_2026_05_26/config_exports/config__strategies__strategy_schema.yaml.md,4401,,2026-05-28T17:20:42.875Z,2
config__strategies__strategy_schema.yaml.md,1-sSMXTr6QWg4TYzxrApPmH2paO5-Zbn3qlB1a-0SqL8,Trade_AI_Docs_v2/docs/atm_audit_2026_05_26/designer_review/current_source_text/config__strategies__strategy_schema.yaml.md,4506,,2026-05-28T17:11:47.724Z,2
config__strategies__swing_breakout.yaml.md,1GiqWMGnSkOxNFXRmwtwLYKoiRT4fwVbSFO6_jMnhIo4,Trade_AI_Docs_v2/docs/atm_lifecycle_v1_2026_05_26/config_exports/config__strategies__swing_breakout.yaml.md,12542,,2026-05-28T17:20:10.066Z,2
config__strategies__swing_breakout.yaml.md,1H9vraBrUwCZKNX1sNJKZp3R4tP1ftLA6qGMgO-bY1BA,Trade_AI_Docs_v2/docs/atm_audit_2026_05_26/designer_review/current_source_text/config__strategies__swing_breakout.yaml.md,12642,,2026-05-28T17:09:08.131Z,2
config__strategies__swing_trade.yaml.md,1Fbk18sV-hyhUYiEDVM9dp3fIEJKLv-I7kU_qWazUMUs,Trade_AI_Docs_v2/docs/atm_lifecycle_v1_2026_05_26/config_exports/config__strategies__swing_trade.yaml.md,10556,,2026-05-28T17:20:21.599Z,2
config__strategies__swing_trade.yaml.md,18ozT4P84r-R-Thj5kJOMFwD20DvgrcoAl1bnYAHaSsQ,Trade_AI_Docs_v2/docs/atm_audit_2026_05_26/designer_review/current_source_text/config__strategies__swing_trade.yaml.md,10662,,2026-05-28T17:10:40.943Z,2
config__strategies__tax_loss_harvest.yaml.md,1ZuA4ltndWYJ3FiGIyaS4CoS31zj71X1RGvhF9wi5OT8,Trade_AI_Docs_v2/docs/atm_lifecycle_v1_2026_05_26/config_exports/config__strategies__tax_loss_harvest.yaml.md,10020,,2026-05-28T17:21:06.528Z,2
config__strategies__tax_loss_harvest.yaml.md,17-Gh7ejmzt7rDsFacPlnI_4reujFINK0zRAaycSYTIY,Trade_AI_Docs_v2/docs/atm_audit_2026_05_26/designer_review/current_source_text/config__strategies__tax_loss_harvest.yaml.md,10120,,2026-05-28T17:12:36.018Z,2
core_growth_compounder.yaml,1qweEjKmiRECP4g-H3WhNZJiUMcgcavEx,Trade_AI_Docs_v2/config/strategies/core_growth_compounder.yaml,4180,,2026-05-29T12:41:24.053Z,5
core_growth_compounder.yaml,1M-covIUrRXsTeifvA5Zhh0WHCTSl23W2,Trade_AI_Docs_v2/config/strategies/core_growth_compounder.yaml,4180,,2026-05-28T19:04:00.877Z,5
core_growth_compounder.yaml,1GqKL0Q9UY9fpUOSK6L9q-IQfKFD2fYoE,Trade_AI_Docs_v2/config/strategies/core_growth_compounder.yaml,4180,,2026-05-23T16:33:25.319Z,5
core_growth_compounder.yaml,1EQroYO-Yb0kJieVZmR5oNJF3SK4uuDpN,Trade_AI_Docs_v2/config/strategies/core_growth_compounder.yaml,4180,,2026-05-22T13:10:47.071Z,5
core_growth_compounder.yaml,1b3raeO6J8MqRYfoLijtVlJZ6G_kEduBx,Trade_AI_Docs_v2/config/strategies/core_growth_compounder.yaml,4144,,2026-05-17T23:23:56.281Z,5
core_index.yaml,13UiMwu1Vtg_IQKEs1AweK1v1LbW0yxtm,Trade_AI_Docs_v2/config/strategies/core_index.yaml,3802,,2026-05-29T12:41:25.973Z,5
core_index.yaml,1-wfyUb3FVsYZlAWxZSfV5zlp96rghcXJ,Trade_AI_Docs_v2/config/strategies/core_index.yaml,3802,,2026-05-28T19:04:03.026Z,5
core_index.yaml,1Z88F0e-sZ3BBb6jzpNEF6aYT6MGnv5FY,Trade_AI_Docs_v2/config/strategies/core_index.yaml,3802,,2026-05-23T16:33:26.954Z,5
core_index.yaml,1RbtNdWEB5-aW8GuCOGPt0dzhBbNZtjWX,Trade_AI_Docs_v2/config/strategies/core_index.yaml,3802,,2026-05-22T13:10:48.870Z,5
core_index.yaml,1_6dJKa_iSWrU37z9Mpng1RRo91ICNhrx,Trade_AI_Docs_v2/config/strategies/core_index.yaml,3761,,2026-05-17T23:23:58.112Z,5
covered_call_income.yaml,1zRkf5uVPcjrYUhmTJ-gmiC6tkiXwkxT3,Trade_AI_Docs_v2/config/strategies/covered_call_income.yaml,4641,,2026-05-29T12:41:02.438Z,5
covered_call_income.yaml,1Fd5Z8hp1m3Ey8adjs36437GuazlBBbW7,Trade_AI_Docs_v2/config/strategies/covered_call_income.yaml,4641,,2026-05-28T19:03:41.530Z,5
covered_call_income.yaml,1zViBpY0Y7FP6bRqiAzePgfzOnypCw6gf,Trade_AI_Docs_v2/config/strategies/covered_call_income.yaml,4641,,2026-05-23T16:33:07.161Z,5
covered_call_income.yaml,16-PNDfHBILiJbCOvdkKXRYfVdrb_DQZ9,Trade_AI_Docs_v2/config/strategies/covered_call_income.yaml,4641,,2026-05-22T13:10:28.232Z,5
covered_call_income.yaml,1Xys5nkhq6gS4wK9eou6pXQQAqsWpywAE,Trade_AI_Docs_v2/config/strategies/covered_call_income.yaml,4615,,2026-05-17T23:23:38.815Z,5
cron_health.json,19DNxa6xZxJAWWQIKkwKLxkClVcA9Gbj6,Trade_AI_Docs_v2/docs/atm_lifecycle_v1_2026_05_26/api_samples/cron_health.json,2879,,2026-05-28T17:25:30.857Z,2
cron_health.json,1HuUGW_KYb7DBE3E4NofmhUb8YiqWBAXx,Trade_AI_Docs_v2/docs/atm_audit_2026_05_26/api_samples/cron_health.json,5124,,2026-05-28T17:00:28.423Z,2
crontab,1l06fC2fVB26vzWNCOILDyNm3mlLpqHDwWf3kuN0Vk6g,Trade_AI_Docs_v2/docs/atm_lifecycle_v1_2026_05_26/backups/v3_3_v3_4_pre_apply_20260527_095544/crontab,8210,,2026-05-28T17:24:04.152Z,2
crontab,1w-WD-c3EZsDHiF56yDeytg_KQ-3P_NlWXzPc_zsSaiQ,Trade_AI_Docs_v2/docs/atm_lifecycle_v1_2026_05_26/backups/v3_1_v3_2_pre_traceability_20260527_084653/crontab,8201,,2026-05-28T17:23:41.839Z,2
crontab_post_phase2c_friday_hybrid_enable.txt,1esw8fZPQGQuU1GSzZTUMMk5WoZ-V8YDi,Trade_AI_Docs_v2/docs/_archive/llm_fleet/phase2_embedding_ab/crontab_post_phase2c_friday_hybrid_enable.txt,20483,,2026-05-18T00:10:47.992Z,2
crontab_post_phase2c_friday_hybrid_enable.txt,1bxCsSYe4ze8zSHHmpgbul_azZVKKUogK,Trade_AI_Docs_v2/docs/llm_fleet/phase2_embedding_ab/crontab_post_phase2c_friday_hybrid_enable.txt,20483,,2026-05-17T23:11:58.993Z,2
crontab_pre_phase1j_correction.txt,1GYIJkM4F8cbbltdpXc0-H3q115lJhCb6,Trade_AI_Docs_v2/docs/_archive/v4_1_discovery/crontab_pre_phase1j_correction.txt,18179,,2026-05-18T00:10:56.247Z,2
crontab_pre_phase1j_correction.txt,1hl0iGv8yZYZPqA-E99T0AmdLldeNjj_E,Trade_AI_Docs_v2/docs/v4_1_discovery/crontab_pre_phase1j_correction.txt,18179,,2026-05-17T23:17:07.263Z,2
crontab_pre_phase2c_friday_hybrid_enable.txt,1iZO5dL-RDcjo654jYgG35iKsjJhVVDv8,Trade_AI_Docs_v2/docs/_archive/llm_fleet/phase2_embedding_ab/crontab_pre_phase2c_friday_hybrid_enable.txt,20463,,2026-05-18T00:10:46.229Z,2
crontab_pre_phase2c_friday_hybrid_enable.txt,1DhbvYyjmW3AsuRre28kx039CR_DuPvag,Trade_AI_Docs_v2/docs/llm_fleet/phase2_embedding_ab/crontab_pre_phase2c_friday_hybrid_enable.txt,20463,,2026-05-17T23:11:48.334Z,2
crontab_pre_phase2c_nightly_hybrid_enable.txt,1GPi717sm-8KYmKYa4eN2RZ7CHgX-oHo6,Trade_AI_Docs_v2/docs/_archive/llm_fleet/phase2_embedding_ab/crontab_pre_phase2c_nightly_hybrid_enable.txt,20443,,2026-05-18T00:10:49.603Z,2
crontab_pre_phase2c_nightly_hybrid_enable.txt,1cSGuA-X6DAxdKz5TmVWW7KdaT2DH6lCh,Trade_AI_Docs_v2/docs/llm_fleet/phase2_embedding_ab/crontab_pre_phase2c_nightly_hybrid_enable.txt,20443,,2026-05-17T23:12:00.686Z,2
cross_strategy_overlap.txt,1nnes9Q0_op-WieQM08BrDore2e6qVX1F,Trade_AI_Docs_v2/docs/design/signal_freshness_audit_2026-05-15/cross_strategy_overlap.txt,5059,,2026-05-17T23:10:18.289Z,2
cross_strategy_overlap.txt,1Q7nuMeNBhVRXWNvXPP1rMk7tiw9rhXSO,Trade_AI_Docs_v2/docs/design/signal_freshness_audit_2026-05-15/cross_strategy_overlap.txt,5059,,2026-05-17T22:53:05.855Z,2
dashboard_cleanup_closeout.md,1Mjc8sJ7gREaDaqtZyrOdc-HDlvSL1eRAqBKHncG-oyM,Trade_AI_Docs_v2/docs/project/dashboard_data_correctness/dashboard_cleanup_closeout.md,2887,,2026-05-21T02:33:40.405Z,2
dashboard_cleanup_closeout.md,1INRge7kOduLaB_AndDwmO-q9kIHojcK0,Trade_AI_Docs_v2/docs/project/dashboard_data_correctness/dashboard_cleanup_closeout.md,1524,,2026-05-17T23:14:41.101Z,2
dashboard_integration_report.md,1RsyJQ7CgnFaxonu2iiiEVdwBfPbtWwXW3sGUKFYXZIo,Trade_AI_Docs_v2/docs/_archive/2026-05-24_cleanup/completed_phases/phase_journal_ux2_persistent_lessons_digest/dashboard_integration_report.md,1483,,2026-05-28T18:14:36.283Z,2
dashboard_integration_report.md,1-A7f-6uADogc0NCqJLh47orTw5h_WphtPHjC4LJvI0E,Trade_AI_Docs_v2/docs/_archive/2026-05-24_cleanup/completed_phases/phase_screener_arch3c_membership_lifecycle_api/dashboard_integration_report.md,2208,,2026-05-28T18:13:02.089Z,2
defense_thesis.yaml,1qXHVipZtTn6pFH60NlEGhP2zFpRupBhr,Trade_AI_Docs_v2/config/strategies/defense_thesis.yaml,4617,,2026-05-29T12:41:20.230Z,5
defense_thesis.yaml,1vAqeUB22vw7USJ0WdH-jyiwHCivQRc3h,Trade_AI_Docs_v2/config/strategies/defense_thesis.yaml,4617,,2026-05-28T19:03:58.959Z,5
defense_thesis.yaml,1SDl65wboG_8rcAJp1O40Actrwkc09e-b,Trade_AI_Docs_v2/config/strategies/defense_thesis.yaml,4617,,2026-05-23T16:33:23.616Z,5
defense_thesis.yaml,1pPs_HzwngFE6bE5kNHnplMpg9ojkxdOn,Trade_AI_Docs_v2/config/strategies/defense_thesis.yaml,4617,,2026-05-22T13:10:45.220Z,5
defense_thesis.yaml,1EYIKMPL4SBo_2U9_cXz9IZfm3RlUZvSq,Trade_AI_Docs_v2/config/strategies/defense_thesis.yaml,4563,,2026-05-17T23:23:54.508Z,5
dividend_growth_compounder.yaml,1zDhZ8kP0N7DFET6H_M3LG0F4KcycFB-d,Trade_AI_Docs_v2/config/strategies/dividend_growth_compounder.yaml,4188,,2026-05-29T12:40:41.367Z,5
dividend_growth_compounder.yaml,1lzjLOyXCmbESt2IKDjg7krlP5yzQG6Ht,Trade_AI_Docs_v2/config/strategies/dividend_growth_compounder.yaml,4188,,2026-05-28T19:03:22.562Z,5
dividend_growth_compounder.yaml,1KkCz-Y_Pc5XmA2zE0TBcMX_6B3n1Itif,Trade_AI_Docs_v2/config/strategies/dividend_growth_compounder.yaml,4188,,2026-05-23T16:32:48.633Z,5
dividend_growth_compounder.yaml,1xUjyMnqqF5m2v0Ga5Fo9bD1tXClF9HA1,Trade_AI_Docs_v2/config/strategies/dividend_growth_compounder.yaml,4188,,2026-05-22T13:10:08.042Z,5
dividend_growth_compounder.yaml,1nbxyhC5Q6fVIVtnIGAQ3-BXNtu5PTid4,Trade_AI_Docs_v2/config/strategies/dividend_growth_compounder.yaml,4160,,2026-05-17T23:23:18.895Z,5
dividends.json,1cQuuyinu4L8pMF8h-3pkypYKc8mFdpuR,Trade_AI_Docs_v2/ui_redesign/samples/dividends.json,6505,,2026-05-25T14:39:53.870Z,2
dividends.json,1zKt3smmoTzmVE6e-NgFola5DeFY4sofr,Trade_AI_Docs_v2/docs/ui_redesign/samples/dividends.json,6505,,2026-05-28T18:46:25.863Z,2
doc_clean_1_documentation_hygiene_assessment.md,14juQiKdBxLzmnhC-14sgdU6Zj_979zTUnTWTZev82iY,Trade_AI_Docs_v2/docs/_archive/2026-05-24_cleanup/completed_phases/documentation_cleanup/doc_clean_1/doc_clean_1_documentation_hygiene_assessment.md,2212,,2026-05-28T18:38:39.639Z,2
doc_clean_1_documentation_hygiene_assessment.md,18Y0xSNaWeNIPRbiFCug-GAsGZV5H8h67,Trade_AI_Docs_v2/docs/project/documentation_cleanup/doc_clean_1/doc_clean_1_documentation_hygiene_assessment.md,927,,2026-05-17T23:59:21.887Z,2
doc_clean_1_inventory.md,1smTra7Cct3qhsnDo8s4xnL_bjJN-OVP_ov50MVvPRCE,Trade_AI_Docs_v2/docs/_archive/2026-05-24_cleanup/completed_phases/documentation_cleanup/doc_clean_1/doc_clean_1_inventory.md,1270,,2026-05-28T18:38:36.139Z,2
doc_clean_1_inventory.md,1eo6tFIT4NUWfdoDd_xe9_clKgQaAIuil,Trade_AI_Docs_v2/docs/project/documentation_cleanup/doc_clean_1/doc_clean_1_inventory.md,289,,2026-05-17T23:59:19.744Z,2
doc_clean_1b_drive_verification.md,1Yatcl_iw2kHyut4FfPsFInnc-BBNCilMS1o-8EOnDao,Trade_AI_Docs_v2/docs/_archive/2026-05-24_cleanup/completed_phases/documentation_cleanup/doc_clean_1/doc_clean_1b_drive_verification.md,2600,,2026-05-28T18:38:29.492Z,2
doc_clean_1b_drive_verification.md,193r3O2vHGzb5UeaDh3x2aHSowzSCeg5d,Trade_AI_Docs_v2/docs/project/documentation_cleanup/doc_clean_1/doc_clean_1b_drive_verification.md,1250,,2026-05-18T01:05:59.959Z,2
doc_clean_1c_inventory.md,1cLaWCBBw2Poi0WVfLk33_qXKBCki5D5wuKh9_jfH_R0,Trade_AI_Docs_v2/docs/_archive/2026-05-24_cleanup/completed_phases/documentation_cleanup/doc_clean_1/doc_clean_1c_inventory.md,1175,,2026-05-28T18:38:22.304Z,2
doc_clean_1c_inventory.md,16qsQGVvV2rblc0RzLwVxSxGMK3zH3fa_,Trade_AI_Docs_v2/docs/project/documentation_cleanup/doc_clean_1/doc_clean_1c_inventory.md,198,,2026-05-18T01:05:56.244Z,2
doc_cleanup_summary_2026-04-20.md,1cH-PvY_CxzA09ljpyj2yhY1W72AmSnbS5elyLPE9now,Trade_AI_Docs_v2/docs/_archive/archive/2026-04-27_pre_bible/handoff_2026-04-19/doc_cleanup_summary_2026-04-20.md,3670,,2026-05-21T02:55:52.042Z,4
doc_cleanup_summary_2026-04-20.md,1MedYMfDRMVfF7Zl-ZkPv3MKucHUTD5Mw,Trade_AI_Docs_v2/docs/_archive/archive/2026-04-27_pre_bible/handoff_2026-04-19/doc_cleanup_summary_2026-04-20.md,3431,,2026-05-18T00:06:23.447Z,4
doc_cleanup_summary_2026-04-20.md,1FKv1hw5dXHXoRkWGNO-4SnSNnjAkoPAd,Trade_AI_Docs_v2/docs/archive/2026-04-27_pre_bible/handoff_2026-04-19/doc_cleanup_summary_2026-04-20.md,3431,,2026-05-17T23:05:51.277Z,4
doc_cleanup_summary_2026-04-20.md,1ktsCL12uTkZ0qHhdHSrXmxc11Cgn5QwM,Trade_AI_Docs_v2/docs/archive/2026-04-27_pre_bible/handoff_2026-04-19/doc_cleanup_summary_2026-04-20.md,3431,,2026-05-17T22:48:40.179Z,4
due_diligence_report.md,1NOwGpPnCJeroDXfK-VQGxMrwSdw-FR1FipdJzMgYXJw,Trade_AI_Docs_v2/docs/_archive/archive/2026-04-27_pre_bible/due_diligence_report.md,9807,,2026-05-21T03:01:39.491Z,3
due_diligence_report.md,1aojaYX4JQ4dL4Wx2N2h_bZyMPookHTBv,Trade_AI_Docs_v2/docs/_archive/archive/2026-04-27_pre_bible/due_diligence_report.md,10826,,2026-05-18T00:09:19.069Z,3
due_diligence_report.md,134Ddh4oqlJI3YAFT0cpfsrMy82VyE3t4,Trade_AI_Docs_v2/docs/archive/2026-04-27_pre_bible/due_diligence_report.md,10826,,2026-05-17T22:51:33.500Z,3
earnings_catalyst.yaml,1JtsQO9H8b2RivZhebgtjEXrH7L_ZEnQ8,Trade_AI_Docs_v2/config/strategies/earnings_catalyst.yaml,3839,,2026-05-29T12:41:30.166Z,5
earnings_catalyst.yaml,10l6gG_jlsPSazg9Wnt7_LDxFbK6icC29,Trade_AI_Docs_v2/config/strategies/earnings_catalyst.yaml,3839,,2026-05-28T19:04:06.918Z,5
earnings_catalyst.yaml,1-_8W6ndeG36avpgWC6-WGhel3x7FsXyL,Trade_AI_Docs_v2/config/strategies/earnings_catalyst.yaml,3839,,2026-05-23T16:33:30.462Z,5
earnings_catalyst.yaml,1ZQprDCmUc-IJVnc-OLmWwVUFK91AWSui,Trade_AI_Docs_v2/config/strategies/earnings_catalyst.yaml,3839,,2026-05-22T13:10:52.763Z,5
earnings_catalyst.yaml,1de-q4fKI2ZyzbAHjADzyIr8QNl4CehXa,Trade_AI_Docs_v2/config/strategies/earnings_catalyst.yaml,3794,,2026-05-17T23:24:01.427Z,5
earnings_post_momentum.yaml,1Z0gmdWhZGFlEj_0NV8wMPAPXSsMCmwP6,Trade_AI_Docs_v2/config/strategies/earnings_post_momentum.yaml,5858,,2026-05-29T12:40:51.902Z,6
earnings_post_momentum.yaml,1z2PVmL5ELSZG7XI8cAKDVc1nr8-2_4cA,Trade_AI_Docs_v2/config/strategies/earnings_post_momentum.yaml,5858,,2026-05-28T19:03:32.122Z,6
earnings_post_momentum.yaml,18JnSpZ5FIx2qLAeEBBUGdIjn2Rs9N13g,Trade_AI_Docs_v2/config/strategies/earnings_post_momentum.yaml,5858,,2026-05-23T16:32:57.902Z,6
earnings_post_momentum.yaml,1bNbR78iC49vOURBah9TV9UTeF4EGlwW6,Trade_AI_Docs_v2/config/strategies/earnings_post_momentum.yaml,5858,,2026-05-22T13:10:17.863Z,6
earnings_post_momentum.yaml,1DQ3hxQOvD-B-Uxn1XF-wfC4o8G0cvasA,Trade_AI_Docs_v2/config/strategies/earnings_post_momentum.yaml,5714,,2026-05-17T23:23:29.923Z,6
earnings_post_momentum.yaml,1rCgOg1kBcybwUQCHvRvYsAYQGNCNmFtt,Trade_AI_Docs_v2/docs/_archive/2026-05-24_cleanup/completed_phases/yaml_patches/config_additions/earnings_post_momentum.yaml,5807,,2026-05-28T18:41:07.116Z,6
earnings_pre_buildup.yaml,17YC2ejszT_zor6zoTTf6IxwtaUru5cqK,Trade_AI_Docs_v2/config/strategies/earnings_pre_buildup.yaml,5848,,2026-05-29T12:41:08.485Z,6
earnings_pre_buildup.yaml,1asq_jJHlWGtngWeMDEazS2R9MDV5Y3_p,Trade_AI_Docs_v2/config/strategies/earnings_pre_buildup.yaml,5848,,2026-05-28T19:03:47.340Z,6
earnings_pre_buildup.yaml,1lyWvvL8aurYx0iifhWlWCK8ggbXfD50Q,Trade_AI_Docs_v2/config/strategies/earnings_pre_buildup.yaml,5848,,2026-05-23T16:33:12.480Z,6
earnings_pre_buildup.yaml,1yXyt_fEBOhLf7OSING2pIxSoTnax_pG0,Trade_AI_Docs_v2/config/strategies/earnings_pre_buildup.yaml,5848,,2026-05-22T13:10:33.683Z,6
earnings_pre_buildup.yaml,1ECpMw_19ymedoahPu7vU9aWsHB4lp8nb,Trade_AI_Docs_v2/config/strategies/earnings_pre_buildup.yaml,5746,,2026-05-17T23:23:44.167Z,6
earnings_pre_buildup.yaml,1bheFdUROtuTDn30C6NqRek8rolYb4U6N,Trade_AI_Docs_v2/docs/_archive/yaml_patches/config_additions/earnings_pre_buildup.yaml,5816,,2026-05-18T00:11:58.039Z,6
emergency_cap_review.md,1TBY2mjyeLPy3sS76FpqsL2nDchDglv7G,Trade_AI_Docs_v2/docs/screener_architecture/phase_screener_arch2_full_ingestion_catalog/emergency_cap_review.md,565,,2026-05-19T16:46:18.982Z,2
emergency_cap_review.md,1ukLf6V7tw4KN2feEsVjJp210dQzF0GbwfFf9NnUQbrI,Trade_AI_Docs_v2/docs/_archive/2026-05-24_cleanup/completed_phases/phase_screener_arch2_full_ingestion_catalog/emergency_cap_review.md,1319,,2026-05-28T18:37:05.320Z,2
engineering_log.md,10UHAjONprfwxuYlXDDY2ZI8w8B3hgv3KW0yVVDga1gM,Trade_AI_Docs_v2/docs/_archive/archive/2026-04-27_pre_bible/engineering_log.md,2801,,2026-05-21T02:48:09.816Z,4
engineering_log.md,1j4ag7e-bqrjYv2IFsMYYsG5J0Ln9iKFQ,Trade_AI_Docs_v2/docs/_archive/archive/2026-04-27_pre_bible/engineering_log.md,2178,,2026-05-18T00:01:21.881Z,4
engineering_log.md,1Kn1TcATGu6UDwn_gdn6dtsqsnUB_8rkD,Trade_AI_Docs_v2/docs/archive/2026-04-27_pre_bible/engineering_log.md,2178,,2026-05-17T23:00:46.079Z,4
engineering_log.md,1aVBggvkG5g8jXBEItrVLFj2jC4ugY5qk,Trade_AI_Docs_v2/docs/archive/2026-04-27_pre_bible/engineering_log.md,2178,,2026-05-17T22:43:31.467Z,4
enterprise_replay_after_writeback.json,15TWcRGPZ2UysK3HHJpTYHfnXGNb2DU0h,Trade_AI_Docs_v2/docs/intelligence_flow/schwab_bt_4_classification_writeback/enterprise_replay_after_writeback.json,4161,,2026-05-23T01:47:18.018Z,2
enterprise_replay_after_writeback.json,1MW6gWYjLDleowFf-E3s5GhYknP1qzdpk,Trade_AI_Docs_v2/docs/_archive/2026-05-24_cleanup/completed_phases/schwab_bt_4_classification_writeback/enterprise_replay_after_writeback.json,4161,,2026-05-28T18:16:17.399Z,2
enterprise_replay_after_writeback.md,13KVe5ydLw3XrMBIEXlEaMtByK5wul6YK_ijkd7jANFU,Trade_AI_Docs_v2/docs/intelligence_flow/schwab_bt_4_classification_writeback/enterprise_replay_after_writeback.md,1244,,2026-05-23T01:47:16.503Z,2
enterprise_replay_after_writeback.md,11ossr4Iy2PAZ7gkvF61-9jZ_W9RKeAg_gBotEXRL7HY,Trade_AI_Docs_v2/docs/_archive/2026-05-24_cleanup/completed_phases/schwab_bt_4_classification_writeback/enterprise_replay_after_writeback.md,1244,,2026-05-28T18:16:15.891Z,2
enterprise_replay_schwab_87.json,1YZEZxoya5i2yRmwyWRRNoJ21xZ63H8xE,Trade_AI_Docs_v2/docs/intelligence_flow/schwab_bt_3_enterprise_replay/enterprise_replay_schwab_87.json,4117,,2026-05-23T01:37:55.013Z,2
enterprise_replay_schwab_87.json,1vu72TOK8AQjCM_iKxBofDZIDH18b6giZ,Trade_AI_Docs_v2/docs/_archive/2026-05-24_cleanup/completed_phases/schwab_bt_3_enterprise_replay/enterprise_replay_schwab_87.json,4117,,2026-05-28T18:02:55.479Z,2
enterprise_replay_schwab_87.md,1d5PULwWRaM89uvXctvizY9Oes6qSwM3NCtH9-0-dblA,Trade_AI_Docs_v2/docs/intelligence_flow/schwab_bt_3_enterprise_replay/enterprise_replay_schwab_87.md,1243,,2026-05-23T01:37:53.368Z,2
enterprise_replay_schwab_87.md,1sFnQD7pV-0IWvO4xgH0dYlFLyQhnJPcsSYpMDUXh1dk,Trade_AI_Docs_v2/docs/_archive/2026-05-24_cleanup/completed_phases/schwab_bt_3_enterprise_replay/enterprise_replay_schwab_87.md,1241,,2026-05-28T18:02:53.885Z,2
execution-integrity.json,19OzNaD-N_B_W5usN_citX3c_jpp6xagT,Trade_AI_Docs_v2/docs/atm_lifecycle_v1_2026_05_26/full_lifecycle_acceleration_v3_0/api_payloads/execution-integrity.json,34880,,2026-05-28T17:54:36.915Z,2
execution-integrity.json,1-7eoYM5VDF5MG4ydSA4w88dRJkgx_MuP,Trade_AI_Docs_v2/docs/atm_lifecycle_v1_2026_05_26/execution_stop_proof_v3_3_v3_4_export/api_payloads/execution-integrity.json,34880,,2026-05-28T17:31:57.050Z,2
execution-quality.json,1MmUbcKHcg0ZrXs8HToXy-mymcTCBpMZA,Trade_AI_Docs_v2/docs/atm_lifecycle_v1_2026_05_26/journal_learning_backtesting_v3_6_design/api_payloads/execution-quality.json,20790,,2026-05-28T18:01:29.435Z,5
execution-quality.json,1LdEdMu2WCOqmaZHBjpVBsYj3IagtD9gF,Trade_AI_Docs_v2/docs/atm_lifecycle_v1_2026_05_26/full_lifecycle_acceleration_v3_0/api_payloads/execution-quality.json,15948,,2026-05-28T17:54:35.005Z,5
execution-quality.json,1AfKSyJC3YZ1RXmlPfhukMW1niw21cu7q,Trade_AI_Docs_v2/docs/atm_lifecycle_v1_2026_05_26/execution_stop_proof_v3_3_v3_4_export/api_payloads/execution-quality.json,15948,,2026-05-28T17:31:55.141Z,5
execution-quality.json,1_F9-9FTKkttGruwj612HLDR2OipdYw5d,Trade_AI_Docs_v2/docs/atm_lifecycle_v1_2026_05_26/llm_backtesting_workflow_v3_8_design/api_payloads/execution-quality.json,20790,,2026-05-28T17:30:04.168Z,5
execution-quality.json,1r0bPtENOi8FLcMNTh3OhI6eFC9gEwwrN,Trade_AI_Docs_v2/docs/atm_lifecycle_v1_2026_05_26/llm_backtesting_workflow_v3_8_design/enrichment_2026_05_27/api_payloads/execution-quality.json,20790,,2026-05-28T17:29:39.820Z,5
execution_integrity.json,1NuAP1QWRz1GQnJRtBp3_ByKDVaJ4XWOD,Trade_AI_Docs_v2/docs/atm_lifecycle_v1_2026_05_26/api_samples/execution_integrity.json,22088,,2026-05-28T17:25:05.601Z,2
execution_integrity.json,1hT9AGZuQnt2XQ-FZGz5c-96BpWURlkBE,Trade_AI_Docs_v2/docs/atm_audit_2026_05_26/api_samples/execution_integrity.json,32843,,2026-05-28T17:00:10.190Z,2
execution_quality.json,16mtD29EWHLVBbX4wdla9RHehUOp1twPl,Trade_AI_Docs_v2/docs/atm_lifecycle_v1_2026_05_26/api_samples/execution_quality.json,10421,,2026-05-28T17:25:37.305Z,2
execution_quality.json,1sYRt3kMjaYaLR6q1ogSFmt8KPGlGGEPC,Trade_AI_Docs_v2/docs/atm_audit_2026_05_26/api_samples/execution_quality.json,15948,,2026-05-28T17:00:34.136Z,2
execution_quality.png,1qIE9bmFjtFZsc-82pcQ4l2WM4-vjrHga,Trade_AI_Docs_v2/docs/_generated/ui_audit_screenshots/audit_7777_20260523_1921/7777/execution_quality.png,71703,,2026-05-28T19:00:50.137Z,4
execution_quality.png,12ZjacH2XRwiZe5YOyu7yPywee8KSa1Qg,Trade_AI_Docs_v2/docs/atm_lifecycle_v1_2026_05_26/screenshots/execution_quality.png,69459,,2026-05-28T17:56:19.987Z,4
execution_quality.png,1vQEqLJUhAq-YObgUdbVEncxyKz7Tb0w_,Trade_AI_Docs_v2/docs/atm_lifecycle_v1_2026_05_26/full_lifecycle_acceleration_v3_0/screenshots/execution_quality.png,72732,,2026-05-28T17:53:23.461Z,4
execution_quality.png,1viCXu_GQTLPKUaad0IKmFNbv7JdOwwaD,Trade_AI_Docs_v2/docs/atm_lifecycle_v1_2026_05_26/execution_stop_proof_v3_3_v3_4_export/screenshots/execution_quality.png,72825,,2026-05-28T17:31:45.883Z,4
fib_retracement_bounce.yaml,1MTrdKsE3zIRGRzL_G8VCzj60cmpDlMs1,Trade_AI_Docs_v2/config/strategies/fib_retracement_bounce.yaml,6355,,2026-05-29T12:41:28.283Z,6
fib_retracement_bounce.yaml,1Rb5wu22yKMVeU__6RLVAhN3sOyqIkwQy,Trade_AI_Docs_v2/config/strategies/fib_retracement_bounce.yaml,6355,,2026-05-28T19:04:04.917Z,6
fib_retracement_bounce.yaml,12XGgPtbKwZ-Q_awxkQ6Vkqgc8Usi7KmJ,Trade_AI_Docs_v2/config/strategies/fib_retracement_bounce.yaml,6355,,2026-05-23T16:33:28.641Z,6
fib_retracement_bounce.yaml,1x4KAZ8Zqtr3jaxwOsOz7Hoeenf7JIrKj,Trade_AI_Docs_v2/config/strategies/fib_retracement_bounce.yaml,6355,,2026-05-22T13:10:50.931Z,6
fib_retracement_bounce.yaml,1iW2fJHQVlMRgHQSg4cMabQXiuULQtiln,Trade_AI_Docs_v2/config/strategies/fib_retracement_bounce.yaml,6218,,2026-05-17T23:23:59.713Z,6
fib_retracement_bounce.yaml,1RsFA5RL0i887MXQGq4WTVad8cJqX_j0N,Trade_AI_Docs_v2/docs/_archive/2026-05-24_cleanup/completed_phases/yaml_patches/config_additions/fib_retracement_bounce.yaml,6298,,2026-05-28T18:41:09.065Z,6
final_full_session_summary_2026_05_22_to_2026_05_24.md,1AiURMjAhMSA2mR-kqe1dOvqbaCb4mMQFh3y1xLzoIa4,Trade_AI_Docs_v2/docs/project/session_summaries/final_full_session_summary_2026_05_22_to_2026_05_24.md,9757,,2026-05-23T00:05:58.225Z,3
final_full_session_summary_2026_05_22_to_2026_05_24.md,1gToBV-GHZRIAv6Yhxg53avmE2o904IXtMq-6UFdGkhA,Trade_AI_Docs_v2/docs/project/session_summaries/final_full_session_summary_2026_05_22_to_2026_05_24.md,9757,,2026-05-23T00:02:26.163Z,3
final_full_session_summary_2026_05_22_to_2026_05_24.md,1xjlZESFplW1sfa3m8qeoFX9u4yQdlO-GFXZffgP7C3Y,Trade_AI_Docs_v2/docs/project/session_summaries/final_full_session_summary_2026_05_22_to_2026_05_24.md,9758,,2026-05-22T23:34:00.672Z,3
finviz_full_pagination_design.md,1mjMeMSQbpINKdwyYUmTaH9icDvMFXgAQ,Trade_AI_Docs_v2/docs/screener_architecture/phase_screener_arch2_full_ingestion_catalog/finviz_full_pagination_design.md,1615,,2026-05-19T16:36:09.195Z,2
finviz_full_pagination_design.md,1rqkDZbDBRMs5G-HEGtc0pgzrZiiTCD0fUg-v_CXuKKk,Trade_AI_Docs_v2/docs/_archive/2026-05-24_cleanup/completed_phases/phase_screener_arch2_full_ingestion_catalog/finviz_full_pagination_design.md,2989,,2026-05-28T18:36:44.865Z,2
finviz_ingestion_method_audit_report.md,1EjdGyMGKT6UvGUrsTbw0M5jHyGm2zGu_,Trade_AI_Docs_v2/docs/screener_architecture/phase_screener_arch2_full_ingestion_catalog/finviz_ingestion_method_audit_report.md,1539,,2026-05-19T16:36:13.375Z,2
finviz_ingestion_method_audit_report.md,1Z5eCSs4HWClUl9aMGzdVeNRNRCyrmnkKdJO4l9BFTpU,Trade_AI_Docs_v2/docs/_archive/2026-05-24_cleanup/completed_phases/phase_screener_arch2_full_ingestion_catalog/finviz_ingestion_method_audit_report.md,2999,,2026-05-28T18:36:51.599Z,2
fix_4_8_wrong_data_pages_audit.md,1w_KN7sbSN4g1OfXrqkLKwoYU9msK4pzLNSSqnWJO9cQ,Trade_AI_Docs_v2/docs/project/dashboard_data_correctness/fix_4_8_wrong_data_pages_audit.md,3432,,2026-05-21T02:33:43.989Z,2
fix_4_8_wrong_data_pages_audit.md,1tf7bXeGLKnnZfQRjGvxGX-aX894bG7oY,Trade_AI_Docs_v2/docs/project/dashboard_data_correctness/fix_4_8_wrong_data_pages_audit.md,2419,,2026-05-17T23:14:42.862Z,2
forecast.json,1_xhXLcvf3l5HIxeXTepFQ_2b0NUrE5xn,Trade_AI_Docs_v2/ui_redesign/samples/forecast.json,7191,,2026-05-25T14:39:55.638Z,2
forecast.json,1GDvqwLg8Is0W51SHc_Rp8j1npBXbgM_S,Trade_AI_Docs_v2/docs/ui_redesign/samples/forecast.json,7191,,2026-05-28T18:46:29.919Z,2
forensic_files.md,15l8BZa8kezQRvfkNqBKjCEsxyuHN-N1ZhxLH6S6ZFSo,Trade_AI_Docs_v2/docs/_archive/archive/2026-04-27_pre_bible/forensic_files.md,24486,,2026-05-21T03:01:29.278Z,3
forensic_files.md,161ArtuFSZIreM4K1JM0KgaO5oIHsMjhq,Trade_AI_Docs_v2/docs/_archive/archive/2026-04-27_pre_bible/forensic_files.md,25938,,2026-05-18T00:09:12.153Z,3
forensic_files.md,1sYUv8_7Ie7mxc-kOpdm7Nguj5Xs_mA5x,Trade_AI_Docs_v2/docs/archive/2026-04-27_pre_bible/forensic_files.md,25938,,2026-05-17T22:51:26.625Z,3
forensic_files_v4.md,1CKOAos0q2LsqLW9m9A56E_sJJKJ4m7N7o7vZT9dSQwA,Trade_AI_Docs_v2/docs/_archive/archive/2026-04-27_pre_bible/forensic_files_v4.md,1024,,2026-05-21T03:01:32.298Z,3
forensic_files_v4.md,1c3vabme-zmTE6C4kVSC1GbHCzpOiAHmm,Trade_AI_Docs_v2/docs/_archive/archive/2026-04-27_pre_bible/forensic_files_v4.md,51,,2026-05-18T00:09:13.908Z,3
forensic_files_v4.md,1a9r9C7fsM5qMy7ZJCTRc8DS3t7RnNTEL,Trade_AI_Docs_v2/docs/archive/2026-04-27_pre_bible/forensic_files_v4.md,51,,2026-05-17T22:51:28.334Z,3
format.ts,1hxRhHPimxhc1qHEbU5Bq8GHzYP_ESEvt,Trade_AI_Docs_v2/docs/ui_redesign/source_snapshot/lib/format.ts,1886,,2026-05-28T18:46:01.440Z,3
format.ts,1MGtrvklro9cks3xMEsSXPKhyWlQncUtt,Trade_AI_Docs_v2/docs/_archive/archive/2026-04-27_pre_bible/morning_brief_redesign_kit/lib/format.ts,1618,,2026-05-18T00:02:22.728Z,3
format.ts,1ogn-f-eJ6_g5LG-p8tqXgETDr1SBA_A7,Trade_AI_Docs_v2/format.ts,1618,,2026-05-17T22:44:33.113Z,3
format.ts.md,178NaEkcx3u532Mpz7sc8UftNAd467fFT,Trade_AI_Docs_v2/ui_redesign/designer_workspace/current_source_text/format.ts.md,2252,,2026-05-25T15:44:09.772Z,2
format.ts.md,1hw-pV5CcITE7MNdNko-UyafSE2IdySpHZwNVTgayqpg,Trade_AI_Docs_v2/docs/ui_redesign/designer_workspace/current_source_text/format.ts.md,6539,,2026-05-28T18:47:12.426Z,2
full_day_commit_log_2026_05_22.md,1cUMKp9uA3ijTsCuj78gYPKoYzNfMCA5tzadU70whnGU,Trade_AI_Docs_v2/docs/project/daily_commit_logs/full_day_commit_log_2026_05_22.md,7723,,2026-05-23T00:05:48.096Z,8
full_day_commit_log_2026_05_22.md,1W6knu0tBtH18zdK7fAjBUCtv1eBICAQRB13fGfLWwbM,Trade_AI_Docs_v2/docs/project/daily_commit_logs/full_day_commit_log_2026_05_22.md,7738,,2026-05-23T00:02:14.657Z,8
full_day_commit_log_2026_05_22.md,1IqMlbP63NbN2tNm52BRmTV1aArE7UrkvaFWvSkbW5MQ,Trade_AI_Docs_v2/docs/project/daily_commit_logs/full_day_commit_log_2026_05_22.md,7701,,2026-05-22T23:33:52.643Z,8
full_day_commit_log_2026_05_22.md,1QSfvHJjT8tRPWGbmnRlspeEOlWOcYaNmkmDh5jjzbTU,Trade_AI_Docs_v2/docs/project/daily_commit_logs/full_day_commit_log_2026_05_22.md,7718,,2026-05-22T23:28:28.656Z,8
full_day_commit_log_2026_05_22.md,1G9utzgDs9s-Xim47jkoik2Qhuip_tNozBeolOvNNNU8,Trade_AI_Docs_v2/docs/project/daily_commit_logs/full_day_commit_log_2026_05_22.md,7704,,2026-05-22T23:10:33.377Z,8
full_day_commit_log_2026_05_22.md,1AvseJMhaKUttE4JQC8R3CqcKdAluJgU_GCyKN5675t0,Trade_AI_Docs_v2/docs/project/daily_commit_logs/full_day_commit_log_2026_05_22.md,7701,,2026-05-22T23:01:05.495Z,8
full_day_commit_log_2026_05_22.md,1S__SRcl9JDDBvBETyxVj2y-iKbZnEMhRpOkhosw5MSs,Trade_AI_Docs_v2/docs/project/daily_commit_logs/full_day_commit_log_2026_05_22.md,7702,,2026-05-22T22:52:49.695Z,8
full_day_commit_log_2026_05_22.md,1OtxxXWOdOrC8y8DG7KI-2lDCRGk4V5BbATS44iWGs3A,Trade_AI_Docs_v2/docs/project/daily_commit_logs/full_day_commit_log_2026_05_22.md,7704,,2026-05-22T21:43:22.289Z,8
full_ingestion_after_server_restart_report.md,1Hy1bydp7gBDwVmfjRPHgkJaYqaDQqHPD,Trade_AI_Docs_v2/docs/screener_architecture/phase_screener_arch2_full_ingestion_catalog/full_ingestion_after_server_restart_report.md,1066,,2026-05-19T16:46:13.011Z,2
full_ingestion_after_server_restart_report.md,14OkD62-6fOdLXVZ7BjCBNkQHSxQ43kr_PQHT_wIj-vQ,Trade_AI_Docs_v2/docs/_archive/2026-05-24_cleanup/completed_phases/phase_screener_arch2_full_ingestion_catalog/full_ingestion_after_server_restart_report.md,2536,,2026-05-28T18:36:55.127Z,2
full_regression_latest.md,1IK3Tuh9_LhSaiahZLjIfhyfUdov8r1hHsJW6Pb8zeYc,Trade_AI_Docs_v2/docs/_archive/2026-05-26/full_regression_latest.md,2573,,2026-05-28T18:42:57.695Z,3
full_regression_latest.md,1wzO7F0fnxTghMlIX1LRp4Q7aK8l4cMPUpnx7aS8EVDQ,Trade_AI_Docs_v2/docs/project/full_regression_latest.md,2574,,2026-05-21T02:34:12.488Z,3
full_regression_latest.md,1X5o3gxI4acAQISVqGIUJAUfzcro3aKMc,Trade_AI_Docs_v2/docs/project/full_regression_latest.md,1296,,2026-05-19T00:00:52.795Z,3
gap_and_go.yaml,1OwUWKqGidbztxkJNaSU59WavYz32zSne,Trade_AI_Docs_v2/config/strategies/gap_and_go.yaml,5184,,2026-05-29T12:40:54.035Z,5
gap_and_go.yaml,164-KdmcIEeAwKEjCFacrCPgJsLGLqntY,Trade_AI_Docs_v2/config/strategies/gap_and_go.yaml,5184,,2026-05-28T19:03:34.019Z,5
gap_and_go.yaml,1yg50XdowF7f4QmodykIpfhYdccl4o-kC,Trade_AI_Docs_v2/config/strategies/gap_and_go.yaml,5184,,2026-05-23T16:32:59.737Z,5
gap_and_go.yaml,1bpC56WqG7-deiHF7oJav_4dCk-QU0tEF,Trade_AI_Docs_v2/config/strategies/gap_and_go.yaml,5184,,2026-05-22T13:10:20.307Z,5
gap_and_go.yaml,1cd_s5jqLCQVmRs_VjJ2yOU3ufci0-ugh,Trade_AI_Docs_v2/config/strategies/gap_and_go.yaml,5056,,2026-05-17T23:23:31.662Z,5
git_head,11rKX86l6Rl6lRowRcledodOTUHhHW5_yGonQj-4dDqI,Trade_AI_Docs_v2/docs/ui_audits/2026-05-23_command_center_fix/discovery/git_head,1024,,2026-05-28T16:59:09.860Z,3
git_head,1vyv1A6SsjlVpazgfoBWViSpmWgAWQ6_ygMZAPNTVN8c,Trade_AI_Docs_v2/docs/ui_audits/audit_7777_20260524_1001_fix/discovery/git_head,1024,,2026-05-28T16:57:08.035Z,3
git_head,1s4vSczNEZ0Gth77rcHklBtLZXNfucuISnUs52bB4zCI,Trade_AI_Docs_v2/docs/ui_audits/2026-05-23_command_center_reliability_fix/discovery/git_head,1024,,2026-05-28T16:56:43.576Z,3
git_info,1W2eZFog-4oHiCU99npMz9ozjpN6dWsPmy1929jWajd4,Trade_AI_Docs_v2/docs/ui_redesign/designer_workspace/backups/agent_collab_raci_apply_20260525_1836/git_info,1024,,2026-05-28T18:52:32.462Z,10
git_info,1T7jc2c-H0yWviLFFSX3AD3RyAtBEYmJqn-uXrm9cFlQ,Trade_AI_Docs_v2/docs/ui_redesign/designer_workspace/backups/phase4a_governance_apply_20260525_1501/git_info,1024,,2026-05-28T18:52:22.679Z,10
git_info,1LzpjfZ-USEpSPmuihl91cGY0Y9lNi5dL7ymKoTSwzJs,Trade_AI_Docs_v2/docs/ui_redesign/designer_workspace/backups/phase5_self_improvement_apply_20260525_1803/git_info,1024,,2026-05-28T18:51:58.021Z,10
git_info,1aYmYhntulN37Mf13PTw8NjdTViddpqvlaIoK3i3WbYc,Trade_AI_Docs_v2/docs/ui_redesign/designer_workspace/backups/phase4b_approvals_apply_20260525_1510/git_info,1024,,2026-05-28T18:51:46.175Z,10
git_info,10JgzwEToeIggk2tfsOWVNwmOEO0AeXdK7BlAQwdSNiU,Trade_AI_Docs_v2/docs/ui_redesign/designer_workspace/backups/phase2b_automation_trust_apply_20260525_1345/git_info,1024,,2026-05-28T18:51:14.947Z,10
git_info,1RPmm_BU5gB1PSZe5tG7Wi4P9nmYLxWqV-UVaXOoKlOo,Trade_AI_Docs_v2/docs/ui_redesign/designer_workspace/backups/phase4c_paper_proposals_apply_20260525_1526/git_info,1024,,2026-05-28T18:50:47.917Z,10
git_info,1ZDovrRZdNh4wuVMeWBj_JZGAxYOHz0WKVthOgNRt5LQ,Trade_AI_Docs_v2/docs/ui_redesign/designer_workspace/backups/phase1_nav_apply_20260525_1202/git_info,1024,,2026-05-28T18:50:36.265Z,10
git_info,19-OhYXcgU_3vtGFzPjB8Q0xm9qw2HvZzSdLwQaMlMFI,Trade_AI_Docs_v2/docs/ui_redesign/designer_workspace/backups/phase1_5_ui_primitives_apply_20260525_1216/git_info,1024,,2026-05-28T18:50:13.088Z,10
git_info,1DO_Qa6B9mSlfNAIys0kc49NMJ6Py58GPSxtteUAf3zs,Trade_AI_Docs_v2/docs/ui_redesign/designer_workspace/backups/phase3_market_opportunities_apply_20260525_1412/git_info,1024,,2026-05-28T18:49:52.129Z,10
git_info,1MfR_S4YP9yt6nkY5LR8WYKfG3Dw7VIMIxYe-EaVBuNE,Trade_AI_Docs_v2/docs/ui_redesign/backups/git_info,1024,,2026-05-28T18:43:41.809Z,10
governance.json,1NsLeRbj9qCVkBeZabVNTGOvEeyQtXVYM,Trade_AI_Docs_v2/ui_redesign/samples/governance.json,938,,2026-05-25T14:39:57.040Z,2
governance.json,1dP2O_nlwVuEfshGfj94_NVIoGTYxgDC-,Trade_AI_Docs_v2/docs/ui_redesign/samples/governance.json,938,,2026-05-28T18:46:23.996Z,2
governance_desktop.png,18EybHIiMPwUfkj3AVwoxKIwYVB5rsuwB,Trade_AI_Docs_v2/ui_redesign/screenshots/governance_desktop.png,153527,,2026-05-25T15:09:09.304Z,2
governance_desktop.png,1Caw_UhV2wftE11rnwbTTMsENGwAtEFWf,Trade_AI_Docs_v2/docs/ui_redesign/screenshots/governance_desktop.png,166744,,2026-05-28T18:57:43.920Z,2
governance_status_latest.json,1qRU_yP8LvEcfMzlpvSOoxxEyUcxsmXX7,Trade_AI_Docs_v2/docs/governance/governance_status_latest.json,370,,2026-05-29T12:39:45.314Z,9
governance_status_latest.json,1Y_AhK1a1Eq0jCUZstPk3Unqc4u4_0f7c,Trade_AI_Docs_v2/docs/governance/governance_status_latest.json,370,,2026-05-28T17:19:25.557Z,9
governance_status_latest.json,1-X0cL0Wv32bCLlR5NR8gexAoF9t0lLJ7,Trade_AI_Docs_v2/docs/governance/governance_status_latest.json,370,,2026-05-22T13:10:02.790Z,9
governance_status_latest.json,1TVWz8hxmUWwh07tlMZt5QMnzbScAkhTW,Trade_AI_Docs_v2/docs/governance/governance_status_latest.json,370,,2026-05-21T15:18:39.176Z,9
governance_status_latest.json,1l6hv4i4GbwVX-zo5e5UrOHAYB9dLRyJs,Trade_AI_Docs_v2/docs/governance/governance_status_latest.json,370,,2026-05-21T02:41:58.479Z,9
governance_status_latest.json,1fAVxD8cGzYib1LyWxs57XuG2iqQs0GOd,Trade_AI_Docs_v2/docs/governance/governance_status_latest.json,370,,2026-05-19T13:58:10.945Z,9
governance_status_latest.json,1_fQAnFUA_lWmlFwgbYnmEohPSzXwe6kh,Trade_AI_Docs_v2/docs/governance/governance_status_latest.json,370,,2026-05-19T00:41:52.412Z,9
governance_status_latest.json,1xW-61IGLqml_hs0VBEFsPDttdssFqv7U,Trade_AI_Docs_v2/docs/governance/governance_status_latest.json,370,,2026-05-18T12:25:20.135Z,9
governance_status_latest.json,1FpiW5yIiaR2V_KrvxnmCIYe3pSHgeTtt,Trade_AI_Docs_v2/docs/governance/governance_status_latest.json,370,,2026-05-18T02:47:49.978Z,9
governance_status_latest.md,1WpmV0z-FEYR_3z399uPSxG0qJDcm56Fjy-zPCpeqbR4,Trade_AI_Docs_v2/docs/governance/governance_status_latest.md,1024,,2026-05-21T02:42:13.084Z,2
governance_status_latest.md,1XJjeWNUQ3YtOQrXeZmA1pp-ggp8zAKxD,Trade_AI_Docs_v2/docs/governance/governance_status_latest.md,74,,2026-05-18T02:48:03.040Z,2
guardrails_cash_repricing_protection.md,1u6QqhrSUZZhvTEZ4pfMpqrXFi_VjjI9ZTFdOPN5i9vA,Trade_AI_Docs_v2/docs/_archive/archive/2026-04-27_pre_bible/guardrails_cash_repricing_protection.md,9510,,2026-05-21T03:01:46.448Z,3
guardrails_cash_repricing_protection.md,116iymMqALjAPWhAOZdev48VCS3T2IslV,Trade_AI_Docs_v2/docs/_archive/archive/2026-04-27_pre_bible/guardrails_cash_repricing_protection.md,8134,,2026-05-18T00:09:22.502Z,3
guardrails_cash_repricing_protection.md,1Wk9AVUqA2Y871akikxOjc5Ef4xtx9LZU,Trade_AI_Docs_v2/docs/archive/2026-04-27_pre_bible/guardrails_cash_repricing_protection.md,8134,,2026-05-17T22:51:37.112Z,3
handoff_feedback.md,1lrN6j_gwdGHzz6BOElfUqAoxdQZEe9zKt3aNm2pgACI,Trade_AI_Docs_v2/docs/_archive/archive/2026-04-27_pre_bible/handoff_2026-04-19/handoff_feedback.md,5649,,2026-05-21T02:50:01.782Z,4
handoff_feedback.md,1l9sJv4XTNCPl303wPgieKcVQ1uVzhCcY,Trade_AI_Docs_v2/docs/_archive/archive/2026-04-27_pre_bible/handoff_2026-04-19/handoff_feedback.md,6150,,2026-05-18T00:03:23.095Z,4
handoff_feedback.md,1xyRjCn5MVZd19ZKeD05gTWRXy8WNPpKr,Trade_AI_Docs_v2/docs/archive/2026-04-27_pre_bible/handoff_2026-04-19/handoff_feedback.md,6150,,2026-05-17T23:02:45.846Z,4
handoff_feedback.md,1u0DevCVmqfu7bBEieP8UK-Hx5h6x8yy-,Trade_AI_Docs_v2/docs/archive/2026-04-27_pre_bible/handoff_2026-04-19/handoff_feedback.md,6150,,2026-05-17T22:45:36.401Z,4
high_yield_income_bdc.yaml,1vV2I96mJtdfJTI4wjkl5PexNJ-QxcBrC,Trade_AI_Docs_v2/config/strategies/high_yield_income_bdc.yaml,4272,,2026-05-29T12:41:00.328Z,5
high_yield_income_bdc.yaml,1wgxmOWOmu-Sd3GtjV33nW2gG2P2J-Oaw,Trade_AI_Docs_v2/config/strategies/high_yield_income_bdc.yaml,4272,,2026-05-28T19:03:39.738Z,5
high_yield_income_bdc.yaml,1YBvqeIA00r2dgHn65rY0GosFT69Wj0jB,Trade_AI_Docs_v2/config/strategies/high_yield_income_bdc.yaml,4272,,2026-05-23T16:33:05.407Z,5
high_yield_income_bdc.yaml,1aDnh4BhanjIrQ586201RgAbRFmPU56I5,Trade_AI_Docs_v2/config/strategies/high_yield_income_bdc.yaml,4272,,2026-05-22T13:10:26.202Z,5
high_yield_income_bdc.yaml,1s5J04qVuWMAqh_-b6HUV9ovTWLooQTbe,Trade_AI_Docs_v2/config/strategies/high_yield_income_bdc.yaml,4255,,2026-05-17T23:23:37.086Z,5
holdings_guard,13gCQ1q796e7AHti0sslJnhnppj2m4l50PuyXHx3cj4M,Trade_AI_Docs_v2/docs/ui_audits/2026-05-24_1100_followup/discovery/holdings_guard,1024,,2026-05-28T16:59:27.116Z,4
holdings_guard,1GKUhosff7CFhGie_u6bC8ziQbW_WL4K_Fo7E9ILswDE,Trade_AI_Docs_v2/docs/ui_audits/2026-05-23_command_center_fix/discovery/holdings_guard,1024,,2026-05-28T16:58:56.147Z,4
holdings_guard,12H8TQPCyBbETHVDwo8GI5ofx1k5MEWU6orJEOUawb4U,Trade_AI_Docs_v2/docs/ui_audits/audit_7777_20260524_1001_fix/discovery/holdings_guard,1024,,2026-05-28T16:57:04.373Z,4
holdings_guard,1rJOLMWWon_qyQybM8YF9fJm7r9tSod6PTwdqmM-Lr_Q,Trade_AI_Docs_v2/docs/ui_audits/2026-05-23_command_center_reliability_fix/discovery/holdings_guard,1024,,2026-05-28T16:56:33.139Z,4
if1_safety_audit.md,1wL80Ep1YBQbbg2wHChFkX0UInHmx2UOGBK-SpCpvzP0,Trade_AI_Docs_v2/docs/intelligence_flow/intelligence_flow_1/if1_safety_audit.md,1797,,2026-05-23T00:59:33.956Z,2
if1_safety_audit.md,1158l2N_2OpC6Ic-4KohYuWJ6qpDC-79tSiAzVMzmU7g,Trade_AI_Docs_v2/docs/_archive/2026-05-24_cleanup/completed_phases/intelligence_flow_1/if1_safety_audit.md,1797,,2026-05-28T18:03:30.129Z,2
incident_performance_import_2026-04-21.md,1D4T8h3RrHjYusxz5LLR_jLil07CzfXfca198pThSiAA,Trade_AI_Docs_v2/docs/_archive/archive/2026-04-27_pre_bible/handoff_2026-04-19/incident_performance_import_2026-04-21.md,7812,,2026-05-21T03:01:09.462Z,3
incident_performance_import_2026-04-21.md,1h0x5ZI3QKmjJGV1pT3VmzcoxrXegG44x,Trade_AI_Docs_v2/docs/_archive/archive/2026-04-27_pre_bible/handoff_2026-04-19/incident_performance_import_2026-04-21.md,7598,,2026-05-18T00:09:03.530Z,3
incident_performance_import_2026-04-21.md,1Apyk5wK3KIpki-j371oo7VZ1F85nif8V,Trade_AI_Docs_v2/docs/archive/2026-04-27_pre_bible/handoff_2026-04-19/incident_performance_import_2026-04-21.md,7598,,2026-05-17T22:51:17.970Z,3
income_add.yaml,1wSCLC49DU4FGpm53H6pGfAYj0kQrjrgZ,Trade_AI_Docs_v2/config/strategies/income_add.yaml,5832,,2026-05-29T12:41:12.410Z,5
income_add.yaml,13vsi5Cxb6ZrUYkNMiaXaWqZ2OniJ289r,Trade_AI_Docs_v2/config/strategies/income_add.yaml,5832,,2026-05-28T19:03:51.270Z,5
income_add.yaml,1j0OHkzCeEiCLfWBeq-Reys5QZHV8Wrdr,Trade_AI_Docs_v2/config/strategies/income_add.yaml,5832,,2026-05-23T16:33:16.335Z,5
income_add.yaml,1qiN7A7mk1oMr1hY2-9drQoIHUqA_Q2bk,Trade_AI_Docs_v2/config/strategies/income_add.yaml,5832,,2026-05-22T13:10:37.638Z,5
income_add.yaml,1-Wv_E4_6ZLgeFjWnJfjfVTFI_KogX44A,Trade_AI_Docs_v2/config/strategies/income_add.yaml,5708,,2026-05-17T23:23:47.485Z,5
incubator.png,1h6rMtGkPbcpyVzHKHEPorkmYRGvkv_WC,Trade_AI_Docs_v2/docs/_generated/ui_audit_screenshots/audit_7777_20260523_1921/7777/incubator.png,1778366,,2026-05-28T19:03:04.952Z,3
incubator.png,150940vc5G4VhFWbVSPfBhtL19_BeXaJf,Trade_AI_Docs_v2/docs/atm_lifecycle_v1_2026_05_26/full_lifecycle_acceleration_v3_0/screenshots/incubator.png,1754882,,2026-05-28T17:53:51.562Z,3
incubator.png,1EK7bJE0oebyHKEe78Qr9xUSMwbEJCd8r,Trade_AI_Docs_v2/docs/ui_audits/post_8b348c3/screenshots/incubator.png,1778395,,2026-05-28T16:57:50.974Z,3
index.ts,1rnNppLa_DIXFpxg8_h_VG5EvesmqJVXx,Trade_AI_Docs_v2/docs/ui_redesign/source_snapshot/components/charts/index.ts,163,,2026-05-28T18:44:52.467Z,3
index.ts,1EFcY_wk-CtWjsZOjxgMGvUifuQnUsxA3,Trade_AI_Docs_v2/docs/_archive/archive/2026-04-27_pre_bible/morning_brief_redesign_kit/components/charts/index.ts,163,,2026-05-18T00:01:52.503Z,3
index.ts,1wN7mkAIj3XhHzxGtsOOkO83DwyYCt6qU,Trade_AI_Docs_v2/docs/archive/2026-04-27_pre_bible/morning_brief_redesign_kit/components/charts/index.ts,163,,2026-05-17T22:44:02.624Z,3
intel_arc_llm_setup.md,1hhjfY3YFao6ZWdvn4Xq_3FNbq32W_BSKo9ad-w7Es2Q,Trade_AI_Docs_v2/docs/_archive/archive/2026-04-27_pre_bible/handoff_2026-04-19/intel_arc_llm_setup.md,19291,,2026-05-21T03:00:38.954Z,3
intel_arc_llm_setup.md,1N0lg1vKS5PiQIY2w2Rx2mcdxS3jnTh69,Trade_AI_Docs_v2/docs/_archive/archive/2026-04-27_pre_bible/handoff_2026-04-19/intel_arc_llm_setup.md,17006,,2026-05-18T00:08:47.029Z,3
intel_arc_llm_setup.md,1EvOOTZKtkANisNDiJbmGfcyLIz-2W4I2,Trade_AI_Docs_v2/docs/archive/2026-04-27_pre_bible/handoff_2026-04-19/intel_arc_llm_setup.md,17006,,2026-05-17T22:51:02.234Z,3
intelligence_flow_health_after_schwab_import.md,1JMq-_1tAWhblZ1IzXhEgjhcAMmVbRfX3TeaLFz1ccQ8,Trade_AI_Docs_v2/docs/intelligence_flow/schwab_bt_import_1/intelligence_flow_health_after_schwab_import.md,2603,,2026-05-23T01:25:51.304Z,3
intelligence_flow_health_after_schwab_import.md,1JYGUFK91BkgdNpnl4UlVpok55eya6pXyV9AWijCuApA,Trade_AI_Docs_v2/docs/intelligence_flow/schwab_bt_import_1/intelligence_flow_health_after_schwab_import.md,2602,,2026-05-23T01:19:13.812Z,3
intelligence_flow_health_after_schwab_import.md,1z7508hQLSJeTmLoU9GbxLtQNpL12KHeqJMYEegGtuKM,Trade_AI_Docs_v2/docs/_archive/2026-05-24_cleanup/completed_phases/schwab_bt_import_1/intelligence_flow_health_after_schwab_import.md,2599,,2026-05-28T18:32:14.459Z,3
intelligence_flow_health_report.md,1CvxklQ8uF6K_mnEmYSJbiBlzMBoGrS2jzEOWvhVFO6U,Trade_AI_Docs_v2/docs/intelligence_flow/intelligence_flow_1/intelligence_flow_health_report.md,2598,,2026-05-23T00:59:37.172Z,2
intelligence_flow_health_report.md,1ElGMVhTjIwYuInZ4SKWwMhXXytkhWzcBnkDYJE_uB3I,Trade_AI_Docs_v2/docs/_archive/2026-05-24_cleanup/completed_phases/intelligence_flow_1/intelligence_flow_health_report.md,2599,,2026-05-28T18:03:33.961Z,2
international_dividend.yaml,1eRwcPzQzasnhit16l6l45Z6urp_tlz3o,Trade_AI_Docs_v2/config/strategies/international_dividend.yaml,4229,,2026-05-29T12:40:49.853Z,5
international_dividend.yaml,1H7C3m35iocjrqRxKEUg4ffejnd4SFiNX,Trade_AI_Docs_v2/config/strategies/international_dividend.yaml,4229,,2026-05-28T19:03:30.329Z,5
international_dividend.yaml,1P9VTWQK9Uq17UMxCPvCSi1PaCBszppF3,Trade_AI_Docs_v2/config/strategies/international_dividend.yaml,4229,,2026-05-23T16:32:56.023Z,5
international_dividend.yaml,1V3KPQKmFtEoQkEf6CUkckizVxfpiLzW_,Trade_AI_Docs_v2/config/strategies/international_dividend.yaml,4229,,2026-05-22T13:10:15.927Z,5
international_dividend.yaml,1bdocfonr7qO0J0hBAdl4A0JC2kJ9oVwY,Trade_AI_Docs_v2/config/strategies/international_dividend.yaml,4210,,2026-05-17T23:23:27.930Z,5
journal.png,1gwN6ixB7ZJ43BOgoZnzVKI-puVSwvORa,Trade_AI_Docs_v2/docs/_generated/ui_audit_screenshots/audit_7777_20260523_1921/7777/journal.png,759513,,2026-05-28T19:02:04.046Z,3
journal.png,1-EGEyRv5Ok3WKX6M1lIiasolraFfXdKU,Trade_AI_Docs_v2/docs/atm_lifecycle_v1_2026_05_26/journal_learning_backtesting_v3_6_design/screenshots/journal.png,724730,,2026-05-28T18:01:15.196Z,3
journal.png,1C33VM_ndkvYn2QIgtZobdXI7fE3KxnLM,Trade_AI_Docs_v2/docs/atm_lifecycle_v1_2026_05_26/llm_backtesting_workflow_v3_8_design/enrichment_2026_05_27/screenshots/journal.png,724709,,2026-05-28T17:29:16.426Z,3
lifecycle_journal-learning-summary.json,13fGbxHg4XQILWE98ay2jf2D5kJvJnUT3,Trade_AI_Docs_v2/docs/atm_lifecycle_v1_2026_05_26/unified_trade_inspector_v3_7_design/api_payloads/lifecycle_journal-learning-summary.json,2276,,2026-05-28T17:32:46.964Z,4
lifecycle_journal-learning-summary.json,1E_B6gw9KMXGvEYDqskyxRyKW-MRWJhXv,Trade_AI_Docs_v2/docs/atm_lifecycle_v1_2026_05_26/llm_backtesting_workflow_v3_8_design/api_payloads/lifecycle_journal-learning-summary.json,2276,,2026-05-28T17:30:02.262Z,4
lifecycle_journal-learning-summary.json,18_jjKO5oMNOSzcGLXx7fHfKPlkLcyYSb,Trade_AI_Docs_v2/docs/atm_lifecycle_v1_2026_05_26/llm_backtesting_workflow_v3_8_design/enrichment_2026_05_27/api_payloads/lifecycle_journal-learning-summary.json,2276,,2026-05-28T17:29:35.927Z,4
lifecycle_journal-learning-summary.json,1pWGU_kuoQ8_VCvd7QVkfh_Ve1Kvm036Y,Trade_AI_Docs_v2/docs/atm_lifecycle_v1_2026_05_26/llm_delayed_monthly_v3_9_design/api_payloads/lifecycle_journal-learning-summary.json,2276,,2026-05-28T17:24:54.825Z,4
lifecycle_trace-summary.json,1AGnWdEaNeRtXyxig5P8seP6Sn2vzSTEZ,Trade_AI_Docs_v2/docs/atm_lifecycle_v1_2026_05_26/journal_learning_backtesting_v3_6_design/api_payloads/lifecycle_trace-summary.json,7500,,2026-05-28T18:01:31.159Z,3
lifecycle_trace-summary.json,1HBqSpEtrX_1Y9Toa8OOlWs2gpY3rq9MX,Trade_AI_Docs_v2/docs/atm_lifecycle_v1_2026_05_26/unified_trade_inspector_v3_7_design/api_payloads/lifecycle_trace-summary.json,7500,,2026-05-28T17:32:54.812Z,3
lifecycle_trace-summary.json,1il7_w9SzIwkkztJptNjxZptGjsV9tjD7,Trade_AI_Docs_v2/docs/atm_lifecycle_v1_2026_05_26/llm_backtesting_workflow_v3_8_design/enrichment_2026_05_27/api_payloads/lifecycle_trace-summary.json,7500,,2026-05-28T17:29:41.681Z,3
lifecycle_trade-case-study.json,1YCEO9l2nqYGcxZl6tG_ftjbzp2apkTHx,Trade_AI_Docs_v2/docs/atm_lifecycle_v1_2026_05_26/unified_trade_inspector_v3_7_design/api_payloads/lifecycle_trade-case-study.json,7739,,2026-05-28T17:32:58.656Z,2
lifecycle_trade-case-study.json,1oxUawjDe1Md_U0XzXtIrHSABEtfzhh1z,Trade_AI_Docs_v2/docs/atm_lifecycle_v1_2026_05_26/llm_backtesting_workflow_v3_8_design/api_payloads/lifecycle_trade-case-study.json,8828,,2026-05-28T17:30:07.621Z,2
lifecycle_trade-inspector.json,15HomonjTrc_mU7NIy--P4h3zHQIpwfSK,Trade_AI_Docs_v2/docs/atm_lifecycle_v1_2026_05_26/llm_backtesting_workflow_v3_8_design/enrichment_2026_05_27/api_payloads/lifecycle_trade-inspector.json,13511,,2026-05-28T17:29:27.162Z,2
lifecycle_trade-inspector.json,1MGtPtSIC3-m-iGsrjN4HINT0c8KALQo-,Trade_AI_Docs_v2/docs/atm_lifecycle_v1_2026_05_26/llm_delayed_monthly_v3_9_design/api_payloads/lifecycle_trade-inspector.json,13511,,2026-05-28T17:24:50.671Z,2
llm_fleet_strategy_v3_4_1.md,1ecAlNTihmhtftxce4XYodK3SLfwnqZYetmNltX6-gzA,Trade_AI_Docs_v2/docs/llm_fleet_strategy_v3_4_1.md,76913,,2026-05-21T02:43:22.893Z,2
llm_fleet_strategy_v3_4_1.md,1Ttg8ofRxaO8KrmNB1jJRPsTFpIym2kqa,Trade_AI_Docs_v2/docs/llm_fleet_strategy_v3_4_1.md,55662,,2026-05-17T23:17:00.381Z,2
llm_fleet_summary_2026-05-14.md,13XDWJloc1yi5b5QdrBG09zPJ0rRZ-y2_trJIOtoXwBo,Trade_AI_Docs_v2/docs/_archive/2026-05-24_cleanup/completed_phases/phase4_observability/daily/llm_fleet_summary_2026-05-14.md,2205,,2026-05-28T18:41:23.397Z,2
llm_fleet_summary_2026-05-14.md,1Gj2dGbbGtIeOr3rDUps47XdiiKZ_kgFq,Trade_AI_Docs_v2/docs/llm_fleet/phase4_observability/daily/llm_fleet_summary_2026-05-14.md,708,,2026-05-17T23:13:34.187Z,2
main.tsx,1RZf34IjIeq5buGFcc0lD8oMuZ7YYH0cV,Trade_AI_Docs_v2/ui_redesign/source_snapshot/main.tsx,328,,2026-05-25T14:41:35.237Z,2
main.tsx,1rEnbapdTn2OYE2-KvYVQptxHfHfjiJ97,Trade_AI_Docs_v2/docs/ui_redesign/source_snapshot/main.tsx,328,,2026-05-28T18:45:05.160Z,2
main.tsx.md,1PVxQYpoAvpizwH6KJRC7yThlOxIEQlNY,Trade_AI_Docs_v2/ui_redesign/designer_workspace/current_source_text/main.tsx.md,680,,2026-05-25T15:44:11.166Z,2
main.tsx.md,1y3CamijUNNyeANy6qrmHnOBNQDzvo3LDvS-8ppSkTxk,Trade_AI_Docs_v2/docs/ui_redesign/designer_workspace/current_source_text/main.tsx.md,2389,,2026-05-28T18:49:41.207Z,2
market_data_field_audit_source_of_truth_2026-04-20.md,11SMlx5Uc_9T2owozTVW0T1BFP5QEUUndK5Bv8jm7HLo,Trade_AI_Docs_v2/docs/_archive/archive/2026-04-27_pre_bible/handoff_2026-04-19/market_data_field_audit_source_of_truth_2026-04-20.md,21015,,2026-05-21T02:54:35.043Z,4
market_data_field_audit_source_of_truth_2026-04-20.md,1emSUYBBSfucwd8G11NN8VhRKuGqZS__7,Trade_AI_Docs_v2/docs/_archive/archive/2026-04-27_pre_bible/handoff_2026-04-19/market_data_field_audit_source_of_truth_2026-04-20.md,20203,,2026-05-18T00:05:44.092Z,4
market_data_field_audit_source_of_truth_2026-04-20.md,1eouAAAI_stkB5jBihjCcdkosfHS4Jajf,Trade_AI_Docs_v2/docs/archive/2026-04-27_pre_bible/handoff_2026-04-19/market_data_field_audit_source_of_truth_2026-04-20.md,20203,,2026-05-17T23:05:09.851Z,4
market_data_field_audit_source_of_truth_2026-04-20.md,19coxJI_holR4dhXbj9oOu--lNxp20IxG,Trade_AI_Docs_v2/docs/archive/2026-04-27_pre_bible/handoff_2026-04-19/market_data_field_audit_source_of_truth_2026-04-20.md,20203,,2026-05-17T22:47:57.498Z,4
marl_training_simulation.py,1fdeiC4dspVxtnRzNmn1x1PvILmDRMqoL,Trade_AI_Docs_v2/docs/_archive/archive/2026-04-27_pre_bible/v7_cio_intelligence/trade_ai_v7_cio_package/scripts/marl_training_simulation.py,398,,2026-05-18T00:09:33.178Z,2
marl_training_simulation.py,16bmWJWk5hSI9yc7iefRHY38EUCzhEQ__,Trade_AI_Docs_v2/marl_training_simulation.py,398,,2026-05-17T22:51:47.137Z,2
master_state_and_deliverables_2026-04-21.md,1XwNc2GVQ0_HcJflnzwdVHON4jL66YQ_WlneY4fIHcgM,Trade_AI_Docs_v2/docs/_archive/archive/2026-04-27_pre_bible/handoff_2026-04-19/master_state_and_deliverables_2026-04-21.md,17694,,2026-05-21T02:58:03.901Z,4
master_state_and_deliverables_2026-04-21.md,1ij1C-XPTGA34yhquAmkz73SG3Jd3NoVT,Trade_AI_Docs_v2/docs/_archive/archive/2026-04-27_pre_bible/handoff_2026-04-19/master_state_and_deliverables_2026-04-21.md,21247,,2026-05-18T00:07:31.433Z,4
master_state_and_deliverables_2026-04-21.md,1KQCnSrrnsVv5wVy0ldYNW3dTINQC9Aba,Trade_AI_Docs_v2/docs/archive/2026-04-27_pre_bible/handoff_2026-04-19/master_state_and_deliverables_2026-04-21.md,21247,,2026-05-17T23:06:58.370Z,4
master_state_and_deliverables_2026-04-21.md,16MsrbosaW0g0vhyoBl8q0YetnCskC3Tl,Trade_AI_Docs_v2/docs/archive/2026-04-27_pre_bible/handoff_2026-04-19/master_state_and_deliverables_2026-04-21.md,21247,,2026-05-17T22:49:47.698Z,4
master_state_and_deliverables_2026-04-23.md,1QexwcZN_Xi49BduRtDyr11eLrmbmFfDpdSiecGz7rGA,Trade_AI_Docs_v2/docs/_archive/archive/2026-04-27_pre_bible/handoff_2026-04-19/master_state_and_deliverables_2026-04-23.md,6144,,2026-05-21T02:50:56.256Z,4
master_state_and_deliverables_2026-04-23.md,1sE2pZIvKM5u67ow96L_6KyG8hjSussld,Trade_AI_Docs_v2/docs/_archive/archive/2026-04-27_pre_bible/handoff_2026-04-19/master_state_and_deliverables_2026-04-23.md,5470,,2026-05-18T00:03:49.425Z,4
master_state_and_deliverables_2026-04-23.md,1MBfpndHvzSKGLE_r7H5fEbnflGDXsvmf,Trade_AI_Docs_v2/docs/archive/2026-04-27_pre_bible/handoff_2026-04-19/master_state_and_deliverables_2026-04-23.md,5470,,2026-05-17T23:03:12.724Z,4
master_state_and_deliverables_2026-04-23.md,161lXj8U6bvsdt6siwpbrUgBXP6_BhJ7f,Trade_AI_Docs_v2/docs/archive/2026-04-27_pre_bible/handoff_2026-04-19/master_state_and_deliverables_2026-04-23.md,5470,,2026-05-17T22:46:02.487Z,4
maturity_control_board_latest.json,1RPqAlZnpNn7eftrIRj64muW04pIdGv_P,Trade_AI_Docs_v2/docs/maturity_hardening/maturity_control_board_latest.json,2601,,2026-05-18T13:55:18.669Z,2
maturity_control_board_latest.json,13OhIotE2moWaikgnNz2lslFrQLc5idB_,Trade_AI_Docs_v2/docs/maturity_hardening/maturity_control_board_latest.json,2601,,2026-05-18T02:47:00.653Z,2
maturity_control_board_latest.md,1yPpcOY_lZPQvE-kKSSkIwU1TWslj5hd47XZqQWX3JSg,Trade_AI_Docs_v2/docs/maturity_hardening/maturity_control_board_latest.md,2366,,2026-05-21T02:20:22.853Z,2
maturity_control_board_latest.md,1bKIkNEfZHpJCt4R7yiyiPPadB_LXRJyq,Trade_AI_Docs_v2/docs/maturity_hardening/maturity_control_board_latest.md,1027,,2026-05-18T02:47:08.458Z,2
membership_status_after_results.json,10guusEXH1i2vDwY_FR9e4nSXBhLPxrBx,Trade_AI_Docs_v2/docs/screener_architecture/phase_screener_arch3c_membership_lifecycle_api/membership_status_after_results.json,962,,2026-05-21T02:22:27.723Z,2
membership_status_after_results.json,1sgiTr3s2t5-4PNL7J2lnJbrgbcfgTzXK,Trade_AI_Docs_v2/docs/_archive/2026-05-24_cleanup/completed_phases/phase_screener_arch3c_membership_lifecycle_api/membership_status_after_results.json,962,,2026-05-28T18:12:47.811Z,2
miss1_alert_sla_report.md,1Y1Y9AuDQg76jAGkChq6l-f_2kZ3uH8VP,Trade_AI_Docs_v2/docs/alerts/phase_miss1_missed_opportunity_audit/miss1_alert_sla_report.md,145,,2026-05-19T00:24:45.647Z,2
miss1_alert_sla_report.md,1I3l7sq3YiYp8MBiRfndIn50rjhgO65l24GjPMxAnnBc,Trade_AI_Docs_v2/docs/_archive/2026-05-24_cleanup/completed_phases/phase_miss1_missed_opportunity_audit/miss1_alert_sla_report.md,1094,,2026-05-28T18:21:56.349Z,2
miss1_dwsn_case_study.md,1tHbET6u2nJUb-EqaDq7yZbBvghfaUvlw,Trade_AI_Docs_v2/docs/alerts/phase_miss1_missed_opportunity_audit/miss1_dwsn_case_study.md,1621,,2026-05-19T00:24:49.296Z,2
miss1_dwsn_case_study.md,1qDoUSCZfvMXFeL6aQV3oQPDukMZ5VVCGp_z5vIuhRD0,Trade_AI_Docs_v2/docs/_archive/2026-05-24_cleanup/completed_phases/phase_miss1_missed_opportunity_audit/miss1_dwsn_case_study.md,3070,,2026-05-28T18:22:03.816Z,2
miss1_missed_opportunity_report.md,13yzD0z3sh_hV6YqHPR_3FJ_4m4IxBFm9,Trade_AI_Docs_v2/docs/alerts/phase_miss1_missed_opportunity_audit/miss1_missed_opportunity_report.md,86,,2026-05-19T00:24:41.910Z,2
miss1_missed_opportunity_report.md,1CRHVf9YYcWsOwCgwx7FtpkCm8AsfQwv1xmI2KJIYuNY,Trade_AI_Docs_v2/docs/_archive/2026-05-24_cleanup/completed_phases/phase_miss1_missed_opportunity_audit/miss1_missed_opportunity_report.md,1024,,2026-05-28T18:21:48.767Z,2
miss1_safety_audit.md,1SiLOPIK_PwwGTnNi0yZ5Y7S29-czG0Cb,Trade_AI_Docs_v2/docs/alerts/phase_miss1_missed_opportunity_audit/miss1_safety_audit.md,381,,2026-05-19T00:24:43.695Z,2
miss1_safety_audit.md,1r__2K7Kcg6WjuFeJUk3ReRf8k4MrEdZUh_XF2SoBR7U,Trade_AI_Docs_v2/docs/_archive/2026-05-24_cleanup/completed_phases/phase_miss1_missed_opportunity_audit/miss1_safety_audit.md,1613,,2026-05-28T18:21:52.701Z,2
momentum_scalp.yaml,1ChNLyy9P6Z_ut21gsXgAzi3us-i84DlO,Trade_AI_Docs_v2/config/strategies/momentum_scalp.yaml,6732,,2026-05-29T12:41:18.345Z,5
momentum_scalp.yaml,1cGRzdAomRvjp50wupNJfCFBGYcvqdpxq,Trade_AI_Docs_v2/config/strategies/momentum_scalp.yaml,6732,,2026-05-28T19:03:56.975Z,5
momentum_scalp.yaml,1j9HFgCfkSOP91tB7BthBP_8wYgvYYzUS,Trade_AI_Docs_v2/config/strategies/momentum_scalp.yaml,6732,,2026-05-23T16:33:21.733Z,5
momentum_scalp.yaml,1saTathFDYd9q5a30qfHQc8_0ihdfsG0N,Trade_AI_Docs_v2/config/strategies/momentum_scalp.yaml,6732,,2026-05-22T13:10:43.357Z,5
momentum_scalp.yaml,1P3EzrUtyzIgDBzj12PLV57wzBOUwVatQ,Trade_AI_Docs_v2/config/strategies/momentum_scalp.yaml,6568,,2026-05-17T23:23:52.783Z,5
monday_morning_state_20260525.md,1TYWZC5bu3Deevn7IstNgstXIPAEof8G5,Trade_AI_Docs_v2/monday_morning_state_20260525.md,1308,,2026-05-23T23:20:34.566Z,2
monday_morning_state_20260525.md,1p3ZuW9lTqrdiPJZ2cZoI78cJh3uhVH0EmDMipuf5J5w,Trade_AI_Docs_v2/docs/_findings/monday_morning_state_20260525.md,2431,,2026-05-28T17:19:48.925Z,2
morning-brief_DecisionQueueRail.tsx.md,1nLB_PF3ZFZsXPjdpP2Rs_UJnomsck8CU,Trade_AI_Docs_v2/ui_redesign/designer_workspace/current_source_text/morning-brief_DecisionQueueRail.tsx.md,4714,,2026-05-25T15:44:12.638Z,2
morning-brief_DecisionQueueRail.tsx.md,19fiA1mL-ZtE5mfB7R6FoGbqxx2P7WfOMkK24eGVfmN0,Trade_AI_Docs_v2/docs/ui_redesign/designer_workspace/current_source_text/morning-brief_DecisionQueueRail.tsx.md,8831,,2026-05-28T18:49:27.807Z,2
morning-brief_MorningCommandStrip.tsx.md,1S9oETq3swp7kRUpghrsGpVbbSsFNEusn,Trade_AI_Docs_v2/ui_redesign/designer_workspace/current_source_text/morning-brief_MorningCommandStrip.tsx.md,1150,,2026-05-25T15:44:14.097Z,2
morning-brief_MorningCommandStrip.tsx.md,14JvZAQHJnlX0UiHpfKpcZhCnnpIO4rT7MYuref4X7-w,Trade_AI_Docs_v2/docs/ui_redesign/designer_workspace/current_source_text/morning-brief_MorningCommandStrip.tsx.md,3157,,2026-05-28T18:47:01.386Z,2
morning-brief_OpportunityPanel.tsx.md,1l4ZeZHkhCyR8sm02x_enNmtmqc2E08Bb,Trade_AI_Docs_v2/ui_redesign/designer_workspace/current_source_text/morning-brief_OpportunityPanel.tsx.md,5043,,2026-05-25T15:44:15.598Z,2
morning-brief_OpportunityPanel.tsx.md,1O0hlx-31-P2WjkuUa8rTlEL3JFrv6JBUmLp2rgxNYVc,Trade_AI_Docs_v2/docs/ui_redesign/designer_workspace/current_source_text/morning-brief_OpportunityPanel.tsx.md,9242,,2026-05-28T18:47:56.937Z,2
morning-brief_PriorityActionBoard.tsx.md,1vyMNnf5m5rkDNlA-Xz0R3AaVc3kvMt2I,Trade_AI_Docs_v2/ui_redesign/designer_workspace/current_source_text/morning-brief_PriorityActionBoard.tsx.md,4637,,2026-05-25T15:44:16.909Z,2
morning-brief_PriorityActionBoard.tsx.md,1-e_om5FuQxNFThc7ixnoT6vWILMKKIc20cNnV0P7ueA,Trade_AI_Docs_v2/docs/ui_redesign/designer_workspace/current_source_text/morning-brief_PriorityActionBoard.tsx.md,8751,,2026-05-28T18:47:32.247Z,2
morning-brief_RiskExposurePanel.tsx.md,1_3Gi1yVeD6AQmtqj-8eZ0UuVhPcsW7Bx,Trade_AI_Docs_v2/ui_redesign/designer_workspace/current_source_text/morning-brief_RiskExposurePanel.tsx.md,6575,,2026-05-25T15:44:18.257Z,2
morning-brief_RiskExposurePanel.tsx.md,187XJSdFId2Idup9fTw428Do-VjkuAe9-S0VbGk3Eg1I,Trade_AI_Docs_v2/docs/ui_redesign/designer_workspace/current_source_text/morning-brief_RiskExposurePanel.tsx.md,12208,,2026-05-28T18:49:12.933Z,2
morning-brief_TrustStrip.tsx.md,1srrrrxIBHMKPsjdrbCDeADT44Y5yhPxv,Trade_AI_Docs_v2/ui_redesign/designer_workspace/current_source_text/morning-brief_TrustStrip.tsx.md,2446,,2026-05-25T15:44:19.629Z,2
morning-brief_TrustStrip.tsx.md,13q4QLSZiShduNqdUQcqGUcTRalHo7lhuLr4db1-7eB4,Trade_AI_Docs_v2/docs/ui_redesign/designer_workspace/current_source_text/morning-brief_TrustStrip.tsx.md,5675,,2026-05-28T18:47:35.571Z,2
morning-brief_types.ts.md,1fAoFPtsaP7Na-qAFcgW7wFT986zlBY6a,Trade_AI_Docs_v2/ui_redesign/designer_workspace/current_source_text/morning-brief_types.ts.md,3670,,2026-05-25T15:44:20.827Z,2
morning-brief_types.ts.md,1E3DCgZDj3nLq8Ja5d2WkKozfP8S-ClKeBIq8L8gKptI,Trade_AI_Docs_v2/docs/ui_redesign/designer_workspace/current_source_text/morning-brief_types.ts.md,8679,,2026-05-28T18:48:28.862Z,2
network_access_runbook.md,1PpE2XtQRwJihfGH5MoQNtemNInmHdleQ5kskD43zqvM,Trade_AI_Docs_v2/docs/_archive/2026-05-24_cleanup/completed_phases/weekend_readiness/network_access_runbook.md,2417,,2026-05-28T18:11:59.193Z,4
network_access_runbook.md,1p6SdXytXs0zYLp_Af18pB2nQ4xeAxGx9aSH6mByVfZ8,Trade_AI_Docs_v2/docs/project/weekend_readiness/network_access_runbook.md,2419,,2026-05-23T00:41:52.486Z,4
network_access_runbook.md,1XX33ZWAnm7CRz-QeugOHRYkWDKH1Q9yDN8Iv0RBRCeQ,Trade_AI_Docs_v2/docs/project/weekend_readiness/network_access_runbook.md,2419,,2026-05-23T00:29:11.578Z,4
network_access_runbook.md,1UTOxVYewUVlULRfYEXlx37JDe0X5xQjNkpdy0hH0qng,Trade_AI_Docs_v2/docs/project/weekend_readiness/network_access_runbook.md,2420,,2026-05-23T00:14:24.441Z,4
news_source_clients.py,1NQ2A4GwHOCeFeGOTKWR3_FtWD98R5imK,Trade_AI_Docs_v2/docs/_archive/archive/2026-04-27_pre_bible/v6_research_agent/trade_ai_v6_research_agent_package/clients/news_source_clients.py,1156,,2026-05-18T00:00:20.517Z,2
news_source_clients.py,1m-HPgWKJPJWlbONwR91WIrGUpDjTE0nW,Trade_AI_Docs_v2/news_source_clients.py,1156,,2026-05-17T22:42:31.033Z,2
no_touch_snapshot.json,1eLgjnrvxfvle2Z9jHg3Oo-L14gKavP_u,Trade_AI_Docs_v2/docs/_archive/screener_schedule_2026-05-15/no_touch_snapshot.json,876,,2026-05-17T23:22:06.396Z,2
no_touch_snapshot.json,1DFAc1NOxsfLaHJ8M2CB7Y9trqOMP2eXM,Trade_AI_Docs_v2/docs/_archive/screener_filters_2026-05-15/no_touch_snapshot.json,876,,2026-05-17T23:20:40.182Z,2
notifications_recent.json,1BDNGL7Qy-e24mv_hXDd7cW-KHKV-gYEw,Trade_AI_Docs_v2/ui_redesign/samples/notifications_recent.json,11812,,2026-05-25T14:39:58.684Z,2
notifications_recent.json,1AUeLYYLx5Ykt8Pm7xHPCV4xFT6mXKn2W,Trade_AI_Docs_v2/docs/ui_redesign/samples/notifications_recent.json,11812,,2026-05-28T18:46:44.635Z,2
openclaw_aegis_agent_creation_verification_2026-04-23.md,1YAPvUi-YzO9wNkKPW85qM8NODDE-0BiLNYf1TexfSLM,Trade_AI_Docs_v2/docs/_archive/archive/2026-04-27_pre_bible/handoff_2026-04-19/openclaw_aegis_agent_creation_verification_2026-04-23.md,4546,,2026-05-21T02:59:57.534Z,4
openclaw_aegis_agent_creation_verification_2026-04-23.md,1qLEjMCxvF5nJqLhBW-RIlztOIqu4YIw4,Trade_AI_Docs_v2/docs/_archive/archive/2026-04-27_pre_bible/handoff_2026-04-19/openclaw_aegis_agent_creation_verification_2026-04-23.md,3597,,2026-05-18T00:08:30.410Z,4
openclaw_aegis_agent_creation_verification_2026-04-23.md,1QUwSXFkmGF1iDqrnCUIqY8n2Kci55EsM,Trade_AI_Docs_v2/docs/archive/2026-04-27_pre_bible/handoff_2026-04-19/openclaw_aegis_agent_creation_verification_2026-04-23.md,3597,,2026-05-17T23:07:57.717Z,4
openclaw_aegis_agent_creation_verification_2026-04-23.md,1RttG0vIds4XTzFmNB2jFKzXCWmLaJqgN,Trade_AI_Docs_v2/docs/archive/2026-04-27_pre_bible/handoff_2026-04-19/openclaw_aegis_agent_creation_verification_2026-04-23.md,3597,,2026-05-17T22:50:46.348Z,4
openclaw_aegis_chat_stale_retrieval_fix_2026-04-24.md,1o4M-7lVJP2TMPwVWxK5HjOOLy7xJhq_yncjnaStE59A,Trade_AI_Docs_v2/docs/_archive/archive/2026-04-27_pre_bible/handoff_2026-04-19/openclaw_aegis_chat_stale_retrieval_fix_2026-04-24.md,6558,,2026-05-21T02:53:35.440Z,4
openclaw_aegis_chat_stale_retrieval_fix_2026-04-24.md,18P2xjspoKRr8CEmy7ieWdaJg2T7EMfnY,Trade_AI_Docs_v2/docs/_archive/archive/2026-04-27_pre_bible/handoff_2026-04-19/openclaw_aegis_chat_stale_retrieval_fix_2026-04-24.md,5277,,2026-05-18T00:05:11.966Z,4
openclaw_aegis_chat_stale_retrieval_fix_2026-04-24.md,1S1gonVnrS2JeELeokppbWExhrxxwNr0l,Trade_AI_Docs_v2/docs/archive/2026-04-27_pre_bible/handoff_2026-04-19/openclaw_aegis_chat_stale_retrieval_fix_2026-04-24.md,5277,,2026-05-17T23:04:37.999Z,4
openclaw_aegis_chat_stale_retrieval_fix_2026-04-24.md,1GBnEJ8KFMJmfTRDWESdCbRBdZyU26QTz,Trade_AI_Docs_v2/docs/archive/2026-04-27_pre_bible/handoff_2026-04-19/openclaw_aegis_chat_stale_retrieval_fix_2026-04-24.md,5277,,2026-05-17T22:47:25.847Z,4
openclaw_aegis_live_inventory_visibility_fix_verification_2026-04-23.md,1T-6KPU4wVsrmOLXOh120pS1Vx6ViPudAECcCdcgM5zI,Trade_AI_Docs_v2/docs/_archive/archive/2026-04-27_pre_bible/handoff_2026-04-19/openclaw_aegis_live_inventory_visibility_fix_verification_2026-04-23.md,3561,,2026-05-21T02:54:45.791Z,4
openclaw_aegis_live_inventory_visibility_fix_verification_2026-04-23.md,1_CK1xfKjGbK0u4GwF8KqkHjrzEF10_Nm,Trade_AI_Docs_v2/docs/_archive/archive/2026-04-27_pre_bible/handoff_2026-04-19/openclaw_aegis_live_inventory_visibility_fix_verification_2026-04-23.md,1891,,2026-05-18T00:05:49.069Z,4
openclaw_aegis_live_inventory_visibility_fix_verification_2026-04-23.md,1WHbEck1mFcIaN5WORyQpW51oTFzNZOXH,Trade_AI_Docs_v2/docs/archive/2026-04-27_pre_bible/handoff_2026-04-19/openclaw_aegis_live_inventory_visibility_fix_verification_2026-04-23.md,1891,,2026-05-17T23:05:15.036Z,4
openclaw_aegis_live_inventory_visibility_fix_verification_2026-04-23.md,1YJljSjIVzHWk6_dgqNn6g1wTQlDGtCF8,Trade_AI_Docs_v2/docs/archive/2026-04-27_pre_bible/handoff_2026-04-19/openclaw_aegis_live_inventory_visibility_fix_verification_2026-04-23.md,1891,,2026-05-17T22:48:03.375Z,4
openclaw_aegis_morning_brief_2026-04-23.md,1qjBvUD4Y6Mr2AQn4o2COFevXxoM0MFCjxhWgoaSXcDM,Trade_AI_Docs_v2/docs/_archive/archive/2026-04-27_pre_bible/handoff_2026-04-19/openclaw_aegis_morning_brief_2026-04-23.md,2933,,2026-05-21T02:58:54.081Z,4
openclaw_aegis_morning_brief_2026-04-23.md,1aD_WAqOFyguMThE9gjKkQamEcrbsJUyt,Trade_AI_Docs_v2/docs/_archive/archive/2026-04-27_pre_bible/handoff_2026-04-19/openclaw_aegis_morning_brief_2026-04-23.md,1547,,2026-05-18T00:07:57.500Z,4
openclaw_aegis_morning_brief_2026-04-23.md,1tSmabM3ECxXY1zpCJBKr7EPAZFLeSaX2,Trade_AI_Docs_v2/docs/archive/2026-04-27_pre_bible/handoff_2026-04-19/openclaw_aegis_morning_brief_2026-04-23.md,1547,,2026-05-17T23:07:25.337Z,4
openclaw_aegis_morning_brief_2026-04-23.md,1j9ZltMWqikOfH3uAceXE6nkK4QXw3sLs,Trade_AI_Docs_v2/docs/archive/2026-04-27_pre_bible/handoff_2026-04-19/openclaw_aegis_morning_brief_2026-04-23.md,1547,,2026-05-17T22:50:14.290Z,4
openclaw_aegis_morning_brief_2026-04-24.md,1r6o25xqwEkeMDjyminv4ZqEW8xoaWf1dhCWCfdZ3Dl4,Trade_AI_Docs_v2/docs/_archive/archive/2026-04-27_pre_bible/handoff_2026-04-19/openclaw_aegis_morning_brief_2026-04-24.md,2998,,2026-05-21T02:50:08.929Z,4
openclaw_aegis_morning_brief_2026-04-24.md,10gCIOc-kt0OQX2T5ZK7rGTA5dECEzX6b,Trade_AI_Docs_v2/docs/_archive/archive/2026-04-27_pre_bible/handoff_2026-04-19/openclaw_aegis_morning_brief_2026-04-24.md,1590,,2026-05-18T00:03:26.611Z,4
openclaw_aegis_morning_brief_2026-04-24.md,1omadOWpwzWB6bw4P3MnfIlmYPaBbAOp9,Trade_AI_Docs_v2/docs/archive/2026-04-27_pre_bible/handoff_2026-04-19/openclaw_aegis_morning_brief_2026-04-24.md,1590,,2026-05-17T23:02:49.420Z,4
openclaw_aegis_morning_brief_2026-04-24.md,1VOCyqL0nsQxsKkTD4iAZ6j3NN46_2iny,Trade_AI_Docs_v2/docs/archive/2026-04-27_pre_bible/handoff_2026-04-19/openclaw_aegis_morning_brief_2026-04-24.md,1590,,2026-05-17T22:45:39.658Z,4
openclaw_aegis_morning_brief_2026-04-27.md,1BFyfm7i8CaQ_NV29sDd2vz_aTivABRutDdU8Z-LbWaY,Trade_AI_Docs_v2/docs/_archive/archive/2026-04-27_pre_bible/handoff_2026-04-19/openclaw_aegis_morning_brief_2026-04-27.md,3048,,2026-05-21T02:53:56.807Z,4
openclaw_aegis_morning_brief_2026-04-27.md,19BpYij8SXHOeig_hrtLLJhWiBEvmiwPx,Trade_AI_Docs_v2/docs/_archive/archive/2026-04-27_pre_bible/handoff_2026-04-19/openclaw_aegis_morning_brief_2026-04-27.md,1684,,2026-05-18T00:05:24.798Z,4
openclaw_aegis_morning_brief_2026-04-27.md,1WmWxHkXBIMFGDhWHcdI3H3US_1XWhQ00,Trade_AI_Docs_v2/docs/archive/2026-04-27_pre_bible/handoff_2026-04-19/openclaw_aegis_morning_brief_2026-04-27.md,1684,,2026-05-17T23:04:50.288Z,4
openclaw_aegis_morning_brief_2026-04-27.md,1g7iiRb7V5qfrhnH4GGratTfQv05IAxHn,Trade_AI_Docs_v2/docs/archive/2026-04-27_pre_bible/handoff_2026-04-19/openclaw_aegis_morning_brief_2026-04-27.md,1684,,2026-05-17T22:47:38.304Z,4
openclaw_aegis_morning_brief_2026-04-29.md,1sURL-N3QNdTkrnvOV7CDWaS5viFeJMX_LBcac_Fq24Q,Trade_AI_Docs_v2/docs/_archive/2026-05-11_session29_cleanup/aegis_briefs/openclaw_aegis_morning_brief_2026-04-29.md,3022,,2026-05-21T03:04:36.935Z,2
openclaw_aegis_morning_brief_2026-04-29.md,11-HUKq4HQWpmQWf-PmU2qOFiq1lDbXft,Trade_AI_Docs_v2/docs/_archive/2026-05-11_session29_cleanup/aegis_briefs/openclaw_aegis_morning_brief_2026-04-29.md,1722,,2026-05-17T23:19:50.072Z,2
openclaw_aegis_morning_brief_2026-04-30.md,1OM3-8qKzpwGTJ_Lwqkf34pi6-z7pMB-A0jUCjYDjclo,Trade_AI_Docs_v2/docs/_archive/2026-05-11_session29_cleanup/aegis_briefs/openclaw_aegis_morning_brief_2026-04-30.md,3133,,2026-05-21T03:04:23.823Z,2
openclaw_aegis_morning_brief_2026-04-30.md,13zV-29d4ABx03OJ93WI5-T6WM8uh5Ce2,Trade_AI_Docs_v2/docs/_archive/2026-05-11_session29_cleanup/aegis_briefs/openclaw_aegis_morning_brief_2026-04-30.md,1842,,2026-05-17T23:19:43.006Z,2
openclaw_aegis_morning_brief_2026-05-01.md,178hXcJqovXWKDknOVy9zZt_IBnkxHO-ZbG9N_bb01jA,Trade_AI_Docs_v2/docs/_archive/2026-05-11_session29_cleanup/aegis_briefs/openclaw_aegis_morning_brief_2026-05-01.md,3328,,2026-05-21T03:04:43.894Z,2
openclaw_aegis_morning_brief_2026-05-01.md,1XeYhKNAsHL5eEWfgw8JH_zM0_b-u0u9U,Trade_AI_Docs_v2/docs/_archive/2026-05-11_session29_cleanup/aegis_briefs/openclaw_aegis_morning_brief_2026-05-01.md,2083,,2026-05-17T23:19:53.438Z,2
openclaw_aegis_morning_brief_2026-05-02.md,1MrerMKQ4xYbQ85j2Jw-5yC93z45oyfANe8Qb4vsH56g,Trade_AI_Docs_v2/docs/_archive/2026-05-11_session29_cleanup/aegis_briefs/openclaw_aegis_morning_brief_2026-05-02.md,3418,,2026-05-21T03:04:20.428Z,2
openclaw_aegis_morning_brief_2026-05-02.md,1n8pks8LVkuKtmJ2te2_bLvEpbbRROaDi,Trade_AI_Docs_v2/docs/_archive/2026-05-11_session29_cleanup/aegis_briefs/openclaw_aegis_morning_brief_2026-05-02.md,2227,,2026-05-17T23:19:41.157Z,2
openclaw_aegis_morning_brief_2026-05-03.md,1zOLon3by_o51n95qRemkvCsLEUv1to0OWm8JkfQaScI,Trade_AI_Docs_v2/docs/_archive/2026-05-11_session29_cleanup/aegis_briefs/openclaw_aegis_morning_brief_2026-05-03.md,3502,,2026-05-21T03:04:47.313Z,2
openclaw_aegis_morning_brief_2026-05-03.md,132hZaPnemZKZLQc_nros7i2IoSRKZ9fR,Trade_AI_Docs_v2/docs/_archive/2026-05-11_session29_cleanup/aegis_briefs/openclaw_aegis_morning_brief_2026-05-03.md,2320,,2026-05-17T23:19:55.098Z,2
openclaw_aegis_morning_brief_2026-05-04.md,1JeQReOKfawS--z9eM81Mt8dxCgiO4RzW5vlC21E96bA,Trade_AI_Docs_v2/docs/_archive/2026-05-11_session29_cleanup/aegis_briefs/openclaw_aegis_morning_brief_2026-05-04.md,3490,,2026-05-21T03:04:27.421Z,2
openclaw_aegis_morning_brief_2026-05-04.md,1c-lP8iWaSyPQBWLyvTDwEoYaDT6DRAJf,Trade_AI_Docs_v2/docs/_archive/2026-05-11_session29_cleanup/aegis_briefs/openclaw_aegis_morning_brief_2026-05-04.md,2249,,2026-05-17T23:19:44.917Z,2
openclaw_aegis_morning_brief_2026-05-05.md,1z4KWlXiB7d5GyPrbkd0LjkyA-S0wokrChihSdyXIjHE,Trade_AI_Docs_v2/docs/_archive/2026-05-11_session29_cleanup/aegis_briefs/openclaw_aegis_morning_brief_2026-05-05.md,3445,,2026-05-21T03:04:40.699Z,2
openclaw_aegis_morning_brief_2026-05-05.md,1XmxyUz6hZz005bqtLtkVcAxYjtJZflQG,Trade_AI_Docs_v2/docs/_archive/2026-05-11_session29_cleanup/aegis_briefs/openclaw_aegis_morning_brief_2026-05-05.md,2205,,2026-05-17T23:19:51.805Z,2
openclaw_aegis_morning_brief_2026-05-06.md,15oOtpq7xgD4uQFx68XeJB_5oilICqHnb3Hcdg9EnF7U,Trade_AI_Docs_v2/docs/_archive/2026-05-11_session29_cleanup/aegis_briefs/openclaw_aegis_morning_brief_2026-05-06.md,3290,,2026-05-21T03:04:30.577Z,2
openclaw_aegis_morning_brief_2026-05-06.md,1pCsTRwNeu7NALo0-xX3M4mEVVSWm-Ub3,Trade_AI_Docs_v2/docs/_archive/2026-05-11_session29_cleanup/aegis_briefs/openclaw_aegis_morning_brief_2026-05-06.md,2057,,2026-05-17T23:19:46.524Z,2
openclaw_aegis_morning_brief_2026-05-08.md,1hEmi6C_YJeV7maKGgTr6wjjmvhcBt6s7d7V_cxOGKuM,Trade_AI_Docs_v2/docs/_archive/2026-05-11_session29_cleanup/aegis_briefs/openclaw_aegis_morning_brief_2026-05-08.md,3605,,2026-05-21T03:04:33.769Z,2
openclaw_aegis_morning_brief_2026-05-08.md,1rA7SrdnX7LA5qnWPOj86WCgEIkHM9Ha7,Trade_AI_Docs_v2/docs/_archive/2026-05-11_session29_cleanup/aegis_briefs/openclaw_aegis_morning_brief_2026-05-08.md,2456,,2026-05-17T23:19:48.256Z,2
openclaw_aegis_morning_brief_2026-05-09.md,1q9Oh3hJGeRJMJ8BVRm1JB3v2trcAheLHrlRpxlFB5ZQ,Trade_AI_Docs_v2/docs/_archive/2026-05-11_session29_cleanup/openclaw_aegis_morning_brief_2026-05-09.md,3521,,2026-05-21T03:04:56.741Z,2
openclaw_aegis_morning_brief_2026-05-09.md,1pm5Xc1TOh_dk9L5ydLMpFCLz6_cko7Dy,Trade_AI_Docs_v2/docs/_archive/2026-05-11_session29_cleanup/openclaw_aegis_morning_brief_2026-05-09.md,2387,,2026-05-17T23:20:00.002Z,2
openclaw_aegis_morning_brief_2026-05-10.md,1nlMKbhcBKLCmAsQmPiYpa_BAHQGHsy3BPQaHR5VmNpw,Trade_AI_Docs_v2/docs/_archive/2026-05-11_session29_cleanup/openclaw_aegis_morning_brief_2026-05-10.md,3560,,2026-05-21T03:03:59.248Z,2
openclaw_aegis_morning_brief_2026-05-10.md,1OzkmGET3eCn729XxAeo6g35Q_saB9ET6,Trade_AI_Docs_v2/docs/_archive/2026-05-11_session29_cleanup/openclaw_aegis_morning_brief_2026-05-10.md,2413,,2026-05-17T23:19:27.070Z,2
openclaw_aegis_morning_brief_2026-05-11.md,13bPa2JFqzsCmtKqfrIZVpFRVFR4Un_9l_IgMAGnGDrQ,Trade_AI_Docs_v2/docs/_generated/aegis_daily_briefs/openclaw_aegis_morning_brief_2026-05-11.md,3360,,2026-05-28T19:00:00.845Z,4
openclaw_aegis_morning_brief_2026-05-11.md,1R_A0Bi_2vizhtLXuZdcCv7NXqorHIoKAqmJMI_zVAho,Trade_AI_Docs_v2/docs/openclaw_aegis_morning_brief_2026-05-11.md,3365,,2026-05-21T02:21:02.136Z,4
openclaw_aegis_morning_brief_2026-05-11.md,12oELlIquHyIN1y0AP3h_bFLu61bbGzqi,Trade_AI_Docs_v2/docs/openclaw_aegis_morning_brief_2026-05-11.md,2255,,2026-05-17T23:10:07.140Z,4
openclaw_aegis_morning_brief_2026-05-11.md,1ks_eAKkvlSEBNOgkwCKPaEzN1iv7Vti9,Trade_AI_Docs_v2/docs/openclaw_aegis_morning_brief_2026-05-11.md,2255,,2026-05-17T22:52:54.313Z,4
openclaw_aegis_morning_brief_2026-05-12.md,1XVEA6OcbtK5cx6Psx1Ncnqinwgw-zMJl_eQ19-Z_SbQ,Trade_AI_Docs_v2/docs/_generated/aegis_daily_briefs/openclaw_aegis_morning_brief_2026-05-12.md,3350,,2026-05-28T19:00:37.398Z,3
openclaw_aegis_morning_brief_2026-05-12.md,14YJK9vXI7OxUpDYprkD2to7Zzy5c2rtTjClLc0Bt30s,Trade_AI_Docs_v2/docs/openclaw_aegis_morning_brief_2026-05-12.md,3353,,2026-05-21T03:16:36.457Z,3
openclaw_aegis_morning_brief_2026-05-12.md,1i1n8TIYa9JLEMvQVOlpLLEW2Wo7qmcr3,Trade_AI_Docs_v2/docs/openclaw_aegis_morning_brief_2026-05-12.md,2327,,2026-05-17T23:22:36.518Z,3
openclaw_aegis_morning_brief_2026-05-13.md,1IodGzvYOn0qOL8w_d7Xzu93Fw3aWI2jCLdDzIiqAkDw,Trade_AI_Docs_v2/docs/_generated/aegis_daily_briefs/openclaw_aegis_morning_brief_2026-05-13.md,3592,,2026-05-28T19:00:08.196Z,4
openclaw_aegis_morning_brief_2026-05-13.md,15suyqp9-rcdNBKPJqLwH3PihhSHMPOrcbUh2nWiZF5U,Trade_AI_Docs_v2/docs/openclaw_aegis_morning_brief_2026-05-13.md,3614,,2026-05-21T02:27:27.006Z,4
openclaw_aegis_morning_brief_2026-05-13.md,1ccJO0biDzaBRMqBE4GUPwwpRa2SELewD,Trade_AI_Docs_v2/docs/openclaw_aegis_morning_brief_2026-05-13.md,2774,,2026-05-17T23:10:10.678Z,4
openclaw_aegis_morning_brief_2026-05-13.md,1r8o27cQ1nCKmoPkXhFe2K9S3d7Jmpyb2,Trade_AI_Docs_v2/docs/openclaw_aegis_morning_brief_2026-05-13.md,2774,,2026-05-17T22:52:57.680Z,4
openclaw_aegis_morning_brief_2026-05-14.md,1WbYp8Ndl0NMjshtF7a-URHI-_GB3R778-0IABWGw3tM,Trade_AI_Docs_v2/docs/_generated/aegis_daily_briefs/openclaw_aegis_morning_brief_2026-05-14.md,3656,,2026-05-28T19:00:23.386Z,3
openclaw_aegis_morning_brief_2026-05-14.md,19C86MMFsVG-Qr0NCwFY0e6NeJO6vyTmF8z6sGH0z6a4,Trade_AI_Docs_v2/docs/openclaw_aegis_morning_brief_2026-05-14.md,3656,,2026-05-21T02:43:45.227Z,3
openclaw_aegis_morning_brief_2026-05-14.md,1b_QtxU3ZaGVU9a6JGsbZ8PZQmrNU4H7Q,Trade_AI_Docs_v2/docs/openclaw_aegis_morning_brief_2026-05-14.md,2913,,2026-05-17T23:17:49.827Z,3
openclaw_aegis_morning_brief_2026-05-15.md,1JShfpBrqYgFuzC5D933RU3yYjH3SJaJcQi1_wq7cPNk,Trade_AI_Docs_v2/docs/_generated/aegis_daily_briefs/openclaw_aegis_morning_brief_2026-05-15.md,3664,,2026-05-28T19:00:33.723Z,3
openclaw_aegis_morning_brief_2026-05-15.md,1RutsszGcN7JMT5gXCKNtNaeY48b-fb7PfQpkOFaXjGo,Trade_AI_Docs_v2/docs/openclaw_aegis_morning_brief_2026-05-15.md,3680,,2026-05-21T03:16:26.199Z,3
openclaw_aegis_morning_brief_2026-05-15.md,1NlRG8NNry_g1m5T0lnnPrDZVlke0xQEu,Trade_AI_Docs_v2/docs/openclaw_aegis_morning_brief_2026-05-15.md,2916,,2026-05-17T23:22:17.583Z,3
openclaw_aegis_morning_brief_2026-05-16.md,1slcye-8OWG2tS7obtwT59HMH6bNZ3n0FolC561GphCA,Trade_AI_Docs_v2/docs/_generated/aegis_daily_briefs/openclaw_aegis_morning_brief_2026-05-16.md,3709,,2026-05-28T19:00:30.231Z,3
openclaw_aegis_morning_brief_2026-05-16.md,1KXDAhIZM9oBVoxSHR12b1NqAQhaf9w-IWooVdhRz1dQ,Trade_AI_Docs_v2/docs/openclaw_aegis_morning_brief_2026-05-16.md,3746,,2026-05-21T03:16:23.002Z,3
openclaw_aegis_morning_brief_2026-05-16.md,1Jyb2ByJtJP4RgwaaTGmLwR9stwIwvIxS,Trade_AI_Docs_v2/docs/openclaw_aegis_morning_brief_2026-05-16.md,2931,,2026-05-17T23:22:15.926Z,3
openclaw_aegis_morning_brief_2026-05-17.md,1TM6erXrd_0lwSCkir7M7oZdzq9yig7431gfGQjpW1ss,Trade_AI_Docs_v2/docs/_generated/aegis_daily_briefs/openclaw_aegis_morning_brief_2026-05-17.md,3748,,2026-05-28T19:00:20.185Z,3
openclaw_aegis_morning_brief_2026-05-17.md,1racAPhqfRCijmxnQQiNqdF6vGYWQahcHKi7BW4OwYpc,Trade_AI_Docs_v2/docs/openclaw_aegis_morning_brief_2026-05-17.md,3734,,2026-05-21T02:43:16.304Z,3
openclaw_aegis_morning_brief_2026-05-17.md,1xyR4_P1RQT59E41XjfCYNE5z4_A31gu6,Trade_AI_Docs_v2/docs/openclaw_aegis_morning_brief_2026-05-17.md,2956,,2026-05-18T01:06:04.021Z,3
openclaw_aegis_morning_brief_2026-05-18.md,1LO_2jGftYl3K-q2UXouP714iedvmSEZnZPgQXu_Hn0o,Trade_AI_Docs_v2/docs/_generated/aegis_daily_briefs/openclaw_aegis_morning_brief_2026-05-18.md,3685,,2026-05-28T19:00:26.788Z,3
openclaw_aegis_morning_brief_2026-05-18.md,1rGZiC264HlcesnNGVSdHJo4sbiks1PFxqhr9mU5Nlhk,Trade_AI_Docs_v2/docs/openclaw_aegis_morning_brief_2026-05-18.md,3713,,2026-05-21T03:09:48.672Z,3
openclaw_aegis_morning_brief_2026-05-18.md,1BYp5pXK4U8w_btz69rdWLbbAOwRKto3E,Trade_AI_Docs_v2/docs/openclaw_aegis_morning_brief_2026-05-18.md,2929,,2026-05-19T00:41:17.261Z,3
openclaw_aegis_morning_brief_2026-05-19.md,1fTk30HyC0B7dwQBe9tJWO0I9MFdHIyXAFHqUeesLJbA,Trade_AI_Docs_v2/docs/_generated/aegis_daily_briefs/openclaw_aegis_morning_brief_2026-05-19.md,3749,,2026-05-28T19:00:16.222Z,3
openclaw_aegis_morning_brief_2026-05-19.md,1-vJQF0d0ByurpPn7ZnIm8dOkAlaKG18D7jGOwk-9jIA,Trade_AI_Docs_v2/docs/openclaw_aegis_morning_brief_2026-05-19.md,3743,,2026-05-21T02:32:26.161Z,3
openclaw_aegis_morning_brief_2026-05-19.md,1sw1lvTzRtMYAlrcA-hcz6YVBMkus23ZW,Trade_AI_Docs_v2/docs/openclaw_aegis_morning_brief_2026-05-19.md,3000,,2026-05-19T13:58:08.257Z,3
openclaw_aegis_morning_brief_2026-05-20.md,1deD8BUscH3cwyswo6CRVSI3FMSbAp6PPA-O7yWlDoWI,Trade_AI_Docs_v2/docs/_generated/aegis_daily_briefs/openclaw_aegis_morning_brief_2026-05-20.md,3711,,2026-05-28T19:00:04.190Z,2
openclaw_aegis_morning_brief_2026-05-20.md,1IQ9v9ejxat-E5paOk__aIAnTY-3blt-iPFUc2dhfLkk,Trade_AI_Docs_v2/docs/openclaw_aegis_morning_brief_2026-05-20.md,3704,,2026-05-21T02:21:05.771Z,2
openclaw_aegis_morning_brief_2026-05-21.md,1k31zoW1AYIYAvRPgs0cgvL5sYmKeZQMyTqdnOiMnXMY,Trade_AI_Docs_v2/docs/_generated/aegis_daily_briefs/openclaw_aegis_morning_brief_2026-05-21.md,3572,,2026-05-28T19:00:41.239Z,2
openclaw_aegis_morning_brief_2026-05-21.md,1QzCjAXR-mwyMpnGDaFafxB1ukuXt_b0-LdKGwjrQjBA,Trade_AI_Docs_v2/docs/openclaw_aegis_morning_brief_2026-05-21.md,3563,,2026-05-22T02:01:52.435Z,2
openclaw_aegis_morning_brief_2026-05-22.md,1TD2vIIXigGO3NrPmW9AUVNTCb4m3A6fFykhjrlkSK-w,Trade_AI_Docs_v2/docs/_generated/aegis_daily_briefs/openclaw_aegis_morning_brief_2026-05-22.md,3600,,2026-05-28T19:00:12.144Z,2
openclaw_aegis_morning_brief_2026-05-22.md,1JdUW_8sJIUZxd5m9MSd2WzGupF535KsqujV1qTAHwGQ,Trade_AI_Docs_v2/docs/openclaw_aegis_morning_brief_2026-05-22.md,3567,,2026-05-23T00:14:15.377Z,2
openclaw_aegis_overnight_intelligence_tier1_plan_2026-04-23.md,18zFcXOIViJtalI72Itkg3O0ynM6CS4S0fWKDggm3xKo,Trade_AI_Docs_v2/docs/_archive/archive/2026-04-27_pre_bible/handoff_2026-04-19/openclaw_aegis_overnight_intelligence_tier1_plan_2026-04-23.md,7890,,2026-05-21T02:59:40.145Z,4
openclaw_aegis_overnight_intelligence_tier1_plan_2026-04-23.md,1gXftY5wkZiBYMtgwXClXn1Owr-ZTxfUJ,Trade_AI_Docs_v2/docs/_archive/archive/2026-04-27_pre_bible/handoff_2026-04-19/openclaw_aegis_overnight_intelligence_tier1_plan_2026-04-23.md,6900,,2026-05-18T00:08:20.945Z,4
openclaw_aegis_overnight_intelligence_tier1_plan_2026-04-23.md,1i0K0JBM3hkBJC112bBR18kjTu7civFY4,Trade_AI_Docs_v2/docs/archive/2026-04-27_pre_bible/handoff_2026-04-19/openclaw_aegis_overnight_intelligence_tier1_plan_2026-04-23.md,6900,,2026-05-17T23:07:48.740Z,4
openclaw_aegis_overnight_intelligence_tier1_plan_2026-04-23.md,1EbfjQvSfpg5_KVRavZxS1INK-ZOBz2s6,Trade_AI_Docs_v2/docs/archive/2026-04-27_pre_bible/handoff_2026-04-19/openclaw_aegis_overnight_intelligence_tier1_plan_2026-04-23.md,6900,,2026-05-17T22:50:37.216Z,4
openclaw_aegis_steph_auto_escalation_fix_verification_2026-04-24.md,1nDQiPYFowuxUwgZWxs9srzQeSCqIkV3KPk3rTdBX10o,Trade_AI_Docs_v2/docs/_archive/archive/2026-04-27_pre_bible/handoff_2026-04-19/openclaw_aegis_steph_auto_escalation_fix_verification_2026-04-24.md,8513,,2026-05-21T02:52:45.025Z,4
openclaw_aegis_steph_auto_escalation_fix_verification_2026-04-24.md,1ohlJ0srxSslDuKBfzGJPzFTRx8afCq5S,Trade_AI_Docs_v2/docs/_archive/archive/2026-04-27_pre_bible/handoff_2026-04-19/openclaw_aegis_steph_auto_escalation_fix_verification_2026-04-24.md,5956,,2026-05-18T00:04:48.470Z,4
openclaw_aegis_steph_auto_escalation_fix_verification_2026-04-24.md,1ZZhd-Nm6MBvUxhm-b7AAJVCb5W_PKRn1,Trade_AI_Docs_v2/docs/archive/2026-04-27_pre_bible/handoff_2026-04-19/openclaw_aegis_steph_auto_escalation_fix_verification_2026-04-24.md,5956,,2026-05-17T23:04:12.582Z,4
openclaw_aegis_steph_auto_escalation_fix_verification_2026-04-24.md,1dKe5MnVUisvgjBSIWOPgs4GeVVYnKV8k,Trade_AI_Docs_v2/docs/archive/2026-04-27_pre_bible/handoff_2026-04-19/openclaw_aegis_steph_auto_escalation_fix_verification_2026-04-24.md,5956,,2026-05-17T22:47:01.062Z,4
openclaw_aegis_steph_auto_escalation_hardening_verification_2026-04-24.md,1K78VoO6omOzFQ0k48a8BbrSAxl_uQ0fgfeteSgMvHnI,Trade_AI_Docs_v2/docs/_archive/archive/2026-04-27_pre_bible/handoff_2026-04-19/openclaw_aegis_steph_auto_escalation_hardening_verification_2026-04-24.md,7116,,2026-05-21T02:59:54.105Z,4
openclaw_aegis_steph_auto_escalation_hardening_verification_2026-04-24.md,1TXG3I7ouOTfYsEedpOpYsc0QZzz_TLs6,Trade_AI_Docs_v2/docs/_archive/archive/2026-04-27_pre_bible/handoff_2026-04-19/openclaw_aegis_steph_auto_escalation_hardening_verification_2026-04-24.md,5555,,2026-05-18T00:08:28.393Z,4
openclaw_aegis_steph_auto_escalation_hardening_verification_2026-04-24.md,1TlpIL6uBTeNMygb37krEMYcJrvrOSh6Y,Trade_AI_Docs_v2/docs/archive/2026-04-27_pre_bible/handoff_2026-04-19/openclaw_aegis_steph_auto_escalation_hardening_verification_2026-04-24.md,5555,,2026-05-17T23:07:55.929Z,4
openclaw_aegis_steph_auto_escalation_hardening_verification_2026-04-24.md,1LYKIJVT_0DljwzcAR80v2Mz3JngU3BrJ,Trade_AI_Docs_v2/docs/archive/2026-04-27_pre_bible/handoff_2026-04-19/openclaw_aegis_steph_auto_escalation_hardening_verification_2026-04-24.md,5555,,2026-05-17T22:50:44.397Z,4
openclaw_aegis_stop_brief_coverage_and_steph_retrieval_fix_2026-04-24.md,1I81rrtABh1aO3ey7BGBEn7pXfYTUwqk28nMOWfYYFyo,Trade_AI_Docs_v2/docs/_archive/archive/2026-04-27_pre_bible/handoff_2026-04-19/openclaw_aegis_stop_brief_coverage_and_steph_retrieval_fix_2026-04-24.md,5058,,2026-05-21T02:58:37.399Z,4
openclaw_aegis_stop_brief_coverage_and_steph_retrieval_fix_2026-04-24.md,1qJTuFHJ4X365n9JoUgNCyN_w8APbnVWT,Trade_AI_Docs_v2/docs/_archive/archive/2026-04-27_pre_bible/handoff_2026-04-19/openclaw_aegis_stop_brief_coverage_and_steph_retrieval_fix_2026-04-24.md,4497,,2026-05-18T00:07:48.624Z,4
openclaw_aegis_stop_brief_coverage_and_steph_retrieval_fix_2026-04-24.md,1PwmwFDMxmrHLpVIfvhcYBtJCuVArZ2y0,Trade_AI_Docs_v2/docs/archive/2026-04-27_pre_bible/handoff_2026-04-19/openclaw_aegis_stop_brief_coverage_and_steph_retrieval_fix_2026-04-24.md,4497,,2026-05-17T23:07:16.211Z,4
openclaw_aegis_stop_brief_coverage_and_steph_retrieval_fix_2026-04-24.md,1yVB_CmIsOJhFEBlhPozlGw4OzaHOu11A,Trade_AI_Docs_v2/docs/archive/2026-04-27_pre_bible/handoff_2026-04-19/openclaw_aegis_stop_brief_coverage_and_steph_retrieval_fix_2026-04-24.md,4497,,2026-05-17T22:50:05.321Z,4
openclaw_aegis_telegram_visibility_fix_verification_2026-04-23.md,1ejNx4NOpAEMKcgucOQiqva0nhLgp05xVybdVtXvzpB4,Trade_AI_Docs_v2/docs/_archive/archive/2026-04-27_pre_bible/handoff_2026-04-19/openclaw_aegis_telegram_visibility_fix_verification_2026-04-23.md,4237,,2026-05-21T02:56:42.650Z,4
openclaw_aegis_telegram_visibility_fix_verification_2026-04-23.md,13xwXGGA5SokqpG5P5j2eoFBufVId9AtK,Trade_AI_Docs_v2/docs/_archive/archive/2026-04-27_pre_bible/handoff_2026-04-19/openclaw_aegis_telegram_visibility_fix_verification_2026-04-23.md,2556,,2026-05-18T00:06:48.904Z,4
openclaw_aegis_telegram_visibility_fix_verification_2026-04-23.md,1-VmdBJ7y2E6o57adqJs4ZRyMSRE-z2fY,Trade_AI_Docs_v2/docs/archive/2026-04-27_pre_bible/handoff_2026-04-19/openclaw_aegis_telegram_visibility_fix_verification_2026-04-23.md,2556,,2026-05-17T23:06:15.921Z,4
openclaw_aegis_telegram_visibility_fix_verification_2026-04-23.md,1S3Hyw7fMhUwOlNNxEJ7D6CtK_um2VFxs,Trade_AI_Docs_v2/docs/archive/2026-04-27_pre_bible/handoff_2026-04-19/openclaw_aegis_telegram_visibility_fix_verification_2026-04-23.md,2556,,2026-05-17T22:49:04.672Z,4
openclaw_aegis_tier1b_finviz_yahoo_ingestion_verification_2026-04-23.md,1UCPVZXJWby1PSzHVm7sSnkE3wwr5dsVt_QXAz_NLqGw,Trade_AI_Docs_v2/docs/_archive/archive/2026-04-27_pre_bible/handoff_2026-04-19/openclaw_aegis_tier1b_finviz_yahoo_ingestion_verification_2026-04-23.md,3904,,2026-05-21T02:57:37.226Z,4
openclaw_aegis_tier1b_finviz_yahoo_ingestion_verification_2026-04-23.md,1SqAk2xxkvx2wSXEeIljdFdpQBD47stKv,Trade_AI_Docs_v2/docs/_archive/archive/2026-04-27_pre_bible/handoff_2026-04-19/openclaw_aegis_tier1b_finviz_yahoo_ingestion_verification_2026-04-23.md,2600,,2026-05-18T00:07:17.313Z,4
openclaw_aegis_tier1b_finviz_yahoo_ingestion_verification_2026-04-23.md,1QS23TFY4EvKVlfyOVTTBgIiHLRxFFJ_A,Trade_AI_Docs_v2/docs/archive/2026-04-27_pre_bible/handoff_2026-04-19/openclaw_aegis_tier1b_finviz_yahoo_ingestion_verification_2026-04-23.md,2600,,2026-05-17T23:06:44.371Z,4
openclaw_aegis_tier1b_finviz_yahoo_ingestion_verification_2026-04-23.md,1JCfT11RjyauzwcO3gqVrSwYUr2LdGyQr,Trade_AI_Docs_v2/docs/archive/2026-04-27_pre_bible/handoff_2026-04-19/openclaw_aegis_tier1b_finviz_yahoo_ingestion_verification_2026-04-23.md,2600,,2026-05-17T22:49:32.871Z,4
openclaw_aegis_tier1c_social_sentiment_verification_2026-04-23.md,1-k7atwlqU6Z7NG8-xx8RAYEbBI-bIYPcyAnti6cqHZc,Trade_AI_Docs_v2/docs/_archive/archive/2026-04-27_pre_bible/handoff_2026-04-19/openclaw_aegis_tier1c_social_sentiment_verification_2026-04-23.md,4913,,2026-05-21T02:56:45.911Z,4
openclaw_aegis_tier1c_social_sentiment_verification_2026-04-23.md,1enDwCXMgUxEWV2Ob7KUpDfa0NLl1EK1p,Trade_AI_Docs_v2/docs/_archive/archive/2026-04-27_pre_bible/handoff_2026-04-19/openclaw_aegis_tier1c_social_sentiment_verification_2026-04-23.md,3512,,2026-05-18T00:06:50.521Z,4
openclaw_aegis_tier1c_social_sentiment_verification_2026-04-23.md,1nag7PGAXTYlGvJs2y4eiIHnI0ESNhR2m,Trade_AI_Docs_v2/docs/archive/2026-04-27_pre_bible/handoff_2026-04-19/openclaw_aegis_tier1c_social_sentiment_verification_2026-04-23.md,3512,,2026-05-17T23:06:17.602Z,4
openclaw_aegis_tier1c_social_sentiment_verification_2026-04-23.md,1jYJxPe-Htv9kxXLN2J2BEgiuhXvFKSzP,Trade_AI_Docs_v2/docs/archive/2026-04-27_pre_bible/handoff_2026-04-19/openclaw_aegis_tier1c_social_sentiment_verification_2026-04-23.md,3512,,2026-05-17T22:49:06.409Z,4
openclaw_aegis_tier1d_transcripts_and_discovery_verification_2026-04-23.md,1HqLaH3KCD1AR6lBQeXrGG5nwMRooGr_Y5qUiqRjj0xc,Trade_AI_Docs_v2/docs/_archive/archive/2026-04-27_pre_bible/handoff_2026-04-19/openclaw_aegis_tier1d_transcripts_and_discovery_verification_2026-04-23.md,4601,,2026-05-21T02:51:55.405Z,4
openclaw_aegis_tier1d_transcripts_and_discovery_verification_2026-04-23.md,1zTVKEtlBoTqtmb559xofw9T5Z-_AI8V1,Trade_AI_Docs_v2/docs/_archive/archive/2026-04-27_pre_bible/handoff_2026-04-19/openclaw_aegis_tier1d_transcripts_and_discovery_verification_2026-04-23.md,3350,,2026-05-18T00:04:22.133Z,4
openclaw_aegis_tier1d_transcripts_and_discovery_verification_2026-04-23.md,1_yo6Frz6b24A7fHDP3n8OOkP5TBslfic,Trade_AI_Docs_v2/docs/archive/2026-04-27_pre_bible/handoff_2026-04-19/openclaw_aegis_tier1d_transcripts_and_discovery_verification_2026-04-23.md,3350,,2026-05-17T23:03:47.460Z,4
openclaw_aegis_tier1d_transcripts_and_discovery_verification_2026-04-23.md,15Zt0Rm2mDl1E9QSv-yNqi1fqpN4UYBs8,Trade_AI_Docs_v2/docs/archive/2026-04-27_pre_bible/handoff_2026-04-19/openclaw_aegis_tier1d_transcripts_and_discovery_verification_2026-04-23.md,3350,,2026-05-17T22:46:36.206Z,4
openclaw_aegis_tier1e_synthesis_and_covered_calls_verification_2026-04-23.md,1xJWkrItjn_kOLp4PrvknHxANl72f9xWzmrtxEHNeowg,Trade_AI_Docs_v2/docs/_archive/archive/2026-04-27_pre_bible/handoff_2026-04-19/openclaw_aegis_tier1e_synthesis_and_covered_calls_verification_2026-04-23.md,4392,,2026-05-21T02:54:20.773Z,4
openclaw_aegis_tier1e_synthesis_and_covered_calls_verification_2026-04-23.md,1jW8MpkIHXcwpEmuyS2i04qDppbBMwl2W,Trade_AI_Docs_v2/docs/_archive/archive/2026-04-27_pre_bible/handoff_2026-04-19/openclaw_aegis_tier1e_synthesis_and_covered_calls_verification_2026-04-23.md,2693,,2026-05-18T00:05:37.122Z,4
openclaw_aegis_tier1e_synthesis_and_covered_calls_verification_2026-04-23.md,1-Jtu4DYIqzwv0waG9Gr_rNrrXRzhU92t,Trade_AI_Docs_v2/docs/archive/2026-04-27_pre_bible/handoff_2026-04-19/openclaw_aegis_tier1e_synthesis_and_covered_calls_verification_2026-04-23.md,2693,,2026-05-17T23:05:02.625Z,4
openclaw_aegis_tier1e_synthesis_and_covered_calls_verification_2026-04-23.md,1JNX9fTzTBQ_rKvvlY67757lD93riYNEy,Trade_AI_Docs_v2/docs/archive/2026-04-27_pre_bible/handoff_2026-04-19/openclaw_aegis_tier1e_synthesis_and_covered_calls_verification_2026-04-23.md,2693,,2026-05-17T22:47:50.757Z,4
openclaw_aegis_tier2a_covered_calls_and_rotation_verification_2026-04-23.md,1fuqLtS15g3sOAPVjiHTfRs-IdNRDCOV4BPNGJMmfGj8,Trade_AI_Docs_v2/docs/_archive/archive/2026-04-27_pre_bible/handoff_2026-04-19/openclaw_aegis_tier2a_covered_calls_and_rotation_verification_2026-04-23.md,4335,,2026-05-21T02:55:37.642Z,4
openclaw_aegis_tier2a_covered_calls_and_rotation_verification_2026-04-23.md,1sMMzSdbJWCMNl5Esk23dTKCUSww5IlmL,Trade_AI_Docs_v2/docs/_archive/archive/2026-04-27_pre_bible/handoff_2026-04-19/openclaw_aegis_tier2a_covered_calls_and_rotation_verification_2026-04-23.md,3262,,2026-05-18T00:06:16.668Z,4
openclaw_aegis_tier2a_covered_calls_and_rotation_verification_2026-04-23.md,1JSg0zDDj4PNVrHofW4nWk4oDCaFZJOQp,Trade_AI_Docs_v2/docs/archive/2026-04-27_pre_bible/handoff_2026-04-19/openclaw_aegis_tier2a_covered_calls_and_rotation_verification_2026-04-23.md,3262,,2026-05-17T23:05:44.061Z,4
openclaw_aegis_tier2a_covered_calls_and_rotation_verification_2026-04-23.md,1QlMTe0oUEiYY4f40lnLuyAL9Mb3aIHo-,Trade_AI_Docs_v2/docs/archive/2026-04-27_pre_bible/handoff_2026-04-19/openclaw_aegis_tier2a_covered_calls_and_rotation_verification_2026-04-23.md,3262,,2026-05-17T22:48:32.687Z,4
openclaw_aegis_tier2b_conversational_agent_and_governed_learning_verification_2026-04-23.md,1FQ2mEgBZ3bRxgd9FHkFQrGaB931nHHbFKGIwMB6-ZXc,Trade_AI_Docs_v2/docs/_archive/archive/2026-04-27_pre_bible/handoff_2026-04-19/openclaw_aegis_tier2b_conversational_agent_and_governed_learning_verification_2026-04-23.md,4591,,2026-05-21T02:53:12.354Z,4
openclaw_aegis_tier2b_conversational_agent_and_governed_learning_verification_2026-04-23.md,1FQAaLa8tAgGE_5jG4MAbxNILCDMcyPv4,Trade_AI_Docs_v2/docs/_archive/archive/2026-04-27_pre_bible/handoff_2026-04-19/openclaw_aegis_tier2b_conversational_agent_and_governed_learning_verification_2026-04-23.md,3454,,2026-05-18T00:05:01.963Z,4
openclaw_aegis_tier2b_conversational_agent_and_governed_learning_verification_2026-04-23.md,15q0QYbUpvxTa86PT3XJK8zuoVNwazCow,Trade_AI_Docs_v2/docs/archive/2026-04-27_pre_bible/handoff_2026-04-19/openclaw_aegis_tier2b_conversational_agent_and_governed_learning_verification_2026-04-23.md,3454,,2026-05-17T23:04:26.822Z,4
openclaw_aegis_tier2b_conversational_agent_and_governed_learning_verification_2026-04-23.md,11KV7hNxngIG5lLjt2NVm3OFIV0ouhTGi,Trade_AI_Docs_v2/docs/archive/2026-04-27_pre_bible/handoff_2026-04-19/openclaw_aegis_tier2b_conversational_agent_and_governed_learning_verification_2026-04-23.md,3454,,2026-05-17T22:47:14.882Z,4
openclaw_aegis_tier2c_bias_and_evidence_verification_2026-04-23.md,1YBWXCWpoDv2i7gkZ0Yi34GBHZgkjzM-WpYsbfGLxogU,Trade_AI_Docs_v2/docs/_archive/archive/2026-04-27_pre_bible/handoff_2026-04-19/openclaw_aegis_tier2c_bias_and_evidence_verification_2026-04-23.md,4707,,2026-05-21T02:56:14.458Z,4
openclaw_aegis_tier2c_bias_and_evidence_verification_2026-04-23.md,1Rea4Ma4zQ2F-zY23OtuGv7TjWkU4D4Cs,Trade_AI_Docs_v2/docs/_archive/archive/2026-04-27_pre_bible/handoff_2026-04-19/openclaw_aegis_tier2c_bias_and_evidence_verification_2026-04-23.md,3293,,2026-05-18T00:06:34.141Z,4
openclaw_aegis_tier2c_bias_and_evidence_verification_2026-04-23.md,10uiECB_piqJV01bjyI-4W7Y3_LMVLTsd,Trade_AI_Docs_v2/docs/archive/2026-04-27_pre_bible/handoff_2026-04-19/openclaw_aegis_tier2c_bias_and_evidence_verification_2026-04-23.md,3293,,2026-05-17T23:06:01.835Z,4
openclaw_aegis_tier2c_bias_and_evidence_verification_2026-04-23.md,1LGEp8BE6lBBBoexSagcHXQJKx6ppQ89C,Trade_AI_Docs_v2/docs/archive/2026-04-27_pre_bible/handoff_2026-04-19/openclaw_aegis_tier2c_bias_and_evidence_verification_2026-04-23.md,3293,,2026-05-17T22:48:50.803Z,4
openclaw_aegis_tier2d_portfolio_specific_morning_brief_verification_2026-04-23.md,1kCXq04DtDdBqq7Y3hiB21-4jKpX4FtEWxxcK7KsrtXM,Trade_AI_Docs_v2/docs/_archive/archive/2026-04-27_pre_bible/handoff_2026-04-19/openclaw_aegis_tier2d_portfolio_specific_morning_brief_verification_2026-04-23.md,4260,,2026-05-21T02:57:20.268Z,4
openclaw_aegis_tier2d_portfolio_specific_morning_brief_verification_2026-04-23.md,1G2XYe3wKiqW38qLYnub93HADtov9Sn8S,Trade_AI_Docs_v2/docs/_archive/archive/2026-04-27_pre_bible/handoff_2026-04-19/openclaw_aegis_tier2d_portfolio_specific_morning_brief_verification_2026-04-23.md,2909,,2026-05-18T00:07:08.293Z,4
openclaw_aegis_tier2d_portfolio_specific_morning_brief_verification_2026-04-23.md,1lmzMyMEqhYfDkuhAMq4UmC4bjmqNubOX,Trade_AI_Docs_v2/docs/archive/2026-04-27_pre_bible/handoff_2026-04-19/openclaw_aegis_tier2d_portfolio_specific_morning_brief_verification_2026-04-23.md,2909,,2026-05-17T23:06:35.349Z,4
openclaw_aegis_tier2d_portfolio_specific_morning_brief_verification_2026-04-23.md,146JgnPXEA3K7LIpZYD-UQZmGgqp1a32K,Trade_AI_Docs_v2/docs/archive/2026-04-27_pre_bible/handoff_2026-04-19/openclaw_aegis_tier2d_portfolio_specific_morning_brief_verification_2026-04-23.md,2909,,2026-05-17T22:49:23.798Z,4
openclaw_aegis_tier2e_overnight_runtime_shift_verification_2026-04-23.md,1E9TX83frZJdh9kEJSjXfQgixvjEii0n-X-mkO0cWMXk,Trade_AI_Docs_v2/docs/_archive/archive/2026-04-27_pre_bible/handoff_2026-04-19/openclaw_aegis_tier2e_overnight_runtime_shift_verification_2026-04-23.md,5888,,2026-05-21T02:54:07.524Z,4
openclaw_aegis_tier2e_overnight_runtime_shift_verification_2026-04-23.md,1kDECrEAPz1tuYqBFh00Ejpe6JGyKxPzf,Trade_AI_Docs_v2/docs/_archive/archive/2026-04-27_pre_bible/handoff_2026-04-19/openclaw_aegis_tier2e_overnight_runtime_shift_verification_2026-04-23.md,3939,,2026-05-18T00:05:30.056Z,4
openclaw_aegis_tier2e_overnight_runtime_shift_verification_2026-04-23.md,1DXxzAg3Yquxe-39kvUdpXJbAMvPejMF3,Trade_AI_Docs_v2/docs/archive/2026-04-27_pre_bible/handoff_2026-04-19/openclaw_aegis_tier2e_overnight_runtime_shift_verification_2026-04-23.md,3939,,2026-05-17T23:04:55.654Z,4
openclaw_aegis_tier2e_overnight_runtime_shift_verification_2026-04-23.md,18-1eiWb7JRdsU7ws62hbRoz41YApivSh,Trade_AI_Docs_v2/docs/archive/2026-04-27_pre_bible/handoff_2026-04-19/openclaw_aegis_tier2e_overnight_runtime_shift_verification_2026-04-23.md,3939,,2026-05-17T22:47:43.809Z,4
openclaw_aegis_tier2f_steph_review_resolution_verification_2026-04-23.md,1aDk4tNOuww4kB6HHUPfjzzvmVoqyv2OuJLzRIi7Nu5g,Trade_AI_Docs_v2/docs/_archive/archive/2026-04-27_pre_bible/handoff_2026-04-19/openclaw_aegis_tier2f_steph_review_resolution_verification_2026-04-23.md,4220,,2026-05-21T02:54:23.871Z,4
openclaw_aegis_tier2f_steph_review_resolution_verification_2026-04-23.md,1m_r1bsnf9gNoxNXP0Vqc1_s1jicTme6j,Trade_AI_Docs_v2/docs/_archive/archive/2026-04-27_pre_bible/handoff_2026-04-19/openclaw_aegis_tier2f_steph_review_resolution_verification_2026-04-23.md,2753,,2026-05-18T00:05:38.810Z,4
openclaw_aegis_tier2f_steph_review_resolution_verification_2026-04-23.md,11t5bTmwUIyO0Os9I3mddFgMk_fFjbOAx,Trade_AI_Docs_v2/docs/archive/2026-04-27_pre_bible/handoff_2026-04-19/openclaw_aegis_tier2f_steph_review_resolution_verification_2026-04-23.md,2753,,2026-05-17T23:05:04.300Z,4
openclaw_aegis_tier2f_steph_review_resolution_verification_2026-04-23.md,1RYI7_M6im6Wf1nYQx58I2Y0UmgGGx3jC,Trade_AI_Docs_v2/docs/archive/2026-04-27_pre_bible/handoff_2026-04-19/openclaw_aegis_tier2f_steph_review_resolution_verification_2026-04-23.md,2753,,2026-05-17T22:47:52.380Z,4
openclaw_aegis_tier2g_morning_brief_delivery_verification_2026-04-23.md,1X6HSQGgOrrof6IAqc7oo2FLj9ejb2bzjh67YlWbRc-8,Trade_AI_Docs_v2/docs/_archive/archive/2026-04-27_pre_bible/handoff_2026-04-19/openclaw_aegis_tier2g_morning_brief_delivery_verification_2026-04-23.md,3920,,2026-05-21T02:52:26.879Z,4
openclaw_aegis_tier2g_morning_brief_delivery_verification_2026-04-23.md,1Yo3CoNsasu00Rd2yD1WtWo93YuD7MhZu,Trade_AI_Docs_v2/docs/_archive/archive/2026-04-27_pre_bible/handoff_2026-04-19/openclaw_aegis_tier2g_morning_brief_delivery_verification_2026-04-23.md,2765,,2026-05-18T00:04:37.252Z,4
openclaw_aegis_tier2g_morning_brief_delivery_verification_2026-04-23.md,1KMGRwYtjxFY0gCwtdZ0dEk8kbmgg0Xhe,Trade_AI_Docs_v2/docs/archive/2026-04-27_pre_bible/handoff_2026-04-19/openclaw_aegis_tier2g_morning_brief_delivery_verification_2026-04-23.md,2765,,2026-05-17T23:04:02.192Z,4
openclaw_aegis_tier2g_morning_brief_delivery_verification_2026-04-23.md,1ZN5ghLXJfmN37yVcs4qmuXWNZAVpF2uW,Trade_AI_Docs_v2/docs/archive/2026-04-27_pre_bible/handoff_2026-04-19/openclaw_aegis_tier2g_morning_brief_delivery_verification_2026-04-23.md,2765,,2026-05-17T22:46:50.435Z,4
openclaw_aegis_tier2h_john_decision_layer_verification_2026-04-23.md,1N1P_UF5N2_7RHmKUO7_HIVDKqsuwF2fqTfxRFU9c9VY,Trade_AI_Docs_v2/docs/_archive/archive/2026-04-27_pre_bible/handoff_2026-04-19/openclaw_aegis_tier2h_john_decision_layer_verification_2026-04-23.md,4127,,2026-05-21T02:53:53.223Z,4
openclaw_aegis_tier2h_john_decision_layer_verification_2026-04-23.md,1u-1PxbqjgwIRtqZ1y4W7plTzqNS-BFwY,Trade_AI_Docs_v2/docs/_archive/archive/2026-04-27_pre_bible/handoff_2026-04-19/openclaw_aegis_tier2h_john_decision_layer_verification_2026-04-23.md,2577,,2026-05-18T00:05:22.883Z,4
openclaw_aegis_tier2h_john_decision_layer_verification_2026-04-23.md,1rJUTYWC3EqgmTVQDBQM_qYiLLTRt_fBj,Trade_AI_Docs_v2/docs/archive/2026-04-27_pre_bible/handoff_2026-04-19/openclaw_aegis_tier2h_john_decision_layer_verification_2026-04-23.md,2577,,2026-05-17T23:04:48.490Z,4
openclaw_aegis_tier2h_john_decision_layer_verification_2026-04-23.md,1dtPWj8kAMC1SB_blZ4oVoUPpWfgUU2L1,Trade_AI_Docs_v2/docs/archive/2026-04-27_pre_bible/handoff_2026-04-19/openclaw_aegis_tier2h_john_decision_layer_verification_2026-04-23.md,2577,,2026-05-17T22:47:36.565Z,4
openclaw_aegis_tier2i_outcome_tracking_and_scoring_verification_2026-04-23.md,1QXWtN4BZ1sOMGRHFVnNs13jV2iX3BEt0W0g1LqDBrwk,Trade_AI_Docs_v2/docs/_archive/archive/2026-04-27_pre_bible/handoff_2026-04-19/openclaw_aegis_tier2i_outcome_tracking_and_scoring_verification_2026-04-23.md,4393,,2026-05-21T02:52:48.473Z,4
openclaw_aegis_tier2i_outcome_tracking_and_scoring_verification_2026-04-23.md,1Lxh6iIqQJC192hqQUpDrcvE1L0VYStx3,Trade_AI_Docs_v2/docs/_archive/archive/2026-04-27_pre_bible/handoff_2026-04-19/openclaw_aegis_tier2i_outcome_tracking_and_scoring_verification_2026-04-23.md,3183,,2026-05-18T00:04:50.118Z,4
openclaw_aegis_tier2i_outcome_tracking_and_scoring_verification_2026-04-23.md,1Lu9dhzMzxBwZZMv8_kc4H1Hsf0gqJMVB,Trade_AI_Docs_v2/docs/archive/2026-04-27_pre_bible/handoff_2026-04-19/openclaw_aegis_tier2i_outcome_tracking_and_scoring_verification_2026-04-23.md,3183,,2026-05-17T23:04:14.320Z,4
openclaw_aegis_tier2i_outcome_tracking_and_scoring_verification_2026-04-23.md,1EodKgqHXrLoPW9FX6sPExNaeEBZtnYNK,Trade_AI_Docs_v2/docs/archive/2026-04-27_pre_bible/handoff_2026-04-19/openclaw_aegis_tier2i_outcome_tracking_and_scoring_verification_2026-04-23.md,3183,,2026-05-17T22:47:02.792Z,4
openclaw_aegis_tier2j_cc_rotation_refinement_verification_2026-04-23.md,1H9qI1Mf5UJkydkryo3apsYjsOHRb9bXtN5pZuq82_A0,Trade_AI_Docs_v2/docs/_archive/archive/2026-04-27_pre_bible/handoff_2026-04-19/openclaw_aegis_tier2j_cc_rotation_refinement_verification_2026-04-23.md,3997,,2026-05-21T02:57:57.726Z,4
openclaw_aegis_tier2j_cc_rotation_refinement_verification_2026-04-23.md,1kliNqbpF8KOEZqMKj3Cl7pj5YJH-MK6h,Trade_AI_Docs_v2/docs/_archive/archive/2026-04-27_pre_bible/handoff_2026-04-19/openclaw_aegis_tier2j_cc_rotation_refinement_verification_2026-04-23.md,2607,,2026-05-18T00:07:27.928Z,4
openclaw_aegis_tier2j_cc_rotation_refinement_verification_2026-04-23.md,1slNQNl08cRaDklPS2ooFYMLdmtTYtbe_,Trade_AI_Docs_v2/docs/archive/2026-04-27_pre_bible/handoff_2026-04-19/openclaw_aegis_tier2j_cc_rotation_refinement_verification_2026-04-23.md,2607,,2026-05-17T23:06:54.928Z,4
openclaw_aegis_tier2j_cc_rotation_refinement_verification_2026-04-23.md,1c2AwRrjr9lo-9rCA4c87ZdOmt_sQC1QW,Trade_AI_Docs_v2/docs/archive/2026-04-27_pre_bible/handoff_2026-04-19/openclaw_aegis_tier2j_cc_rotation_refinement_verification_2026-04-23.md,2607,,2026-05-17T22:49:43.428Z,4
openclaw_aegis_tier2k_telegram_operational_proof_verification_2026-04-23.md,1nPHc-8U0H0OxDPc4zuBnByuDg1dL6fds5BE0r7ZvpcY,Trade_AI_Docs_v2/docs/_archive/archive/2026-04-27_pre_bible/handoff_2026-04-19/openclaw_aegis_tier2k_telegram_operational_proof_verification_2026-04-23.md,4330,,2026-05-21T02:57:06.978Z,4
openclaw_aegis_tier2k_telegram_operational_proof_verification_2026-04-23.md,1Ughlgc83Geluw-mSQqunFDDEVgnUwF1P,Trade_AI_Docs_v2/docs/_archive/archive/2026-04-27_pre_bible/handoff_2026-04-19/openclaw_aegis_tier2k_telegram_operational_proof_verification_2026-04-23.md,3237,,2026-05-18T00:07:01.055Z,4
openclaw_aegis_tier2k_telegram_operational_proof_verification_2026-04-23.md,1JR-kqPdrUOXlDTAc7yqcTnQ818bI79aJ,Trade_AI_Docs_v2/docs/archive/2026-04-27_pre_bible/handoff_2026-04-19/openclaw_aegis_tier2k_telegram_operational_proof_verification_2026-04-23.md,3237,,2026-05-17T23:06:28.291Z,4
openclaw_aegis_tier2k_telegram_operational_proof_verification_2026-04-23.md,1pMCr5xp94PLEBH8lgi7fkKd5NxHYdh-D,Trade_AI_Docs_v2/docs/archive/2026-04-27_pre_bible/handoff_2026-04-19/openclaw_aegis_tier2k_telegram_operational_proof_verification_2026-04-23.md,3237,,2026-05-17T22:49:16.716Z,4
openclaw_agents_inventory_2026-04-20.md,1Il5FwDAB9x2eB4sYiVItCcfw_MhB1R_c_bqoX0Cg3UM,Trade_AI_Docs_v2/docs/_archive/archive/2026-04-27_pre_bible/handoff_2026-04-19/openclaw_agents_inventory_2026-04-20.md,15102,,2026-05-21T02:59:36.747Z,4
openclaw_agents_inventory_2026-04-20.md,1l2UL8cwl8s3b9r5M9HmGbcKV8PfGK64C,Trade_AI_Docs_v2/docs/_archive/archive/2026-04-27_pre_bible/handoff_2026-04-19/openclaw_agents_inventory_2026-04-20.md,15685,,2026-05-18T00:08:19.027Z,4
openclaw_agents_inventory_2026-04-20.md,1Cp1XDDSWC1wy7o7MLdw6woIbSNvbk_ap,Trade_AI_Docs_v2/docs/archive/2026-04-27_pre_bible/handoff_2026-04-19/openclaw_agents_inventory_2026-04-20.md,15685,,2026-05-17T23:07:47.117Z,4
openclaw_agents_inventory_2026-04-20.md,1BT2oO-NN_imc8GTChTpcPo6aWncK-qM2,Trade_AI_Docs_v2/docs/archive/2026-04-27_pre_bible/handoff_2026-04-19/openclaw_agents_inventory_2026-04-20.md,15685,,2026-05-17T22:50:35.370Z,4
openclaw_ai_generated_watchlist_cap_fix_verification_2026-04-21.md,1HfrsTdyMPa7BTyT2tvTCVy1D2Dj2jislIrRGksZSdEU,Trade_AI_Docs_v2/docs/_archive/archive/2026-04-27_pre_bible/handoff_2026-04-19/openclaw_ai_generated_watchlist_cap_fix_verification_2026-04-21.md,3842,,2026-05-21T02:56:38.669Z,4
openclaw_ai_generated_watchlist_cap_fix_verification_2026-04-21.md,1mP9GMlWhWj_4uhDyzIYUZOJrQMx4IbGp,Trade_AI_Docs_v2/docs/_archive/archive/2026-04-27_pre_bible/handoff_2026-04-19/openclaw_ai_generated_watchlist_cap_fix_verification_2026-04-21.md,2014,,2026-05-18T00:06:47.167Z,4
openclaw_ai_generated_watchlist_cap_fix_verification_2026-04-21.md,1OQcnP1MqcA4sKev2PUrgI2eG0gN8DuOH,Trade_AI_Docs_v2/docs/archive/2026-04-27_pre_bible/handoff_2026-04-19/openclaw_ai_generated_watchlist_cap_fix_verification_2026-04-21.md,2014,,2026-05-17T23:06:14.122Z,4
openclaw_ai_generated_watchlist_cap_fix_verification_2026-04-21.md,1Jp_XfYRokcztX0IBE0q7ceRfUgx_Bkew,Trade_AI_Docs_v2/docs/archive/2026-04-27_pre_bible/handoff_2026-04-19/openclaw_ai_generated_watchlist_cap_fix_verification_2026-04-21.md,2014,,2026-05-17T22:49:02.993Z,4
openclaw_ai_generated_watchlist_verification_2026-04-21.md,1zbzLjotuDr-WnLA5Swde0OuUTDHBNY_UION5wDYHmaw,Trade_AI_Docs_v2/docs/_archive/archive/2026-04-27_pre_bible/handoff_2026-04-19/openclaw_ai_generated_watchlist_verification_2026-04-21.md,5439,,2026-05-21T02:52:33.994Z,4
openclaw_ai_generated_watchlist_verification_2026-04-21.md,1xt8B1_xf4MEMsC9Bh5IUCtVbamj4fHI6,Trade_AI_Docs_v2/docs/_archive/archive/2026-04-27_pre_bible/handoff_2026-04-19/openclaw_ai_generated_watchlist_verification_2026-04-21.md,2715,,2026-05-18T00:04:41.695Z,4
openclaw_ai_generated_watchlist_verification_2026-04-21.md,1dV7zGp7JqpjFYzc8Q_ByrsUqQc_6UAZI,Trade_AI_Docs_v2/docs/archive/2026-04-27_pre_bible/handoff_2026-04-19/openclaw_ai_generated_watchlist_verification_2026-04-21.md,2715,,2026-05-17T23:04:05.609Z,4
openclaw_ai_generated_watchlist_verification_2026-04-21.md,1-vVKRwSCtELfk0xcL66bev5AqbAGMKeo,Trade_AI_Docs_v2/docs/archive/2026-04-27_pre_bible/handoff_2026-04-19/openclaw_ai_generated_watchlist_verification_2026-04-21.md,2715,,2026-05-17T22:46:53.980Z,4
openclaw_ai_watchlist_article_expansion_verification_2026-04-21.md,1bKVmqlBOU3BIJwYRoS5bL_GGwMfkwkYRiVRmFCjBxR4,Trade_AI_Docs_v2/docs/_archive/archive/2026-04-27_pre_bible/handoff_2026-04-19/openclaw_ai_watchlist_article_expansion_verification_2026-04-21.md,8138,,2026-05-21T02:57:00.023Z,4
openclaw_ai_watchlist_article_expansion_verification_2026-04-21.md,10TQUL8E2cKC_MiuVIEcs4LMYMrAHDyB-,Trade_AI_Docs_v2/docs/_archive/archive/2026-04-27_pre_bible/handoff_2026-04-19/openclaw_ai_watchlist_article_expansion_verification_2026-04-21.md,5095,,2026-05-18T00:06:57.495Z,4
openclaw_ai_watchlist_article_expansion_verification_2026-04-21.md,1Y5J-lhetyBypAQLbnFvPIQS46IjUikqL,Trade_AI_Docs_v2/docs/archive/2026-04-27_pre_bible/handoff_2026-04-19/openclaw_ai_watchlist_article_expansion_verification_2026-04-21.md,5095,,2026-05-17T23:06:24.474Z,4
openclaw_ai_watchlist_article_expansion_verification_2026-04-21.md,1GwB2N8hbb6g2t_1y6OaXlfxkaouQbeeJ,Trade_AI_Docs_v2/docs/archive/2026-04-27_pre_bible/handoff_2026-04-19/openclaw_ai_watchlist_article_expansion_verification_2026-04-21.md,5095,,2026-05-17T22:49:13.252Z,4
openclaw_ai_watchlist_enrichment_expansion_verification_2026-04-21.md,15og7FXSskLjyzZfMxm9pf90lSUi2jbZaaRMeVdODRbc,Trade_AI_Docs_v2/docs/_archive/archive/2026-04-27_pre_bible/handoff_2026-04-19/openclaw_ai_watchlist_enrichment_expansion_verification_2026-04-21.md,7015,,2026-05-21T02:59:43.929Z,4
openclaw_ai_watchlist_enrichment_expansion_verification_2026-04-21.md,1ogrYZ_dAfinO7fywAki9SL2YC5HwarZl,Trade_AI_Docs_v2/docs/_archive/archive/2026-04-27_pre_bible/handoff_2026-04-19/openclaw_ai_watchlist_enrichment_expansion_verification_2026-04-21.md,5240,,2026-05-18T00:08:22.774Z,4
openclaw_ai_watchlist_enrichment_expansion_verification_2026-04-21.md,1YlVtCx7jkqXkraYPVhFs9_ksed2cbNAy,Trade_AI_Docs_v2/docs/archive/2026-04-27_pre_bible/handoff_2026-04-19/openclaw_ai_watchlist_enrichment_expansion_verification_2026-04-21.md,5240,,2026-05-17T23:07:50.545Z,4
openclaw_ai_watchlist_enrichment_expansion_verification_2026-04-21.md,1KwG4G1kdu3kDVLAdE-NowV6cODAfJ2if,Trade_AI_Docs_v2/docs/archive/2026-04-27_pre_bible/handoff_2026-04-19/openclaw_ai_watchlist_enrichment_expansion_verification_2026-04-21.md,5240,,2026-05-17T22:50:39.075Z,4
openclaw_ai_watchlist_expiration_cleanup_verification_2026-04-21.md,101PQuMLRsS9D-nDh6h4fuwm4C3mo9Ta5OSTsRLt4HkU,Trade_AI_Docs_v2/docs/_archive/archive/2026-04-27_pre_bible/handoff_2026-04-19/openclaw_ai_watchlist_expiration_cleanup_verification_2026-04-21.md,6070,,2026-05-21T02:49:48.059Z,4
openclaw_ai_watchlist_expiration_cleanup_verification_2026-04-21.md,1k5IN8pTQJUThjF4ud2QIoQ0uGm_tZWF4,Trade_AI_Docs_v2/docs/_archive/archive/2026-04-27_pre_bible/handoff_2026-04-19/openclaw_ai_watchlist_expiration_cleanup_verification_2026-04-21.md,4027,,2026-05-18T00:03:15.899Z,4
openclaw_ai_watchlist_expiration_cleanup_verification_2026-04-21.md,1EHBnR00xzyZCIEy-QN8hvM9MEJfiItIb,Trade_AI_Docs_v2/docs/archive/2026-04-27_pre_bible/handoff_2026-04-19/openclaw_ai_watchlist_expiration_cleanup_verification_2026-04-21.md,4027,,2026-05-17T23:02:39.005Z,4
openclaw_ai_watchlist_expiration_cleanup_verification_2026-04-21.md,1-HdKonf51uioWUy0PXUJBy9400_AWOal,Trade_AI_Docs_v2/docs/archive/2026-04-27_pre_bible/handoff_2026-04-19/openclaw_ai_watchlist_expiration_cleanup_verification_2026-04-21.md,4027,,2026-05-17T22:45:29.107Z,4
openclaw_analyst_consensus_history_verification_2026-04-20.md,1Hi8Zyg1Q-ziwrCAbmAv3vxPgYDJv5atz9TtMvqaaXjY,Trade_AI_Docs_v2/docs/_archive/archive/2026-04-27_pre_bible/handoff_2026-04-19/openclaw_analyst_consensus_history_verification_2026-04-20.md,7304,,2026-05-21T02:51:34.551Z,4
openclaw_analyst_consensus_history_verification_2026-04-20.md,1QvLlfrc6HtQxufgVFDeLOXH_LNutuXFc,Trade_AI_Docs_v2/docs/_archive/archive/2026-04-27_pre_bible/handoff_2026-04-19/openclaw_analyst_consensus_history_verification_2026-04-20.md,3885,,2026-05-18T00:04:08.309Z,4
openclaw_analyst_consensus_history_verification_2026-04-20.md,1xi1M2JDHMyWaMKu5febryS7bNjdQbmeY,Trade_AI_Docs_v2/docs/archive/2026-04-27_pre_bible/handoff_2026-04-19/openclaw_analyst_consensus_history_verification_2026-04-20.md,3885,,2026-05-17T23:03:33.109Z,4
openclaw_analyst_consensus_history_verification_2026-04-20.md,1JCK7EAGPzogaSk-JeKsc0I9uVdhWqr9y,Trade_AI_Docs_v2/docs/archive/2026-04-27_pre_bible/handoff_2026-04-19/openclaw_analyst_consensus_history_verification_2026-04-20.md,3885,,2026-05-17T22:46:22.117Z,4
openclaw_analyst_curated_watchlist_verification_2026-04-20.md,1z5yhlyGH9VnM-uS6vLBZYHizfiqQWmzYZbXW-0qfa2Y,Trade_AI_Docs_v2/docs/_archive/archive/2026-04-27_pre_bible/handoff_2026-04-19/openclaw_analyst_curated_watchlist_verification_2026-04-20.md,4870,,2026-05-21T02:54:42.427Z,4
openclaw_analyst_curated_watchlist_verification_2026-04-20.md,19LsA9aiOIJh3tsCPpRxr8iLqOwLJQhZi,Trade_AI_Docs_v2/docs/_archive/archive/2026-04-27_pre_bible/handoff_2026-04-19/openclaw_analyst_curated_watchlist_verification_2026-04-20.md,2734,,2026-05-18T00:05:47.431Z,4
openclaw_analyst_curated_watchlist_verification_2026-04-20.md,1_0YLejB9Owx9m6DVK99Ip5YKJebfObTG,Trade_AI_Docs_v2/docs/archive/2026-04-27_pre_bible/handoff_2026-04-19/openclaw_analyst_curated_watchlist_verification_2026-04-20.md,2734,,2026-05-17T23:05:13.235Z,4
openclaw_analyst_curated_watchlist_verification_2026-04-20.md,1B8leqEsakglSMQEv_usygp-jm3KiFsH-,Trade_AI_Docs_v2/docs/archive/2026-04-27_pre_bible/handoff_2026-04-19/openclaw_analyst_curated_watchlist_verification_2026-04-20.md,2734,,2026-05-17T22:48:00.989Z,4
openclaw_approval_layer_phase1_verification_2026-04-21.md,1ciRk7LIBihbvB18xGfDbyGqgDnvzYUSkgzsg6KUp1io,Trade_AI_Docs_v2/docs/_archive/archive/2026-04-27_pre_bible/handoff_2026-04-19/openclaw_approval_layer_phase1_verification_2026-04-21.md,7553,,2026-05-21T03:01:13.570Z,3
openclaw_approval_layer_phase1_verification_2026-04-21.md,1tMCgpQe42D1Sq7RlZjmtKHxlK-0bJ0d_,Trade_AI_Docs_v2/docs/_archive/archive/2026-04-27_pre_bible/handoff_2026-04-19/openclaw_approval_layer_phase1_verification_2026-04-21.md,4293,,2026-05-18T00:09:05.145Z,3
openclaw_approval_layer_phase1_verification_2026-04-21.md,13Cit7aYRNV_bvWrl33ArnEJ_95yt3mTv,Trade_AI_Docs_v2/docs/archive/2026-04-27_pre_bible/handoff_2026-04-19/openclaw_approval_layer_phase1_verification_2026-04-21.md,4293,,2026-05-17T22:51:19.742Z,3
openclaw_approval_layer_plan_2026-04-21.md,1OxE-wIs8vZiL7UZwrIAH6TgIZaV2Vjk6mMcDQY4AZ58,Trade_AI_Docs_v2/docs/_archive/archive/2026-04-27_pre_bible/handoff_2026-04-19/openclaw_approval_layer_plan_2026-04-21.md,10759,,2026-05-21T02:59:29.740Z,4
openclaw_approval_layer_plan_2026-04-21.md,16kDyjaJJg5yIXLatYHrrDhLLukVtYJk2,Trade_AI_Docs_v2/docs/_archive/archive/2026-04-27_pre_bible/handoff_2026-04-19/openclaw_approval_layer_plan_2026-04-21.md,7773,,2026-05-18T00:08:15.512Z,4
openclaw_approval_layer_plan_2026-04-21.md,1iM6tYcxNsa8oBujmM8u0Tl1r9-LHBiI_,Trade_AI_Docs_v2/docs/archive/2026-04-27_pre_bible/handoff_2026-04-19/openclaw_approval_layer_plan_2026-04-21.md,7773,,2026-05-17T23:07:43.700Z,4
openclaw_approval_layer_plan_2026-04-21.md,1NLs-2Zn2i1TMAI4-lQYrHf_jo0SwLTu8,Trade_AI_Docs_v2/docs/archive/2026-04-27_pre_bible/handoff_2026-04-19/openclaw_approval_layer_plan_2026-04-21.md,7773,,2026-05-17T22:50:31.866Z,4
openclaw_article_index_plan_2026-04-20.md,1AjAtwLu7FiNR2-WKU9DYmxoQGm4nXEk__-hlzrrccoY,Trade_AI_Docs_v2/docs/_archive/archive/2026-04-27_pre_bible/handoff_2026-04-19/openclaw_article_index_plan_2026-04-20.md,17251,,2026-05-21T02:53:42.921Z,4
openclaw_article_index_plan_2026-04-20.md,1OPfW_Q5_NBwwPkegHRmpKMhRyaf36zKa,Trade_AI_Docs_v2/docs/_archive/archive/2026-04-27_pre_bible/handoff_2026-04-19/openclaw_article_index_plan_2026-04-20.md,14507,,2026-05-18T00:05:17.769Z,4
openclaw_article_index_plan_2026-04-20.md,1CLfZ9MEluCc0T27INojfJQx5nnWJ2cE0,Trade_AI_Docs_v2/docs/archive/2026-04-27_pre_bible/handoff_2026-04-19/openclaw_article_index_plan_2026-04-20.md,14507,,2026-05-17T23:04:43.222Z,4
openclaw_article_index_plan_2026-04-20.md,1tBrtKG8OhVc08EJne6Y1qRwV_z7ds-fT,Trade_AI_Docs_v2/docs/archive/2026-04-27_pre_bible/handoff_2026-04-19/openclaw_article_index_plan_2026-04-20.md,14507,,2026-05-17T22:47:31.172Z,4
openclaw_article_index_verification_2026-04-20.md,1ETDdPM4tx9A65YBRE8LIB3IpP7QsutgqPjCYwRIP1jk,Trade_AI_Docs_v2/docs/_archive/archive/2026-04-27_pre_bible/handoff_2026-04-19/openclaw_article_index_verification_2026-04-20.md,5532,,2026-05-21T02:51:26.946Z,4
openclaw_article_index_verification_2026-04-20.md,1Hem43fCaaWHgyAO6NDboF6RFb9oCS30C,Trade_AI_Docs_v2/docs/_archive/archive/2026-04-27_pre_bible/handoff_2026-04-19/openclaw_article_index_verification_2026-04-20.md,3083,,2026-05-18T00:04:05.006Z,4
openclaw_article_index_verification_2026-04-20.md,1muTk4Fhr4XpjVSb9YyfyTGPr8utAfJvF,Trade_AI_Docs_v2/docs/archive/2026-04-27_pre_bible/handoff_2026-04-19/openclaw_article_index_verification_2026-04-20.md,3083,,2026-05-17T23:03:29.606Z,4
openclaw_article_index_verification_2026-04-20.md,1Bt0Ey779g1FUVP3LREvSxa80sZHfrk02,Trade_AI_Docs_v2/docs/archive/2026-04-27_pre_bible/handoff_2026-04-19/openclaw_article_index_verification_2026-04-20.md,3083,,2026-05-17T22:46:18.687Z,4
openclaw_backup_restore_drill_2026-04-21.md,1tfxQTmjcePJD4n3HITW9BwIo_zHSbfBZa1LhPrNfqSU,Trade_AI_Docs_v2/docs/_archive/archive/2026-04-27_pre_bible/handoff_2026-04-19/openclaw_backup_restore_drill_2026-04-21.md,6567,,2026-05-21T02:53:38.922Z,4
openclaw_backup_restore_drill_2026-04-21.md,1og34rnHxon8bLj3wJpd5h2_6DBHdGSeJ,Trade_AI_Docs_v2/docs/_archive/archive/2026-04-27_pre_bible/handoff_2026-04-19/openclaw_backup_restore_drill_2026-04-21.md,5564,,2026-05-18T00:05:15.438Z,4
openclaw_backup_restore_drill_2026-04-21.md,1ZsYvXLK8IHVYja1iVzPlqS9572NNjvCT,Trade_AI_Docs_v2/docs/archive/2026-04-27_pre_bible/handoff_2026-04-19/openclaw_backup_restore_drill_2026-04-21.md,5564,,2026-05-17T23:04:41.338Z,4
openclaw_backup_restore_drill_2026-04-21.md,1SZ0Dd6lzg6J-p78mLEAfx0JrmUVtFSMZ,Trade_AI_Docs_v2/docs/archive/2026-04-27_pre_bible/handoff_2026-04-19/openclaw_backup_restore_drill_2026-04-21.md,5564,,2026-05-17T22:47:29.408Z,4
openclaw_batch_next5_pre_cc_polish_verification_2026-04-23.md,1FeK5q4WOMe_--JIpvQQVsqLzTzbdQ2MXNTLZobPur2w,Trade_AI_Docs_v2/docs/_archive/archive/2026-04-27_pre_bible/handoff_2026-04-19/openclaw_batch_next5_pre_cc_polish_verification_2026-04-23.md,3603,,2026-05-21T02:57:03.427Z,4
openclaw_batch_next5_pre_cc_polish_verification_2026-04-23.md,1icvGK6-_vy6TbeEwMfqnC_2d0rPQRNJP,Trade_AI_Docs_v2/docs/_archive/archive/2026-04-27_pre_bible/handoff_2026-04-19/openclaw_batch_next5_pre_cc_polish_verification_2026-04-23.md,2398,,2026-05-18T00:06:59.321Z,4
openclaw_batch_next5_pre_cc_polish_verification_2026-04-23.md,1pUGYq24AQy5z7Qa5sN7K4_KQVRRlVzm1,Trade_AI_Docs_v2/docs/archive/2026-04-27_pre_bible/handoff_2026-04-19/openclaw_batch_next5_pre_cc_polish_verification_2026-04-23.md,2398,,2026-05-17T23:06:26.201Z,4
openclaw_batch_next5_pre_cc_polish_verification_2026-04-23.md,17R_UqZr5eQi5ZNYjHw_MY5usFr0wk-jx,Trade_AI_Docs_v2/docs/archive/2026-04-27_pre_bible/handoff_2026-04-19/openclaw_batch_next5_pre_cc_polish_verification_2026-04-23.md,2398,,2026-05-17T22:49:15.042Z,4
openclaw_cc_accelerated_batch5_decision_workflow_verification_2026-04-22.md,1sIy5bqC7BGAPM5eMQhxy8Y1_l1wlyrbdAyg2PKeB9G8,Trade_AI_Docs_v2/docs/_archive/archive/2026-04-27_pre_bible/handoff_2026-04-19/openclaw_cc_accelerated_batch5_decision_workflow_verification_2026-04-22.md,4232,,2026-05-21T02:51:02.992Z,4
openclaw_cc_accelerated_batch5_decision_workflow_verification_2026-04-22.md,1dp3aGclINwVe5qyl3t3KuIcdRpTFqM6f,Trade_AI_Docs_v2/docs/_archive/archive/2026-04-27_pre_bible/handoff_2026-04-19/openclaw_cc_accelerated_batch5_decision_workflow_verification_2026-04-22.md,3541,,2026-05-18T00:03:52.948Z,4
openclaw_cc_accelerated_batch5_decision_workflow_verification_2026-04-22.md,1nbpMpZJgQu_wtrfnSgs0sMLrPHZF5RHo,Trade_AI_Docs_v2/docs/archive/2026-04-27_pre_bible/handoff_2026-04-19/openclaw_cc_accelerated_batch5_decision_workflow_verification_2026-04-22.md,3541,,2026-05-17T23:03:16.372Z,4
openclaw_cc_accelerated_batch5_decision_workflow_verification_2026-04-22.md,1QksoGy3r_8qg5l_FyqG7ytSsaCs68YHD,Trade_AI_Docs_v2/docs/archive/2026-04-27_pre_bible/handoff_2026-04-19/openclaw_cc_accelerated_batch5_decision_workflow_verification_2026-04-22.md,3541,,2026-05-17T22:46:06.186Z,4
openclaw_cc_accelerated_batch5_followon_verification_2026-04-22.md,1RsmrKfGpQtpiezIUSFK8ouPwpz7W7fmSgc4sSQXt8l4,Trade_AI_Docs_v2/docs/_archive/archive/2026-04-27_pre_bible/handoff_2026-04-19/openclaw_cc_accelerated_batch5_followon_verification_2026-04-22.md,3631,,2026-05-21T03:01:20.322Z,3
openclaw_cc_accelerated_batch5_followon_verification_2026-04-22.md,1enKWoLUT3Mv_8u2eRL3Wib8U6317gFBp,Trade_AI_Docs_v2/docs/_archive/archive/2026-04-27_pre_bible/handoff_2026-04-19/openclaw_cc_accelerated_batch5_followon_verification_2026-04-22.md,2837,,2026-05-18T00:09:08.711Z,3
openclaw_cc_accelerated_batch5_followon_verification_2026-04-22.md,1sfKlsoLJLrLypoXyCD4VfEr7DGLWNuG1,Trade_AI_Docs_v2/docs/archive/2026-04-27_pre_bible/handoff_2026-04-19/openclaw_cc_accelerated_batch5_followon_verification_2026-04-22.md,2837,,2026-05-17T22:51:23.137Z,3
openclaw_cc_action_center_and_kpi_drilldowns_verification_2026-04-22.md,1jwoONboDdJtTdaLIjq7QdgP4gmswIx2BE72Iddkk958,Trade_AI_Docs_v2/docs/_archive/archive/2026-04-27_pre_bible/handoff_2026-04-19/openclaw_cc_action_center_and_kpi_drilldowns_verification_2026-04-22.md,5098,,2026-05-21T03:00:35.154Z,3
openclaw_cc_action_center_and_kpi_drilldowns_verification_2026-04-22.md,1Sd1L31wO_WyCcM8NYc4RhrqvdErtgXMt,Trade_AI_Docs_v2/docs/_archive/archive/2026-04-27_pre_bible/handoff_2026-04-19/openclaw_cc_action_center_and_kpi_drilldowns_verification_2026-04-22.md,4503,,2026-05-18T00:08:45.188Z,3
openclaw_cc_action_center_and_kpi_drilldowns_verification_2026-04-22.md,1Q2-DmHzXB6hbfUsFXKOs5faqvh_SYD4y,Trade_AI_Docs_v2/docs/archive/2026-04-27_pre_bible/handoff_2026-04-19/openclaw_cc_action_center_and_kpi_drilldowns_verification_2026-04-22.md,4503,,2026-05-17T22:51:00.425Z,3
openclaw_cc_approvals_action_center_phase2_verification_2026-04-22.md,1YU3FjEj2jyXO5t_069gaik6-6XyMyFCDwlduLXmKPvM,Trade_AI_Docs_v2/docs/_archive/archive/2026-04-27_pre_bible/handoff_2026-04-19/openclaw_cc_approvals_action_center_phase2_verification_2026-04-22.md,6325,,2026-05-21T02:59:17.722Z,4
openclaw_cc_approvals_action_center_phase2_verification_2026-04-22.md,1Ys0DUIdXrJQDG_aQ7O4a5H-ZifakU4mB,Trade_AI_Docs_v2/docs/_archive/archive/2026-04-27_pre_bible/handoff_2026-04-19/openclaw_cc_approvals_action_center_phase2_verification_2026-04-22.md,4960,,2026-05-18T00:08:10.365Z,4
openclaw_cc_approvals_action_center_phase2_verification_2026-04-22.md,1cA4UFaN3Rt4pG--n9vtUtUTVxR9xJzUg,Trade_AI_Docs_v2/docs/archive/2026-04-27_pre_bible/handoff_2026-04-19/openclaw_cc_approvals_action_center_phase2_verification_2026-04-22.md,4960,,2026-05-17T23:07:38.080Z,4
openclaw_cc_approvals_action_center_phase2_verification_2026-04-22.md,1r0wZXHvKk3LC70WnVZefz9WvfmwtR847,Trade_AI_Docs_v2/docs/archive/2026-04-27_pre_bible/handoff_2026-04-19/openclaw_cc_approvals_action_center_phase2_verification_2026-04-22.md,4960,,2026-05-17T22:50:26.302Z,4
openclaw_cc_approvals_context_enrichment_verification_2026-04-22.md,1Uok5dWkQMMWtKTwjecSqTcOcmtriqfJNbRCZwBHToYk,Trade_AI_Docs_v2/docs/_archive/archive/2026-04-27_pre_bible/handoff_2026-04-19/openclaw_cc_approvals_context_enrichment_verification_2026-04-22.md,4394,,2026-05-21T02:50:12.645Z,4
openclaw_cc_approvals_context_enrichment_verification_2026-04-22.md,13urkDRhzPUNAlo-byDEBEnc3EM8IsYvn,Trade_AI_Docs_v2/docs/_archive/archive/2026-04-27_pre_bible/handoff_2026-04-19/openclaw_cc_approvals_context_enrichment_verification_2026-04-22.md,3006,,2026-05-18T00:03:28.743Z,4
openclaw_cc_approvals_context_enrichment_verification_2026-04-22.md,15D-K4LxAip5dfzY4wpzXBauwOud7kwIY,Trade_AI_Docs_v2/docs/archive/2026-04-27_pre_bible/handoff_2026-04-19/openclaw_cc_approvals_context_enrichment_verification_2026-04-22.md,3006,,2026-05-17T23:02:51.245Z,4
openclaw_cc_approvals_context_enrichment_verification_2026-04-22.md,1ZklcKQ86hBh6mJuqYc16zRvqpBvt1RiT,Trade_AI_Docs_v2/docs/archive/2026-04-27_pre_bible/handoff_2026-04-19/openclaw_cc_approvals_context_enrichment_verification_2026-04-22.md,3006,,2026-05-17T22:45:41.294Z,4
openclaw_cc_audit_bundle_2026-04-22_manifest.md,1DSXp-fzR5CbTMg2IS0Y7GwSlbcGgRG5cFmR_W2j8KH4,Trade_AI_Docs_v2/docs/_archive/archive/2026-04-27_pre_bible/handoff_2026-04-19/openclaw_cc_audit_bundle_2026-04-22_manifest.md,4338,,2026-05-21T02:52:17.431Z,4
openclaw_cc_audit_bundle_2026-04-22_manifest.md,1eiTduyubyv7g8_Fog22TliVsmbZ58t0P,Trade_AI_Docs_v2/docs/_archive/archive/2026-04-27_pre_bible/handoff_2026-04-19/openclaw_cc_audit_bundle_2026-04-22_manifest.md,3187,,2026-05-18T00:04:34.031Z,4
openclaw_cc_audit_bundle_2026-04-22_manifest.md,1H19AAxBWd6yH16NpiriiVYk6KtHFYFCA,Trade_AI_Docs_v2/docs/archive/2026-04-27_pre_bible/handoff_2026-04-19/openclaw_cc_audit_bundle_2026-04-22_manifest.md,3187,,2026-05-17T23:03:58.760Z,4
openclaw_cc_audit_bundle_2026-04-22_manifest.md,1fpPF9GGAQIGQj5NY663KuGH-XpN3KDCA,Trade_AI_Docs_v2/docs/archive/2026-04-27_pre_bible/handoff_2026-04-19/openclaw_cc_audit_bundle_2026-04-22_manifest.md,3187,,2026-05-17T22:46:47.093Z,4
openclaw_cc_baseline_functional_deployment_verification_2026-04-22.md,1PxQiXl-ZzsBoTvggv5vNwmwE-SZBe039--1NDvb4Bcc,Trade_AI_Docs_v2/docs/_archive/archive/2026-04-27_pre_bible/handoff_2026-04-19/openclaw_cc_baseline_functional_deployment_verification_2026-04-22.md,7455,,2026-05-21T02:54:14.154Z,4
openclaw_cc_baseline_functional_deployment_verification_2026-04-22.md,14rbb5Vtp-1ykpNox_e7X_4hBi_tgnX_g,Trade_AI_Docs_v2/docs/_archive/archive/2026-04-27_pre_bible/handoff_2026-04-19/openclaw_cc_baseline_functional_deployment_verification_2026-04-22.md,5741,,2026-05-18T00:05:33.570Z,4
openclaw_cc_baseline_functional_deployment_verification_2026-04-22.md,1WOJuUYoQv4etFNhUiLLlLIIr0KCS6RJY,Trade_AI_Docs_v2/docs/archive/2026-04-27_pre_bible/handoff_2026-04-19/openclaw_cc_baseline_functional_deployment_verification_2026-04-22.md,5741,,2026-05-17T23:04:59.125Z,4
openclaw_cc_baseline_functional_deployment_verification_2026-04-22.md,1TvntrC8iyOJ38T3a7v4WWtywcdu81G_A,Trade_AI_Docs_v2/docs/archive/2026-04-27_pre_bible/handoff_2026-04-19/openclaw_cc_baseline_functional_deployment_verification_2026-04-22.md,5741,,2026-05-17T22:47:47.111Z,4
openclaw_cc_baseline_functional_manifest_2026-04-22.md,1pKijkESenVaaBD_Le-tBI47nr6Nol23fw9vh8RS_DCY,Trade_AI_Docs_v2/docs/_archive/archive/2026-04-27_pre_bible/handoff_2026-04-19/openclaw_cc_baseline_functional_manifest_2026-04-22.md,2183,,2026-05-21T02:52:14.020Z,4
openclaw_cc_baseline_functional_manifest_2026-04-22.md,1utljZ0q69z-rf-R798O6air21ptKSf7Y,Trade_AI_Docs_v2/docs/_archive/archive/2026-04-27_pre_bible/handoff_2026-04-19/openclaw_cc_baseline_functional_manifest_2026-04-22.md,936,,2026-05-18T00:04:32.198Z,4
openclaw_cc_baseline_functional_manifest_2026-04-22.md,1cE7B7Ha5Uyb9SsSwTw1n-zvtzoXSVhtJ,Trade_AI_Docs_v2/docs/archive/2026-04-27_pre_bible/handoff_2026-04-19/openclaw_cc_baseline_functional_manifest_2026-04-22.md,936,,2026-05-17T23:03:56.966Z,4
openclaw_cc_baseline_functional_manifest_2026-04-22.md,1d9Fl7xQBHhyMonTjLRojAgAY_YU5Gkqy,Trade_AI_Docs_v2/docs/archive/2026-04-27_pre_bible/handoff_2026-04-19/openclaw_cc_baseline_functional_manifest_2026-04-22.md,936,,2026-05-17T22:46:45.093Z,4
openclaw_cc_baseline_functional_patch_notes_2026-04-22.md,1qHn19_OOsizpegKg-GGgPQ8z5Rzo2f_XIOXBWY-ImUI,Trade_AI_Docs_v2/docs/_archive/archive/2026-04-27_pre_bible/handoff_2026-04-19/openclaw_cc_baseline_functional_patch_notes_2026-04-22.md,4161,,2026-05-21T02:49:19.007Z,4
openclaw_cc_baseline_functional_patch_notes_2026-04-22.md,1c7TW2kMsAoduPl2y1Qoxot5mP3bJBzL2,Trade_AI_Docs_v2/docs/_archive/archive/2026-04-27_pre_bible/handoff_2026-04-19/openclaw_cc_baseline_functional_patch_notes_2026-04-22.md,3622,,2026-05-18T00:03:01.285Z,4
openclaw_cc_baseline_functional_patch_notes_2026-04-22.md,1ILl1KbqD4cHQcvLnzG6pYMWVsLrDDDBY,Trade_AI_Docs_v2/docs/archive/2026-04-27_pre_bible/handoff_2026-04-19/openclaw_cc_baseline_functional_patch_notes_2026-04-22.md,3622,,2026-05-17T23:02:25.482Z,4
openclaw_cc_baseline_functional_patch_notes_2026-04-22.md,1c7pTIMzzNnzUYpwaLb8dKbl6Ic2kmrRL,Trade_AI_Docs_v2/docs/archive/2026-04-27_pre_bible/handoff_2026-04-19/openclaw_cc_baseline_functional_patch_notes_2026-04-22.md,3622,,2026-05-17T22:45:14.662Z,4
openclaw_cc_baseline_functional_verification_2026-04-22.md,1ZDIpnH-eFHPRcK4IQHPwWCTnE64YC_MqQFqUwyLbA-M,Trade_AI_Docs_v2/docs/_archive/archive/2026-04-27_pre_bible/handoff_2026-04-19/openclaw_cc_baseline_functional_verification_2026-04-22.md,2408,,2026-05-21T02:49:58.383Z,4
openclaw_cc_baseline_functional_verification_2026-04-22.md,1e8RaWGwGsX46byuhHDWg2vPXl2ct5N37,Trade_AI_Docs_v2/docs/_archive/archive/2026-04-27_pre_bible/handoff_2026-04-19/openclaw_cc_baseline_functional_verification_2026-04-22.md,1185,,2026-05-18T00:03:21.375Z,4
openclaw_cc_baseline_functional_verification_2026-04-22.md,1YHKbMAiRbFC48o6fogQdsMXJH8Hzz2KI,Trade_AI_Docs_v2/docs/archive/2026-04-27_pre_bible/handoff_2026-04-19/openclaw_cc_baseline_functional_verification_2026-04-22.md,1185,,2026-05-17T23:02:44.005Z,4
openclaw_cc_baseline_functional_verification_2026-04-22.md,1rFZfHezhxi_ulfk9nTdjbWiMzQgqmuZJ,Trade_AI_Docs_v2/docs/archive/2026-04-27_pre_bible/handoff_2026-04-19/openclaw_cc_baseline_functional_verification_2026-04-22.md,1185,,2026-05-17T22:45:34.426Z,4
openclaw_cc_batch_agent_skills_production_readiness_verification_2026-04-22.md,1a36ZOQBnQRP_PCA12Qnl4GC7UL0w0KZ3LqG-ebPCHS0,Trade_AI_Docs_v2/docs/_archive/archive/2026-04-27_pre_bible/handoff_2026-04-19/openclaw_cc_batch_agent_skills_production_readiness_verification_2026-04-22.md,5274,,2026-05-21T02:52:10.703Z,4
openclaw_cc_batch_agent_skills_production_readiness_verification_2026-04-22.md,1wN8rrf8si5aX2neYHHRDuOyGkzFeZjux,Trade_AI_Docs_v2/docs/_archive/archive/2026-04-27_pre_bible/handoff_2026-04-19/openclaw_cc_batch_agent_skills_production_readiness_verification_2026-04-22.md,3707,,2026-05-18T00:04:30.486Z,4
openclaw_cc_batch_agent_skills_production_readiness_verification_2026-04-22.md,17xB6XxUKAwdI3gFUBwnH0Td89QjCl8de,Trade_AI_Docs_v2/docs/archive/2026-04-27_pre_bible/handoff_2026-04-19/openclaw_cc_batch_agent_skills_production_readiness_verification_2026-04-22.md,3707,,2026-05-17T23:03:55.268Z,4
openclaw_cc_batch_agent_skills_production_readiness_verification_2026-04-22.md,1Yi_u9tXiNGOD-bM4l7TyNzB0G5B7Sjhc,Trade_AI_Docs_v2/docs/archive/2026-04-27_pre_bible/handoff_2026-04-19/openclaw_cc_batch_agent_skills_production_readiness_verification_2026-04-22.md,3707,,2026-05-17T22:46:43.403Z,4
openclaw_cc_batch_next4_polish_and_intelligence_verification_2026-04-22.md,1Eixd99VTe9kFLcB9Ju8u6xvsBdhoyJjCHxu3UYy3XjI,Trade_AI_Docs_v2/docs/_archive/archive/2026-04-27_pre_bible/handoff_2026-04-19/openclaw_cc_batch_next4_polish_and_intelligence_verification_2026-04-22.md,5609,,2026-05-21T02:55:13.158Z,4
openclaw_cc_batch_next4_polish_and_intelligence_verification_2026-04-22.md,1y5s0UIrJdtjJYPOyuEHkWqeT6NGHQnHO,Trade_AI_Docs_v2/docs/_archive/archive/2026-04-27_pre_bible/handoff_2026-04-19/openclaw_cc_batch_next4_polish_and_intelligence_verification_2026-04-22.md,5029,,2026-05-18T00:06:04.600Z,4
openclaw_cc_batch_next4_polish_and_intelligence_verification_2026-04-22.md,19vPi70Whpll6yX2NjMzRXuppE6Kq9vTp,Trade_AI_Docs_v2/docs/archive/2026-04-27_pre_bible/handoff_2026-04-19/openclaw_cc_batch_next4_polish_and_intelligence_verification_2026-04-22.md,5029,,2026-05-17T23:05:31.650Z,4
openclaw_cc_batch_next4_polish_and_intelligence_verification_2026-04-22.md,1DeGtSmY3kudxNdCxkXcMfbMNhQIrp1Jk,Trade_AI_Docs_v2/docs/archive/2026-04-27_pre_bible/handoff_2026-04-19/openclaw_cc_batch_next4_polish_and_intelligence_verification_2026-04-22.md,5029,,2026-05-17T22:48:20.245Z,4
openclaw_cc_batch_next4_verification_2026-04-22.md,1JYzYgLs_0oCw2JgGORpSuDMuBLdtekrDz_bKGeW750k,Trade_AI_Docs_v2/docs/_archive/archive/2026-04-27_pre_bible/handoff_2026-04-19/openclaw_cc_batch_next4_verification_2026-04-22.md,5798,,2026-05-21T02:54:38.224Z,4
openclaw_cc_batch_next4_verification_2026-04-22.md,1o5zWDt-QqdQJ8HlqIBcn423kWZBlxRH_,Trade_AI_Docs_v2/docs/_archive/archive/2026-04-27_pre_bible/handoff_2026-04-19/openclaw_cc_batch_next4_verification_2026-04-22.md,5092,,2026-05-18T00:05:45.743Z,4
openclaw_cc_batch_next4_verification_2026-04-22.md,1Cma3G2MVhF3qkDYJVjrA4-IpZXknLY36,Trade_AI_Docs_v2/docs/archive/2026-04-27_pre_bible/handoff_2026-04-19/openclaw_cc_batch_next4_verification_2026-04-22.md,5092,,2026-05-17T23:05:11.456Z,4
openclaw_cc_batch_next4_verification_2026-04-22.md,1idnLGRglqyOgoywmNaWiRYfoZqS23SwR,Trade_AI_Docs_v2/docs/archive/2026-04-27_pre_bible/handoff_2026-04-19/openclaw_cc_batch_next4_verification_2026-04-22.md,5092,,2026-05-17T22:47:59.105Z,4
openclaw_cc_batch_ops_hardening_and_rebalance_verification_2026-04-22.md,1sXTlgstKeaxcFFY6i2PkTQ1yvU2_rLEMA6FbaSu61cs,Trade_AI_Docs_v2/docs/_archive/archive/2026-04-27_pre_bible/handoff_2026-04-19/openclaw_cc_batch_ops_hardening_and_rebalance_verification_2026-04-22.md,6402,,2026-05-21T02:50:35.037Z,4
openclaw_cc_batch_ops_hardening_and_rebalance_verification_2026-04-22.md,1EvZhVARUY9ZlXPlCCBOV0509GtjiR9ZJ,Trade_AI_Docs_v2/docs/_archive/archive/2026-04-27_pre_bible/handoff_2026-04-19/openclaw_cc_batch_ops_hardening_and_rebalance_verification_2026-04-22.md,4988,,2026-05-18T00:03:38.890Z,4
openclaw_cc_batch_ops_hardening_and_rebalance_verification_2026-04-22.md,1jJq4ziOn-6aDvYzPpBFvHogFxLIeYw0z,Trade_AI_Docs_v2/docs/archive/2026-04-27_pre_bible/handoff_2026-04-19/openclaw_cc_batch_ops_hardening_and_rebalance_verification_2026-04-22.md,4988,,2026-05-17T23:03:02.180Z,4
openclaw_cc_batch_ops_hardening_and_rebalance_verification_2026-04-22.md,1BL94arRzpzW2J2TqLm3takTzuCJRzg03,Trade_AI_Docs_v2/docs/archive/2026-04-27_pre_bible/handoff_2026-04-19/openclaw_cc_batch_ops_hardening_and_rebalance_verification_2026-04-22.md,4988,,2026-05-17T22:45:51.960Z,4
openclaw_cc_batch_skills_orchestration_verification_2026-04-22.md,1SqEZvEaxFGqXJ90mAO0Dlhsdlmc08LU4Q8x76NcRYko,Trade_AI_Docs_v2/docs/_archive/archive/2026-04-27_pre_bible/handoff_2026-04-19/openclaw_cc_batch_skills_orchestration_verification_2026-04-22.md,5604,,2026-05-21T02:51:06.411Z,4
openclaw_cc_batch_skills_orchestration_verification_2026-04-22.md,1XPCRbl80VxDh7DsM87ZOiR-RaMjda9jz,Trade_AI_Docs_v2/docs/_archive/archive/2026-04-27_pre_bible/handoff_2026-04-19/openclaw_cc_batch_skills_orchestration_verification_2026-04-22.md,4728,,2026-05-18T00:03:54.594Z,4
openclaw_cc_batch_skills_orchestration_verification_2026-04-22.md,1LFDoX7LxmhiKAscAwsTL7cCK4tSX2lXD,Trade_AI_Docs_v2/docs/archive/2026-04-27_pre_bible/handoff_2026-04-19/openclaw_cc_batch_skills_orchestration_verification_2026-04-22.md,4728,,2026-05-17T23:03:18.202Z,4
openclaw_cc_batch_skills_orchestration_verification_2026-04-22.md,1b11OobKXpsG1t5vyqHtnVp50ha-c3rNp,Trade_AI_Docs_v2/docs/archive/2026-04-27_pre_bible/handoff_2026-04-19/openclaw_cc_batch_skills_orchestration_verification_2026-04-22.md,4728,,2026-05-17T22:46:07.921Z,4
openclaw_cc_blank_page_hotfix_verification_2026-04-22.md,1GtV1_HPrV1uyW54ICHh-f8pwfZUY4BM8ZbQh-7nX9BA,Trade_AI_Docs_v2/docs/_archive/archive/2026-04-27_pre_bible/handoff_2026-04-19/openclaw_cc_blank_page_hotfix_verification_2026-04-22.md,3588,,2026-05-21T02:52:05.833Z,4
openclaw_cc_blank_page_hotfix_verification_2026-04-22.md,13n-_eeDgYnPtuZD9OOQBD6uKAKg7jPrR,Trade_AI_Docs_v2/docs/_archive/archive/2026-04-27_pre_bible/handoff_2026-04-19/openclaw_cc_blank_page_hotfix_verification_2026-04-22.md,2590,,2026-05-18T00:04:28.767Z,4
openclaw_cc_blank_page_hotfix_verification_2026-04-22.md,12SbvUigLmh5frKzY0jI5xydZ-poic3EK,Trade_AI_Docs_v2/docs/archive/2026-04-27_pre_bible/handoff_2026-04-19/openclaw_cc_blank_page_hotfix_verification_2026-04-22.md,2590,,2026-05-17T23:03:53.396Z,4
openclaw_cc_blank_page_hotfix_verification_2026-04-22.md,1vPKaJOkiqT07VSR9t46JjnbtHc9uAsn1,Trade_AI_Docs_v2/docs/archive/2026-04-27_pre_bible/handoff_2026-04-19/openclaw_cc_blank_page_hotfix_verification_2026-04-22.md,2590,,2026-05-17T22:46:41.663Z,4
openclaw_cc_decision_intelligence_batch_verification_2026-04-22.md,1ZCzmUCJtjE53pHDkDCiLn6alHo22VeYw8h3z9LWHBhQ,Trade_AI_Docs_v2/docs/_archive/archive/2026-04-27_pre_bible/handoff_2026-04-19/openclaw_cc_decision_intelligence_batch_verification_2026-04-22.md,3833,,2026-05-21T02:54:00.452Z,4
openclaw_cc_decision_intelligence_batch_verification_2026-04-22.md,1hxSmsC2tCyHUmTuB_C-F4A45XX6_G40n,Trade_AI_Docs_v2/docs/_archive/archive/2026-04-27_pre_bible/handoff_2026-04-19/openclaw_cc_decision_intelligence_batch_verification_2026-04-22.md,2834,,2026-05-18T00:05:26.694Z,4
openclaw_cc_decision_intelligence_batch_verification_2026-04-22.md,1YVHMbAU2DaKyTvgYQC9mkbCGpxAjdKxF,Trade_AI_Docs_v2/docs/archive/2026-04-27_pre_bible/handoff_2026-04-19/openclaw_cc_decision_intelligence_batch_verification_2026-04-22.md,2834,,2026-05-17T23:04:51.993Z,4
openclaw_cc_decision_intelligence_batch_verification_2026-04-22.md,1zY_CtHYDurojIWysrxp-KRMc1GrUiJx7,Trade_AI_Docs_v2/docs/archive/2026-04-27_pre_bible/handoff_2026-04-19/openclaw_cc_decision_intelligence_batch_verification_2026-04-22.md,2834,,2026-05-17T22:47:40.028Z,4
openclaw_cc_execution_visibility_and_import_reconciliation_verification_2026-04-22.md,1x9WtftvUaMbIPLLbHpmPaXJ2JcinrROPtr2J2xRGDLg,Trade_AI_Docs_v2/docs/_archive/archive/2026-04-27_pre_bible/handoff_2026-04-19/openclaw_cc_execution_visibility_and_import_reconciliation_verification_2026-04-22.md,4498,,2026-05-21T02:49:12.051Z,4
openclaw_cc_execution_visibility_and_import_reconciliation_verification_2026-04-22.md,1jprjgd3uQzB0DTSTPy5HfukRrYp2FXZ4,Trade_AI_Docs_v2/docs/_archive/archive/2026-04-27_pre_bible/handoff_2026-04-19/openclaw_cc_execution_visibility_and_import_reconciliation_verification_2026-04-22.md,3625,,2026-05-18T00:02:57.753Z,4
openclaw_cc_execution_visibility_and_import_reconciliation_verification_2026-04-22.md,1X015HFz0YhOsOOmaF52zAeDSCnM_GnAs,Trade_AI_Docs_v2/docs/archive/2026-04-27_pre_bible/handoff_2026-04-19/openclaw_cc_execution_visibility_and_import_reconciliation_verification_2026-04-22.md,3625,,2026-05-17T23:02:21.829Z,4
openclaw_cc_execution_visibility_and_import_reconciliation_verification_2026-04-22.md,18kgnBdgI5seaxyDNGXDwFa9Io1_gVCD2,Trade_AI_Docs_v2/openclaw_cc_execution_visibility_and_import_reconciliation_verification_2026-04-22.md,3625,,2026-05-17T22:45:10.439Z,4
openclaw_cc_final_stabilization_checkpoint_verification_2026-04-22.md,1YqxhoFwq9A9gjwX5_OJw_YxIijXvs28Sr0dMdibITKY,Trade_AI_Docs_v2/docs/_archive/archive/2026-04-27_pre_bible/handoff_2026-04-19/openclaw_cc_final_stabilization_checkpoint_verification_2026-04-22.md,5518,,2026-05-21T02:58:33.872Z,4
openclaw_cc_final_stabilization_checkpoint_verification_2026-04-22.md,1yQoF_dad3hmNrx-kEHxrwxDPVYWWnYZX,Trade_AI_Docs_v2/docs/_archive/archive/2026-04-27_pre_bible/handoff_2026-04-19/openclaw_cc_final_stabilization_checkpoint_verification_2026-04-22.md,4741,,2026-05-18T00:07:46.983Z,4
openclaw_cc_final_stabilization_checkpoint_verification_2026-04-22.md,1bbnmoxzku6ZDnfvTZtlp_leCQw6q1DJZ,Trade_AI_Docs_v2/docs/archive/2026-04-27_pre_bible/handoff_2026-04-19/openclaw_cc_final_stabilization_checkpoint_verification_2026-04-22.md,4741,,2026-05-17T23:07:14.378Z,4
openclaw_cc_final_stabilization_checkpoint_verification_2026-04-22.md,1OA_aOObgGm_FUS5mOdxYEzhL3dF7BZ3S,Trade_AI_Docs_v2/docs/archive/2026-04-27_pre_bible/handoff_2026-04-19/openclaw_cc_final_stabilization_checkpoint_verification_2026-04-22.md,4741,,2026-05-17T22:50:03.594Z,4
openclaw_cc_hotfix1_deployment_report_2026-04-22.md,1to-K1P94EA7qs1X35Dy0mp86Z4-yUGpTTGxsJlBrA0Y,Trade_AI_Docs_v2/docs/_archive/archive/2026-04-27_pre_bible/handoff_2026-04-19/openclaw_cc_hotfix1_deployment_report_2026-04-22.md,5295,,2026-05-21T02:50:20.529Z,4
openclaw_cc_hotfix1_deployment_report_2026-04-22.md,19hdm8MuUX3yPhhq4_1JhdB8sxtdgdVZ5,Trade_AI_Docs_v2/docs/_archive/archive/2026-04-27_pre_bible/handoff_2026-04-19/openclaw_cc_hotfix1_deployment_report_2026-04-22.md,3571,,2026-05-18T00:03:31.934Z,4
openclaw_cc_hotfix1_deployment_report_2026-04-22.md,1mPOmian857cpSM9Sv4Hqs52AkJzZPcpt,Trade_AI_Docs_v2/docs/archive/2026-04-27_pre_bible/handoff_2026-04-19/openclaw_cc_hotfix1_deployment_report_2026-04-22.md,3571,,2026-05-17T23:02:54.725Z,4
openclaw_cc_hotfix1_deployment_report_2026-04-22.md,19rh5gif-BG-l24nMrcWTJ0-967UM49bm,Trade_AI_Docs_v2/docs/archive/2026-04-27_pre_bible/handoff_2026-04-19/openclaw_cc_hotfix1_deployment_report_2026-04-22.md,3571,,2026-05-17T22:45:44.805Z,4
openclaw_cc_hotfix1_manifest_2026-04-22.md,1KcXMLaLI_AkTyEELwwNGUq0F2C9C1i9mk9OujAyRQik,Trade_AI_Docs_v2/docs/_archive/archive/2026-04-27_pre_bible/handoff_2026-04-19/openclaw_cc_hotfix1_manifest_2026-04-22.md,2411,,2026-05-21T02:58:27.499Z,4
openclaw_cc_hotfix1_manifest_2026-04-22.md,15LWK3ctHvR_AJ3fEOznYa1hNUTb8vfqA,Trade_AI_Docs_v2/docs/_archive/archive/2026-04-27_pre_bible/handoff_2026-04-19/openclaw_cc_hotfix1_manifest_2026-04-22.md,1035,,2026-05-18T00:07:43.467Z,4
openclaw_cc_hotfix1_manifest_2026-04-22.md,1fK0mMEXNPiOwpWjmn7dXL7IEMJh5YpbN,Trade_AI_Docs_v2/docs/archive/2026-04-27_pre_bible/handoff_2026-04-19/openclaw_cc_hotfix1_manifest_2026-04-22.md,1035,,2026-05-17T23:07:10.405Z,4
openclaw_cc_hotfix1_manifest_2026-04-22.md,14j6StFA3pboARvw44MVSfwJeyT9o27LR,Trade_AI_Docs_v2/docs/archive/2026-04-27_pre_bible/handoff_2026-04-19/openclaw_cc_hotfix1_manifest_2026-04-22.md,1035,,2026-05-17T22:50:00.025Z,4
openclaw_cc_hotfix1_patch_notes_2026-04-22.md,1eiqrXlJe0wMtIynfldYQJeY8TQtU64rtCMhk-4cefgs,Trade_AI_Docs_v2/docs/_archive/archive/2026-04-27_pre_bible/handoff_2026-04-19/openclaw_cc_hotfix1_patch_notes_2026-04-22.md,3248,,2026-05-21T02:52:02.582Z,4
openclaw_cc_hotfix1_patch_notes_2026-04-22.md,1MxKiJCRr1ffJlevsaEHrlrlNpnMpUag3,Trade_AI_Docs_v2/docs/_archive/archive/2026-04-27_pre_bible/handoff_2026-04-19/openclaw_cc_hotfix1_patch_notes_2026-04-22.md,2290,,2026-05-18T00:04:27.038Z,4
openclaw_cc_hotfix1_patch_notes_2026-04-22.md,1XYWejsPXNaoQqrSG_TZNbkp3s-7Ke9n6,Trade_AI_Docs_v2/docs/archive/2026-04-27_pre_bible/handoff_2026-04-19/openclaw_cc_hotfix1_patch_notes_2026-04-22.md,2290,,2026-05-17T23:03:51.646Z,4
openclaw_cc_hotfix1_patch_notes_2026-04-22.md,1yZkxemBYOyP22PCWhI-mEE862Xsup0Et,Trade_AI_Docs_v2/docs/archive/2026-04-27_pre_bible/handoff_2026-04-19/openclaw_cc_hotfix1_patch_notes_2026-04-22.md,2290,,2026-05-17T22:46:39.877Z,4
openclaw_cc_hotfix1_verification_2026-04-22.md,12tTVA28tsIssllUjigkj67ge7cglBa1TM_lwnre3sIU,Trade_AI_Docs_v2/docs/_archive/archive/2026-04-27_pre_bible/handoff_2026-04-19/openclaw_cc_hotfix1_verification_2026-04-22.md,5383,,2026-05-21T02:58:00.590Z,4
openclaw_cc_hotfix1_verification_2026-04-22.md,1dnQETKZoc6CNzi1iAT3gXSzc5OAbTfTA,Trade_AI_Docs_v2/docs/_archive/archive/2026-04-27_pre_bible/handoff_2026-04-19/openclaw_cc_hotfix1_verification_2026-04-22.md,3800,,2026-05-18T00:07:29.715Z,4
openclaw_cc_hotfix1_verification_2026-04-22.md,1idBIZx7m3ProzQnvgPgwXlqaxOTefYgU,Trade_AI_Docs_v2/docs/archive/2026-04-27_pre_bible/handoff_2026-04-19/openclaw_cc_hotfix1_verification_2026-04-22.md,3800,,2026-05-17T23:06:56.619Z,4
openclaw_cc_hotfix1_verification_2026-04-22.md,10yIsiTIdxpg49X6ek64AKRaSiOl2v_lY,Trade_AI_Docs_v2/docs/archive/2026-04-27_pre_bible/handoff_2026-04-19/openclaw_cc_hotfix1_verification_2026-04-22.md,3800,,2026-05-17T22:49:45.326Z,4
openclaw_cc_next_data_enrichment_verification_2026-04-22.md,1hadMzoBGD60a7bbCQdOQA7EWXFF8ND6Nx1QUZECUQ5k,Trade_AI_Docs_v2/docs/_archive/archive/2026-04-27_pre_bible/handoff_2026-04-19/openclaw_cc_next_data_enrichment_verification_2026-04-22.md,6076,,2026-05-21T02:50:49.317Z,4
openclaw_cc_next_data_enrichment_verification_2026-04-22.md,1ScYZPWRo0j4RrTLzRtXrSBL7S1L0SLKQ,Trade_AI_Docs_v2/docs/_archive/archive/2026-04-27_pre_bible/handoff_2026-04-19/openclaw_cc_next_data_enrichment_verification_2026-04-22.md,5210,,2026-05-18T00:03:45.979Z,4
openclaw_cc_next_data_enrichment_verification_2026-04-22.md,1ewbapfmJQs0JFaaL96SjsTu02MDkC73l,Trade_AI_Docs_v2/docs/archive/2026-04-27_pre_bible/handoff_2026-04-19/openclaw_cc_next_data_enrichment_verification_2026-04-22.md,5210,,2026-05-17T23:03:09.374Z,4
openclaw_cc_next_data_enrichment_verification_2026-04-22.md,1Gqfoc2NLWjObUzgmokCgK5mXFqXZgCwA,Trade_AI_Docs_v2/docs/archive/2026-04-27_pre_bible/handoff_2026-04-19/openclaw_cc_next_data_enrichment_verification_2026-04-22.md,5210,,2026-05-17T22:45:58.979Z,4
openclaw_cc_next_stabilization_enrichment_verification_2026-04-22.md,1P122tOixqV_CNsPo5pR4WSfJjsSSCJiMbCB_M9vXKx0,Trade_AI_Docs_v2/docs/_archive/archive/2026-04-27_pre_bible/handoff_2026-04-19/openclaw_cc_next_stabilization_enrichment_verification_2026-04-22.md,6165,,2026-05-21T02:55:06.278Z,4
openclaw_cc_next_stabilization_enrichment_verification_2026-04-22.md,1Qq-oTpTPKtPbWtcZmEirZIp8uorKmTQB,Trade_AI_Docs_v2/docs/_archive/archive/2026-04-27_pre_bible/handoff_2026-04-19/openclaw_cc_next_stabilization_enrichment_verification_2026-04-22.md,5508,,2026-05-18T00:06:01.254Z,4
openclaw_cc_next_stabilization_enrichment_verification_2026-04-22.md,1cS61hpD0hu4ZuAJG_hsuaKwAebVPM7bD,Trade_AI_Docs_v2/docs/archive/2026-04-27_pre_bible/handoff_2026-04-19/openclaw_cc_next_stabilization_enrichment_verification_2026-04-22.md,5508,,2026-05-17T23:05:27.926Z,4
openclaw_cc_next_stabilization_enrichment_verification_2026-04-22.md,1_sl1ZpuRx3NYOgAKn3VXA2k-jYGpTYZg,Trade_AI_Docs_v2/docs/archive/2026-04-27_pre_bible/handoff_2026-04-19/openclaw_cc_next_stabilization_enrichment_verification_2026-04-22.md,5508,,2026-05-17T22:48:16.693Z,4
openclaw_cc_operational_intelligence_batch_verification_2026-04-22.md,1GGt9E_uuy6u5oZzBEb4UDBukoFCjRbc1qjR54aAk6_M,Trade_AI_Docs_v2/docs/_archive/archive/2026-04-27_pre_bible/handoff_2026-04-19/openclaw_cc_operational_intelligence_batch_verification_2026-04-22.md,4664,,2026-05-21T02:51:30.669Z,4
openclaw_cc_operational_intelligence_batch_verification_2026-04-22.md,1kozH-6HGuyjZ7NrMP0OmjuvrJGw1zo41,Trade_AI_Docs_v2/docs/_archive/archive/2026-04-27_pre_bible/handoff_2026-04-19/openclaw_cc_operational_intelligence_batch_verification_2026-04-22.md,3994,,2026-05-18T00:04:06.628Z,4
openclaw_cc_operational_intelligence_batch_verification_2026-04-22.md,1Zr7hPyZZ8jbpYrP8S-_w1eZgI9EJ6Dqd,Trade_AI_Docs_v2/docs/archive/2026-04-27_pre_bible/handoff_2026-04-19/openclaw_cc_operational_intelligence_batch_verification_2026-04-22.md,3994,,2026-05-17T23:03:31.423Z,4
openclaw_cc_operational_intelligence_batch_verification_2026-04-22.md,1ZM-LM0P6BSJz6Nt1jxdhFS-CVNFbRA7C,Trade_AI_Docs_v2/docs/archive/2026-04-27_pre_bible/handoff_2026-04-19/openclaw_cc_operational_intelligence_batch_verification_2026-04-22.md,3994,,2026-05-17T22:46:20.394Z,4
openclaw_cc_polish_pass_verification_2026-04-23.md,1fd54DmjYqlKP13XR1JNbw3msv78yx3-SAx8_awH4xlE,Trade_AI_Docs_v2/docs/_archive/archive/2026-04-27_pre_bible/handoff_2026-04-19/openclaw_cc_polish_pass_verification_2026-04-23.md,4145,,2026-05-21T02:55:40.713Z,4
openclaw_cc_polish_pass_verification_2026-04-23.md,19g95oeLBlKqFU7kX0hiGPjBhjY0m0rOG,Trade_AI_Docs_v2/docs/_archive/archive/2026-04-27_pre_bible/handoff_2026-04-19/openclaw_cc_polish_pass_verification_2026-04-23.md,2966,,2026-05-18T00:06:18.359Z,4
openclaw_cc_polish_pass_verification_2026-04-23.md,1qTo4yfOksXAGn_R5JNKMwmaBcQNCswUe,Trade_AI_Docs_v2/docs/archive/2026-04-27_pre_bible/handoff_2026-04-19/openclaw_cc_polish_pass_verification_2026-04-23.md,2966,,2026-05-17T23:05:45.770Z,4
openclaw_cc_polish_pass_verification_2026-04-23.md,158874-GEBRHD-x2lhnhmJ-84_yW7uU7D,Trade_AI_Docs_v2/docs/archive/2026-04-27_pre_bible/handoff_2026-04-19/openclaw_cc_polish_pass_verification_2026-04-23.md,2966,,2026-05-17T22:48:34.543Z,4
openclaw_cc_redesign_deployment_verification_2026-04-22.md,1RZsKbm5d9qeACsZ1VxGmnbnunrZAbc23AhYAAPxxPug,Trade_AI_Docs_v2/docs/_archive/archive/2026-04-27_pre_bible/handoff_2026-04-19/openclaw_cc_redesign_deployment_verification_2026-04-22.md,5746,,2026-05-21T02:57:27.141Z,4
openclaw_cc_redesign_deployment_verification_2026-04-22.md,1-3cW1tVjE2EXRw7ctnfGcFqjf0ULb9I_,Trade_AI_Docs_v2/docs/_archive/archive/2026-04-27_pre_bible/handoff_2026-04-19/openclaw_cc_redesign_deployment_verification_2026-04-22.md,4107,,2026-05-18T00:07:11.859Z,4
openclaw_cc_redesign_deployment_verification_2026-04-22.md,1c5PGGgGGOENwk3MQC7bQ7XoCL319KVzO,Trade_AI_Docs_v2/docs/archive/2026-04-27_pre_bible/handoff_2026-04-19/openclaw_cc_redesign_deployment_verification_2026-04-22.md,4107,,2026-05-17T23:06:38.881Z,4
openclaw_cc_redesign_deployment_verification_2026-04-22.md,1qX_60PQZnAkAltmF1gTw0e1nl8r5xgxb,Trade_AI_Docs_v2/docs/archive/2026-04-27_pre_bible/handoff_2026-04-19/openclaw_cc_redesign_deployment_verification_2026-04-22.md,4107,,2026-05-17T22:49:27.333Z,4
openclaw_cc_redesign_manifest_2026-04-22.md,1FmhxAHItvy_--L-Q0claJ014mjOXzrYp7NwOZYBKmHU,Trade_AI_Docs_v2/docs/_archive/archive/2026-04-27_pre_bible/handoff_2026-04-19/openclaw_cc_redesign_manifest_2026-04-22.md,2063,,2026-05-21T02:59:33.086Z,4
openclaw_cc_redesign_manifest_2026-04-22.md,1Cz4lfw5HTRsFKNQD7u_SN4hPXj_KRcfc,Trade_AI_Docs_v2/docs/_archive/archive/2026-04-27_pre_bible/handoff_2026-04-19/openclaw_cc_redesign_manifest_2026-04-22.md,1053,,2026-05-18T00:08:17.276Z,4
openclaw_cc_redesign_manifest_2026-04-22.md,1k8ZTO86zSN2aZC19HWKAoxtfWQWig4Q1,Trade_AI_Docs_v2/docs/archive/2026-04-27_pre_bible/handoff_2026-04-19/openclaw_cc_redesign_manifest_2026-04-22.md,1053,,2026-05-17T23:07:45.343Z,4
openclaw_cc_redesign_manifest_2026-04-22.md,1-7fDInrue8yL-xJ2dSAaDk2fX5oee-uQ,Trade_AI_Docs_v2/docs/archive/2026-04-27_pre_bible/handoff_2026-04-19/openclaw_cc_redesign_manifest_2026-04-22.md,1053,,2026-05-17T22:50:33.515Z,4
openclaw_cc_redesign_rollback_verification_2026-04-22.md,1QqJ01FQP3ckHPy7vVL8DeLj77j4gE7nNp_IBibrgovQ,Trade_AI_Docs_v2/docs/_archive/archive/2026-04-27_pre_bible/handoff_2026-04-19/openclaw_cc_redesign_rollback_verification_2026-04-22.md,3689,,2026-05-21T02:52:55.898Z,4
openclaw_cc_redesign_rollback_verification_2026-04-22.md,1X8JQawXMhg_-kY9FdI8o2Y_c0DNkQI9i,Trade_AI_Docs_v2/docs/_archive/archive/2026-04-27_pre_bible/handoff_2026-04-19/openclaw_cc_redesign_rollback_verification_2026-04-22.md,2128,,2026-05-18T00:04:53.434Z,4
openclaw_cc_redesign_rollback_verification_2026-04-22.md,1wh6O_e7_k8lFm97pdRbjnaO6ykxiIRoU,Trade_AI_Docs_v2/docs/archive/2026-04-27_pre_bible/handoff_2026-04-19/openclaw_cc_redesign_rollback_verification_2026-04-22.md,2128,,2026-05-17T23:04:17.986Z,4
openclaw_cc_redesign_rollback_verification_2026-04-22.md,1f3qaDW8DOMIMY5zeCDr5RGSG8wNuk3pa,Trade_AI_Docs_v2/docs/archive/2026-04-27_pre_bible/handoff_2026-04-19/openclaw_cc_redesign_rollback_verification_2026-04-22.md,2128,,2026-05-17T22:47:06.199Z,4
openclaw_cc_reports_route_fix_verification_2026-04-22.md,1KyT5E0fdY2t6031yZeHqUvScH5t2zIcsJs9f_48Y1i4,Trade_AI_Docs_v2/docs/_archive/archive/2026-04-27_pre_bible/handoff_2026-04-19/openclaw_cc_reports_route_fix_verification_2026-04-22.md,4751,,2026-05-21T02:54:17.012Z,4
openclaw_cc_reports_route_fix_verification_2026-04-22.md,1Nml5yg9IUhJ-sakjKACSuatoiaMYXLFb,Trade_AI_Docs_v2/docs/_archive/archive/2026-04-27_pre_bible/handoff_2026-04-19/openclaw_cc_reports_route_fix_verification_2026-04-22.md,3694,,2026-05-18T00:05:35.323Z,4
openclaw_cc_reports_route_fix_verification_2026-04-22.md,1MpOKJrnZHQtyc_etZTjFZp2lmJwDUSLm,Trade_AI_Docs_v2/docs/archive/2026-04-27_pre_bible/handoff_2026-04-19/openclaw_cc_reports_route_fix_verification_2026-04-22.md,3694,,2026-05-17T23:05:00.968Z,4
openclaw_cc_reports_route_fix_verification_2026-04-22.md,1HlqWHDr1j3M8KA-kAYuinfhUXFxEuSR3,Trade_AI_Docs_v2/docs/archive/2026-04-27_pre_bible/handoff_2026-04-19/openclaw_cc_reports_route_fix_verification_2026-04-22.md,3694,,2026-05-17T22:47:48.943Z,4
openclaw_cc_stabilization_batch_next_verification_2026-04-22.md,1a3G56WuVJNRTbgIo04xOAfvIMESetxxXdlvtlZot8FU,Trade_AI_Docs_v2/docs/_archive/archive/2026-04-27_pre_bible/handoff_2026-04-19/openclaw_cc_stabilization_batch_next_verification_2026-04-22.md,5317,,2026-05-21T03:01:06.050Z,3
openclaw_cc_stabilization_batch_next_verification_2026-04-22.md,1nXF2sPvx_ywM9-O1Q74SkSE-QKl_EFCW,Trade_AI_Docs_v2/docs/_archive/archive/2026-04-27_pre_bible/handoff_2026-04-19/openclaw_cc_stabilization_batch_next_verification_2026-04-22.md,4385,,2026-05-18T00:09:01.803Z,3
openclaw_cc_stabilization_batch_next_verification_2026-04-22.md,1bZDIUnu2dp_fBQb10r9eW71rNgMDakbN,Trade_AI_Docs_v2/docs/archive/2026-04-27_pre_bible/handoff_2026-04-19/openclaw_cc_stabilization_batch_next_verification_2026-04-22.md,4385,,2026-05-17T22:51:16.322Z,3
openclaw_cc_stabilization_direct_patch_verification_2026-04-22.md,1jIu7yg1qkaoCk5pvGCJQPClMvz-JbRxSKhTPjjHgCWk,Trade_AI_Docs_v2/docs/_archive/archive/2026-04-27_pre_bible/handoff_2026-04-19/openclaw_cc_stabilization_direct_patch_verification_2026-04-22.md,6460,,2026-05-21T03:00:49.667Z,3
openclaw_cc_stabilization_direct_patch_verification_2026-04-22.md,1FRcBYb_qcEqFR5kCvFus7HU1Mu8fAzeH,Trade_AI_Docs_v2/docs/_archive/archive/2026-04-27_pre_bible/handoff_2026-04-19/openclaw_cc_stabilization_direct_patch_verification_2026-04-22.md,5552,,2026-05-18T00:08:51.841Z,3
openclaw_cc_stabilization_direct_patch_verification_2026-04-22.md,1bS8OzHQC1n9kmmxN1Z60tiDHHGb_IYo_,Trade_AI_Docs_v2/docs/archive/2026-04-27_pre_bible/handoff_2026-04-19/openclaw_cc_stabilization_direct_patch_verification_2026-04-22.md,5552,,2026-05-17T22:51:07.345Z,3
openclaw_cc_tradeai_fix_deployment_verification_2026-04-22.md,1MYove-iLtY1YddKfUNIuO4dzvFHJfQrWfSxFriBVtpY,Trade_AI_Docs_v2/docs/_archive/archive/2026-04-27_pre_bible/handoff_2026-04-19/openclaw_cc_tradeai_fix_deployment_verification_2026-04-22.md,6208,,2026-05-21T02:51:58.847Z,4
openclaw_cc_tradeai_fix_deployment_verification_2026-04-22.md,1RQ0Pu0LRVeMflE_6rl_2EpWS-3YmJGK4,Trade_AI_Docs_v2/docs/_archive/archive/2026-04-27_pre_bible/handoff_2026-04-19/openclaw_cc_tradeai_fix_deployment_verification_2026-04-22.md,3960,,2026-05-18T00:04:25.095Z,4
openclaw_cc_tradeai_fix_deployment_verification_2026-04-22.md,10O4bi3C4tM2CONH2QFcHiSHaOgcksRW0,Trade_AI_Docs_v2/docs/archive/2026-04-27_pre_bible/handoff_2026-04-19/openclaw_cc_tradeai_fix_deployment_verification_2026-04-22.md,3960,,2026-05-17T23:03:49.424Z,4
openclaw_cc_tradeai_fix_deployment_verification_2026-04-22.md,17Oc3cS2EN2YG_5427CeysNdyYEGqlPRo,Trade_AI_Docs_v2/docs/archive/2026-04-27_pre_bible/handoff_2026-04-19/openclaw_cc_tradeai_fix_deployment_verification_2026-04-22.md,3960,,2026-05-17T22:46:37.864Z,4
openclaw_cc_tradeai_fix_patch_notes_2026-04-22.md,19nHba1JNEVGOPXoPRfbGH4yWJHMTjO29VjnX4wrfNWo,Trade_AI_Docs_v2/docs/_archive/archive/2026-04-27_pre_bible/handoff_2026-04-19/openclaw_cc_tradeai_fix_patch_notes_2026-04-22.md,2591,,2026-05-21T02:58:14.062Z,4
openclaw_cc_tradeai_fix_patch_notes_2026-04-22.md,1lDRPC-RwEDIYLjuXYJYq9qw1n3T1XG9V,Trade_AI_Docs_v2/docs/_archive/archive/2026-04-27_pre_bible/handoff_2026-04-19/openclaw_cc_tradeai_fix_patch_notes_2026-04-22.md,1407,,2026-05-18T00:07:36.566Z,4
openclaw_cc_tradeai_fix_patch_notes_2026-04-22.md,1mJ4nPBcbP7Dkn24bJMpYhuOCUVox77BF,Trade_AI_Docs_v2/docs/archive/2026-04-27_pre_bible/handoff_2026-04-19/openclaw_cc_tradeai_fix_patch_notes_2026-04-22.md,1407,,2026-05-17T23:07:03.464Z,4
openclaw_cc_tradeai_fix_patch_notes_2026-04-22.md,1DgD1PHXBHU3mWVpo4CbfuMiufDpV2FON,Trade_AI_Docs_v2/docs/archive/2026-04-27_pre_bible/handoff_2026-04-19/openclaw_cc_tradeai_fix_patch_notes_2026-04-22.md,1407,,2026-05-17T22:49:52.776Z,4
openclaw_cc_tradeai_fix_verification_2026-04-22.md,1KcJ25TZKQz9dH0YMQZNtXCYj3x5HYpyLXqlxfB20dC4,Trade_AI_Docs_v2/docs/_archive/archive/2026-04-27_pre_bible/handoff_2026-04-19/openclaw_cc_tradeai_fix_verification_2026-04-22.md,4390,,2026-05-21T02:58:20.680Z,4
openclaw_cc_tradeai_fix_verification_2026-04-22.md,1C_YVuLAhK6yAl7N5jfdfY4QXpinYVM5r,Trade_AI_Docs_v2/docs/_archive/archive/2026-04-27_pre_bible/handoff_2026-04-19/openclaw_cc_tradeai_fix_verification_2026-04-22.md,2779,,2026-05-18T00:07:40.024Z,4
openclaw_cc_tradeai_fix_verification_2026-04-22.md,1JbDtoKG---Ai8mwEspEkQ-Mnz7ulPOt1,Trade_AI_Docs_v2/docs/archive/2026-04-27_pre_bible/handoff_2026-04-19/openclaw_cc_tradeai_fix_verification_2026-04-22.md,2779,,2026-05-17T23:07:06.941Z,4
openclaw_cc_tradeai_fix_verification_2026-04-22.md,16IiiGS0gzy28vQR5P7xrzN86XYOtHVVX,Trade_AI_Docs_v2/docs/archive/2026-04-27_pre_bible/handoff_2026-04-19/openclaw_cc_tradeai_fix_verification_2026-04-22.md,2779,,2026-05-17T22:49:56.383Z,4
openclaw_cc_v2_redesign_patch_notes_2026-04-22.md,10c4p6L-UvBGWZgscINuCDpFPU7YW35miNusj7YFAsBs,Trade_AI_Docs_v2/docs/_archive/archive/2026-04-27_pre_bible/handoff_2026-04-19/openclaw_cc_v2_redesign_patch_notes_2026-04-22.md,4946,,2026-05-21T02:54:30.804Z,4
openclaw_cc_v2_redesign_patch_notes_2026-04-22.md,1379Ssf658RS4dwJXfPYdsu9imIUkaNTs,Trade_AI_Docs_v2/docs/_archive/archive/2026-04-27_pre_bible/handoff_2026-04-19/openclaw_cc_v2_redesign_patch_notes_2026-04-22.md,4118,,2026-05-18T00:05:42.241Z,4
openclaw_cc_v2_redesign_patch_notes_2026-04-22.md,1-pt0vfyBz4r3y9pmGF0Ha-RMXUTwxbY1,Trade_AI_Docs_v2/docs/archive/2026-04-27_pre_bible/handoff_2026-04-19/openclaw_cc_v2_redesign_patch_notes_2026-04-22.md,4118,,2026-05-17T23:05:08.111Z,4
openclaw_cc_v2_redesign_patch_notes_2026-04-22.md,1ahsH1-VtpV60S3lggnCsfs3AlK6SZZbU,Trade_AI_Docs_v2/docs/archive/2026-04-27_pre_bible/handoff_2026-04-19/openclaw_cc_v2_redesign_patch_notes_2026-04-22.md,4118,,2026-05-17T22:47:55.730Z,4
openclaw_cc_workflow_completion_followup_verification_2026-04-22.md,1o2F_c8Ed36V8RsWGhHuZgELhD03PDTM6D_tlCvIIcnk,Trade_AI_Docs_v2/docs/_archive/archive/2026-04-27_pre_bible/handoff_2026-04-19/openclaw_cc_workflow_completion_followup_verification_2026-04-22.md,4411,,2026-05-21T02:55:02.900Z,4
openclaw_cc_workflow_completion_followup_verification_2026-04-22.md,1_wiWnEfB12vNnQ9HXR08RNAW6o0IHWAY,Trade_AI_Docs_v2/docs/_archive/archive/2026-04-27_pre_bible/handoff_2026-04-19/openclaw_cc_workflow_completion_followup_verification_2026-04-22.md,3586,,2026-05-18T00:05:59.437Z,4
openclaw_cc_workflow_completion_followup_verification_2026-04-22.md,1XcLS1O5LRcxazNazOO4ZIzAicotejTXR,Trade_AI_Docs_v2/docs/archive/2026-04-27_pre_bible/handoff_2026-04-19/openclaw_cc_workflow_completion_followup_verification_2026-04-22.md,3586,,2026-05-17T23:05:26.161Z,4
openclaw_cc_workflow_completion_followup_verification_2026-04-22.md,1iY0CcWjxu6hPc7vZMGKQltu0RvXbLUJ3,Trade_AI_Docs_v2/docs/archive/2026-04-27_pre_bible/handoff_2026-04-19/openclaw_cc_workflow_completion_followup_verification_2026-04-22.md,3586,,2026-05-17T22:48:14.955Z,4
openclaw_command_center_content_parity_checklist_2026-04-21.md,1BDkBl1DiAY-XDZohS8TT2FoBSKGZomiv7nJwPWogZpY,Trade_AI_Docs_v2/docs/_archive/archive/2026-04-27_pre_bible/handoff_2026-04-19/openclaw_command_center_content_parity_checklist_2026-04-21.md,18550,,2026-05-21T02:55:56.044Z,4
openclaw_command_center_content_parity_checklist_2026-04-21.md,1gonkZiD7PVMDtn9XJdUMwOMCgqccX_Zp,Trade_AI_Docs_v2/docs/_archive/archive/2026-04-27_pre_bible/handoff_2026-04-19/openclaw_command_center_content_parity_checklist_2026-04-21.md,19906,,2026-05-18T00:06:25.034Z,4
openclaw_command_center_content_parity_checklist_2026-04-21.md,1ny-Hy1oUpt6LtzGfTpZ1tteoJxm_y5Wa,Trade_AI_Docs_v2/docs/archive/2026-04-27_pre_bible/handoff_2026-04-19/openclaw_command_center_content_parity_checklist_2026-04-21.md,19906,,2026-05-17T23:05:53.046Z,4
openclaw_command_center_content_parity_checklist_2026-04-21.md,1zN0JO-rPLDb5bitlwIn6mc-e3Sqj8LaG,Trade_AI_Docs_v2/docs/archive/2026-04-27_pre_bible/handoff_2026-04-19/openclaw_command_center_content_parity_checklist_2026-04-21.md,19906,,2026-05-17T22:48:41.879Z,4
openclaw_command_center_v2_api_verification_2026-04-21.md,1b57OU0BTKbJABT9eU9zk_BLD513lyvsdeH-y9wxRVF8,Trade_AI_Docs_v2/docs/_archive/archive/2026-04-27_pre_bible/handoff_2026-04-19/openclaw_command_center_v2_api_verification_2026-04-21.md,5671,,2026-05-21T03:00:45.861Z,3
openclaw_command_center_v2_api_verification_2026-04-21.md,14f0s47QLUQTTgaeQRA-g_gd5hYV9QC4P,Trade_AI_Docs_v2/docs/_archive/archive/2026-04-27_pre_bible/handoff_2026-04-19/openclaw_command_center_v2_api_verification_2026-04-21.md,4513,,2026-05-18T00:08:50.234Z,3
openclaw_command_center_v2_api_verification_2026-04-21.md,1kcdu10TR6zFotR8Pi9cDMxdAKa7fIwxA,Trade_AI_Docs_v2/docs/archive/2026-04-27_pre_bible/handoff_2026-04-19/openclaw_command_center_v2_api_verification_2026-04-21.md,4513,,2026-05-17T22:51:05.716Z,3
openclaw_command_center_v2_core_pages_verification_2026-04-21.md,1MgkR3DkT9Ax3uzBXb_YOeAhSqhloYhIM84BgRLyBA5A,Trade_AI_Docs_v2/docs/_archive/archive/2026-04-27_pre_bible/handoff_2026-04-19/openclaw_command_center_v2_core_pages_verification_2026-04-21.md,6164,,2026-05-21T02:58:30.605Z,4
openclaw_command_center_v2_core_pages_verification_2026-04-21.md,1ElH57v0ROkDtccRqhuvmHGkC90gKoTEM,Trade_AI_Docs_v2/docs/_archive/archive/2026-04-27_pre_bible/handoff_2026-04-19/openclaw_command_center_v2_core_pages_verification_2026-04-21.md,5168,,2026-05-18T00:07:45.189Z,4
openclaw_command_center_v2_core_pages_verification_2026-04-21.md,13ZIRFwZ85ERB3mVwpHoM7B1apnXMfhcV,Trade_AI_Docs_v2/docs/archive/2026-04-27_pre_bible/handoff_2026-04-19/openclaw_command_center_v2_core_pages_verification_2026-04-21.md,5168,,2026-05-17T23:07:12.243Z,4
openclaw_command_center_v2_core_pages_verification_2026-04-21.md,13rBiuSj6eDk2B0xt-ROBPH38yg6QUf4X,Trade_AI_Docs_v2/docs/archive/2026-04-27_pre_bible/handoff_2026-04-19/openclaw_command_center_v2_core_pages_verification_2026-04-21.md,5168,,2026-05-17T22:50:01.782Z,4
openclaw_command_center_v2_foundation_verification_2026-04-21.md,1KoXRla25miGxahfSzyXF-s8ul_Lqoa4KJgvDtoXHhIE,Trade_AI_Docs_v2/docs/_archive/archive/2026-04-27_pre_bible/handoff_2026-04-19/openclaw_command_center_v2_foundation_verification_2026-04-21.md,7535,,2026-05-21T02:53:09.329Z,4
openclaw_command_center_v2_foundation_verification_2026-04-21.md,1bvQOwljSBXY0yZdPb6kVcUC62jR15XHZ,Trade_AI_Docs_v2/docs/_archive/archive/2026-04-27_pre_bible/handoff_2026-04-19/openclaw_command_center_v2_foundation_verification_2026-04-21.md,4325,,2026-05-18T00:05:00.291Z,4
openclaw_command_center_v2_foundation_verification_2026-04-21.md,10fE8l-LyFMLmh6VnMyyvXXmHMplP3o9b,Trade_AI_Docs_v2/docs/archive/2026-04-27_pre_bible/handoff_2026-04-19/openclaw_command_center_v2_foundation_verification_2026-04-21.md,4325,,2026-05-17T23:04:25.084Z,4
openclaw_command_center_v2_foundation_verification_2026-04-21.md,1W-JpFH9hVxPCeeEfCsNZ9SnC_I_5dj1m,Trade_AI_Docs_v2/docs/archive/2026-04-27_pre_bible/handoff_2026-04-19/openclaw_command_center_v2_foundation_verification_2026-04-21.md,4325,,2026-05-17T22:47:13.117Z,4
openclaw_command_center_v2_gap_analysis_2026-04-21.md,1uKBWzwSqdxMwdBkAEjjt6GbgZr30TXcgTjxqgwAesUc,Trade_AI_Docs_v2/docs/_archive/archive/2026-04-27_pre_bible/handoff_2026-04-19/openclaw_command_center_v2_gap_analysis_2026-04-21.md,10586,,2026-05-21T02:51:16.864Z,4
openclaw_command_center_v2_gap_analysis_2026-04-21.md,1nPdxCdRfXnMxO8WpSDNMnbtTri8W85fX,Trade_AI_Docs_v2/docs/_archive/archive/2026-04-27_pre_bible/handoff_2026-04-19/openclaw_command_center_v2_gap_analysis_2026-04-21.md,8679,,2026-05-18T00:03:59.881Z,4
openclaw_command_center_v2_gap_analysis_2026-04-21.md,16mvdyAO9dZ5RY1hwySAitjpnL7Jrtsv9,Trade_AI_Docs_v2/docs/archive/2026-04-27_pre_bible/handoff_2026-04-19/openclaw_command_center_v2_gap_analysis_2026-04-21.md,8679,,2026-05-17T23:03:23.482Z,4
openclaw_command_center_v2_gap_analysis_2026-04-21.md,1yKQmZ1YqvWF8Wqqqr1M6f24afdMolK6f,Trade_AI_Docs_v2/docs/archive/2026-04-27_pre_bible/handoff_2026-04-19/openclaw_command_center_v2_gap_analysis_2026-04-21.md,8679,,2026-05-17T22:46:13.305Z,4
openclaw_command_center_v2_modal_parity_batch1_verification_2026-04-22.md,1pGNPxG382noQwU0zRXGsZVs_LzleYlbooxx66F2d1_Q,Trade_AI_Docs_v2/docs/_archive/archive/2026-04-27_pre_bible/handoff_2026-04-19/openclaw_command_center_v2_modal_parity_batch1_verification_2026-04-22.md,8743,,2026-05-21T02:50:38.748Z,4
openclaw_command_center_v2_modal_parity_batch1_verification_2026-04-22.md,1pTTB2Q3wFjVu8OXgL13VyiPPz6vNSUVY,Trade_AI_Docs_v2/docs/_archive/archive/2026-04-27_pre_bible/handoff_2026-04-19/openclaw_command_center_v2_modal_parity_batch1_verification_2026-04-22.md,8017,,2026-05-18T00:03:40.505Z,4
openclaw_command_center_v2_modal_parity_batch1_verification_2026-04-22.md,13dnCXqrRE47hlUrxgZBmanxA4aS-RmKu,Trade_AI_Docs_v2/docs/archive/2026-04-27_pre_bible/handoff_2026-04-19/openclaw_command_center_v2_modal_parity_batch1_verification_2026-04-22.md,8017,,2026-05-17T23:03:03.848Z,4
openclaw_command_center_v2_modal_parity_batch1_verification_2026-04-22.md,1Xb8c5wtMAh9ZirC8UI3x23V5F-7KGqEd,Trade_AI_Docs_v2/docs/archive/2026-04-27_pre_bible/handoff_2026-04-19/openclaw_command_center_v2_modal_parity_batch1_verification_2026-04-22.md,8017,,2026-05-17T22:45:53.659Z,4
openclaw_command_center_v2_modal_parity_batch2_verification_2026-04-22.md,1QPLbPhr3H7PQHT0t1Nj5AF3A7zWA5AY90JIYHGSST3Q,Trade_AI_Docs_v2/docs/_archive/archive/2026-04-27_pre_bible/handoff_2026-04-19/openclaw_command_center_v2_modal_parity_batch2_verification_2026-04-22.md,9074,,2026-05-21T02:50:42.258Z,4
openclaw_command_center_v2_modal_parity_batch2_verification_2026-04-22.md,16CzDMOxyTSmKq8pMvILPIXftcg-xsrg4,Trade_AI_Docs_v2/docs/_archive/archive/2026-04-27_pre_bible/handoff_2026-04-19/openclaw_command_center_v2_modal_parity_batch2_verification_2026-04-22.md,9101,,2026-05-18T00:03:42.121Z,4
openclaw_command_center_v2_modal_parity_batch2_verification_2026-04-22.md,1_hx2wOtUrW-yLkf43QcC-Q5KIGUhNtug,Trade_AI_Docs_v2/docs/archive/2026-04-27_pre_bible/handoff_2026-04-19/openclaw_command_center_v2_modal_parity_batch2_verification_2026-04-22.md,9101,,2026-05-17T23:03:05.702Z,4
openclaw_command_center_v2_modal_parity_batch2_verification_2026-04-22.md,1SXNbjifELCBLeXlEG_UKjlRcjDI5ftBN,Trade_AI_Docs_v2/docs/archive/2026-04-27_pre_bible/handoff_2026-04-19/openclaw_command_center_v2_modal_parity_batch2_verification_2026-04-22.md,9101,,2026-05-17T22:45:55.532Z,4
openclaw_command_center_v2_ops_pages_verification_2026-04-21.md,15HJqzedNHIdVozv-q8O4P4PY4KpqV0GzUJPmHdzBwW4,Trade_AI_Docs_v2/docs/_archive/archive/2026-04-27_pre_bible/handoff_2026-04-19/openclaw_command_center_v2_ops_pages_verification_2026-04-21.md,5485,,2026-05-21T02:50:16.957Z,4
openclaw_command_center_v2_ops_pages_verification_2026-04-21.md,1h3RdDn14iH6IZu-avAkEEGVCjwGJeorC,Trade_AI_Docs_v2/docs/_archive/archive/2026-04-27_pre_bible/handoff_2026-04-19/openclaw_command_center_v2_ops_pages_verification_2026-04-21.md,4270,,2026-05-18T00:03:30.366Z,4
openclaw_command_center_v2_ops_pages_verification_2026-04-21.md,1RYNFb1PUxiXA20Y3QNH2zuMJ30mNzPF4,Trade_AI_Docs_v2/docs/archive/2026-04-27_pre_bible/handoff_2026-04-19/openclaw_command_center_v2_ops_pages_verification_2026-04-21.md,4270,,2026-05-17T23:02:52.987Z,4
openclaw_command_center_v2_ops_pages_verification_2026-04-21.md,1iYXl3LFV-QWmrVfrfI7wT3zI4gAq4Vg0,Trade_AI_Docs_v2/docs/archive/2026-04-27_pre_bible/handoff_2026-04-19/openclaw_command_center_v2_ops_pages_verification_2026-04-21.md,4270,,2026-05-17T22:45:43.057Z,4
openclaw_command_center_v2_p1_content_batch1_verification_2026-04-22.md,1PMeJp0EmAzC-4-2PkK42Kz5u7-XNBHstHRQ6q7dV5FE,Trade_AI_Docs_v2/docs/_archive/archive/2026-04-27_pre_bible/handoff_2026-04-19/openclaw_command_center_v2_p1_content_batch1_verification_2026-04-22.md,8283,,2026-05-21T03:00:59.592Z,3
openclaw_command_center_v2_p1_content_batch1_verification_2026-04-22.md,122rpiBtdCSrJk_O_kwjqjxmYnP-byCiO,Trade_AI_Docs_v2/docs/_archive/archive/2026-04-27_pre_bible/handoff_2026-04-19/openclaw_command_center_v2_p1_content_batch1_verification_2026-04-22.md,8669,,2026-05-18T00:08:58.024Z,3
openclaw_command_center_v2_p1_content_batch1_verification_2026-04-22.md,18mK-mQxVBMcctmJD3zZY00fWYd5u5Ysx,Trade_AI_Docs_v2/docs/archive/2026-04-27_pre_bible/handoff_2026-04-19/openclaw_command_center_v2_p1_content_batch1_verification_2026-04-22.md,8669,,2026-05-17T22:51:12.817Z,3
openclaw_command_center_v2_reports_integration_verification_2026-04-21.md,114Jje4A4CRywqEkwZlInDxMMagFuoJTHJFYOF-h1wlM,Trade_AI_Docs_v2/docs/_archive/archive/2026-04-27_pre_bible/handoff_2026-04-19/openclaw_command_center_v2_reports_integration_verification_2026-04-21.md,5580,,2026-05-21T03:00:05.910Z,4
openclaw_command_center_v2_reports_integration_verification_2026-04-21.md,1-M7lbKIQN_U-GEGthirPVTDzM3LyUHWY,Trade_AI_Docs_v2/docs/_archive/archive/2026-04-27_pre_bible/handoff_2026-04-19/openclaw_command_center_v2_reports_integration_verification_2026-04-21.md,3852,,2026-05-18T00:08:34.949Z,4
openclaw_command_center_v2_reports_integration_verification_2026-04-21.md,1f3KGDNy72uoRnIANd-bY9xKoNDiIapUQ,Trade_AI_Docs_v2/docs/archive/2026-04-27_pre_bible/handoff_2026-04-19/openclaw_command_center_v2_reports_integration_verification_2026-04-21.md,3852,,2026-05-17T23:08:01.333Z,4
openclaw_command_center_v2_reports_integration_verification_2026-04-21.md,1b0YIZbT5C7dvatwdokAuVVipBT_4QPhc,Trade_AI_Docs_v2/docs/archive/2026-04-27_pre_bible/handoff_2026-04-19/openclaw_command_center_v2_reports_integration_verification_2026-04-21.md,3852,,2026-05-17T22:50:49.776Z,4
openclaw_command_center_v2_service_verification_2026-04-21.md,1K6R1epS9nsyC8zh0EncP216SG-8AVuiIwqTbaWzOqRc,Trade_AI_Docs_v2/docs/_archive/archive/2026-04-27_pre_bible/handoff_2026-04-19/openclaw_command_center_v2_service_verification_2026-04-21.md,4581,,2026-05-21T02:51:13.443Z,4
openclaw_command_center_v2_service_verification_2026-04-21.md,1pJf799MvfXcUEmRfyix2j4kzdQ46mxQX,Trade_AI_Docs_v2/docs/_archive/archive/2026-04-27_pre_bible/handoff_2026-04-19/openclaw_command_center_v2_service_verification_2026-04-21.md,2399,,2026-05-18T00:03:58.006Z,4
openclaw_command_center_v2_service_verification_2026-04-21.md,1TUqKc0v_KtCU1j6pHiYFICTVSBCVMPdG,Trade_AI_Docs_v2/docs/archive/2026-04-27_pre_bible/handoff_2026-04-19/openclaw_command_center_v2_service_verification_2026-04-21.md,2399,,2026-05-17T23:03:21.695Z,4
openclaw_command_center_v2_service_verification_2026-04-21.md,1Wa9wyZ7-D2j14yLi8dp8tN1mj53vmDUn,Trade_AI_Docs_v2/docs/archive/2026-04-27_pre_bible/handoff_2026-04-19/openclaw_command_center_v2_service_verification_2026-04-21.md,2399,,2026-05-17T22:46:11.656Z,4
openclaw_command_center_v2_sprint1a_verification_2026-04-21.md,1mQuEFAdDOKGn8-L-v0LjvnwpMDBZKI0W1BDYCmZ6zGg,Trade_AI_Docs_v2/docs/_archive/archive/2026-04-27_pre_bible/handoff_2026-04-19/openclaw_command_center_v2_sprint1a_verification_2026-04-21.md,5408,,2026-05-21T02:56:06.591Z,4
openclaw_command_center_v2_sprint1a_verification_2026-04-21.md,1Krz1gjTTbQNnmNJHUTUqSgYd3rEodGda,Trade_AI_Docs_v2/docs/_archive/archive/2026-04-27_pre_bible/handoff_2026-04-19/openclaw_command_center_v2_sprint1a_verification_2026-04-21.md,3545,,2026-05-18T00:06:30.273Z,4
openclaw_command_center_v2_sprint1a_verification_2026-04-21.md,1-87Y3H2q_P2tTdOk-bCy_IIBKInLNNeA,Trade_AI_Docs_v2/docs/archive/2026-04-27_pre_bible/handoff_2026-04-19/openclaw_command_center_v2_sprint1a_verification_2026-04-21.md,3545,,2026-05-17T23:05:58.166Z,4
openclaw_command_center_v2_sprint1a_verification_2026-04-21.md,1mp2Uyj6lAsnDnvgSjWqFqr-sg8hCngcs,Trade_AI_Docs_v2/docs/archive/2026-04-27_pre_bible/handoff_2026-04-19/openclaw_command_center_v2_sprint1a_verification_2026-04-21.md,3545,,2026-05-17T22:48:46.976Z,4
openclaw_command_center_v2_sprint1b_verification_2026-04-21.md,1bAJvG0jdJXptq7xJbh9tnvdP4NFqO2mkQ6JytDsulMc,Trade_AI_Docs_v2/docs/_archive/archive/2026-04-27_pre_bible/handoff_2026-04-19/openclaw_command_center_v2_sprint1b_verification_2026-04-21.md,5321,,2026-05-21T02:49:51.306Z,4
openclaw_command_center_v2_sprint1b_verification_2026-04-21.md,1qyJ-mxkO1qAK_YbNJ102Y_sV2zBl-lL1,Trade_AI_Docs_v2/docs/_archive/archive/2026-04-27_pre_bible/handoff_2026-04-19/openclaw_command_center_v2_sprint1b_verification_2026-04-21.md,4059,,2026-05-18T00:03:17.601Z,4
openclaw_command_center_v2_sprint1b_verification_2026-04-21.md,1aU_habkAiT3VVRH18g_yHqHX2xKI1GTz,Trade_AI_Docs_v2/docs/archive/2026-04-27_pre_bible/handoff_2026-04-19/openclaw_command_center_v2_sprint1b_verification_2026-04-21.md,4059,,2026-05-17T23:02:40.620Z,4
openclaw_command_center_v2_sprint1b_verification_2026-04-21.md,1U6gL5mKWSFnNYtam6rxJ17iM_ZDI0__Z,Trade_AI_Docs_v2/docs/archive/2026-04-27_pre_bible/handoff_2026-04-19/openclaw_command_center_v2_sprint1b_verification_2026-04-21.md,4059,,2026-05-17T22:45:30.882Z,4
openclaw_command_center_v2_sprint2_verification_2026-04-21.md,1jNEQ9g6nH9TOzmgbikUttZHKbjIZeLfnOoQmmi0QjZE,Trade_AI_Docs_v2/docs/_archive/archive/2026-04-27_pre_bible/handoff_2026-04-19/openclaw_command_center_v2_sprint2_verification_2026-04-21.md,5556,,2026-05-21T02:55:16.852Z,4
openclaw_command_center_v2_sprint2_verification_2026-04-21.md,1YTAJNKy8Pr0qO7Csp1obUXpeY_pRQoyr,Trade_AI_Docs_v2/docs/_archive/archive/2026-04-27_pre_bible/handoff_2026-04-19/openclaw_command_center_v2_sprint2_verification_2026-04-21.md,4217,,2026-05-18T00:06:06.350Z,4
openclaw_command_center_v2_sprint2_verification_2026-04-21.md,17pO1rVM1ITXPMOKZTDXGkdP80aCprfsv,Trade_AI_Docs_v2/docs/archive/2026-04-27_pre_bible/handoff_2026-04-19/openclaw_command_center_v2_sprint2_verification_2026-04-21.md,4217,,2026-05-17T23:05:33.444Z,4
openclaw_command_center_v2_sprint2_verification_2026-04-21.md,1kALLOWyLW0rw9AtfdiT9EH4JnnYelCa5,Trade_AI_Docs_v2/docs/archive/2026-04-27_pre_bible/handoff_2026-04-19/openclaw_command_center_v2_sprint2_verification_2026-04-21.md,4217,,2026-05-17T22:48:22.012Z,4
openclaw_command_center_v2_sprint3_verification_2026-04-21.md,1RMQ5_wBQra8vj_N3hDNPY4jYPluv8Sv0YTXGZ80Q0wY,Trade_AI_Docs_v2/docs/_archive/archive/2026-04-27_pre_bible/handoff_2026-04-19/openclaw_command_center_v2_sprint3_verification_2026-04-21.md,6778,,2026-05-21T02:55:34.284Z,4
openclaw_command_center_v2_sprint3_verification_2026-04-21.md,1Zo7XfrirOCmyXvTua25cL41WVGQ6uygX,Trade_AI_Docs_v2/docs/_archive/archive/2026-04-27_pre_bible/handoff_2026-04-19/openclaw_command_center_v2_sprint3_verification_2026-04-21.md,5356,,2026-05-18T00:06:15.152Z,4
openclaw_command_center_v2_sprint3_verification_2026-04-21.md,1gPFGo4cAKlvET8y2i5KZSA5DP4AdGwmA,Trade_AI_Docs_v2/docs/archive/2026-04-27_pre_bible/handoff_2026-04-19/openclaw_command_center_v2_sprint3_verification_2026-04-21.md,5356,,2026-05-17T23:05:42.206Z,4
openclaw_command_center_v2_sprint3_verification_2026-04-21.md,1bLNnKvxC3mTVKdABpQw460krECjlCViU,Trade_AI_Docs_v2/docs/archive/2026-04-27_pre_bible/handoff_2026-04-19/openclaw_command_center_v2_sprint3_verification_2026-04-21.md,5356,,2026-05-17T22:48:31.025Z,4
openclaw_command_center_v2_sprint4a_batch1_verification_2026-04-21.md,1c3vMhs2WdE-qz57q6qPbaLsZoH6Lj9_fGQVwpw8Vacg,Trade_AI_Docs_v2/docs/_archive/archive/2026-04-27_pre_bible/handoff_2026-04-19/openclaw_command_center_v2_sprint4a_batch1_verification_2026-04-21.md,8507,,2026-05-21T02:55:09.909Z,4
openclaw_command_center_v2_sprint4a_batch1_verification_2026-04-21.md,1Fz_ShPrLOI9kJ7dbHJzdt15qLhkyuWyd,Trade_AI_Docs_v2/docs/_archive/archive/2026-04-27_pre_bible/handoff_2026-04-19/openclaw_command_center_v2_sprint4a_batch1_verification_2026-04-21.md,8244,,2026-05-18T00:06:02.990Z,4
openclaw_command_center_v2_sprint4a_batch1_verification_2026-04-21.md,1rYFiUWyeiQfTJXTNjctCAiPLuRrtd0I0,Trade_AI_Docs_v2/docs/archive/2026-04-27_pre_bible/handoff_2026-04-19/openclaw_command_center_v2_sprint4a_batch1_verification_2026-04-21.md,8244,,2026-05-17T23:05:30.083Z,4
openclaw_command_center_v2_sprint4a_batch1_verification_2026-04-21.md,1KhAfFIwdE5DXAqZ8f-cvDs71kFAyiM_h,Trade_AI_Docs_v2/docs/archive/2026-04-27_pre_bible/handoff_2026-04-19/openclaw_command_center_v2_sprint4a_batch1_verification_2026-04-21.md,8244,,2026-05-17T22:48:18.494Z,4
openclaw_command_center_v2_ui_polish_verification_2026-04-21.md,1ghpKGEZ-DanMRuXaQK11ZQ6PKs6LTmR0EkL-1s3QSGY,Trade_AI_Docs_v2/docs/_archive/archive/2026-04-27_pre_bible/handoff_2026-04-19/openclaw_command_center_v2_ui_polish_verification_2026-04-21.md,5012,,2026-05-21T02:57:43.705Z,4
openclaw_command_center_v2_ui_polish_verification_2026-04-21.md,1u_T9IZgDvADLXq0ZlOi_KX-Ot3XQTtej,Trade_AI_Docs_v2/docs/_archive/archive/2026-04-27_pre_bible/handoff_2026-04-19/openclaw_command_center_v2_ui_polish_verification_2026-04-21.md,3847,,2026-05-18T00:07:20.561Z,4
openclaw_command_center_v2_ui_polish_verification_2026-04-21.md,1cXCmSdpiQgkHi1jdCy5tgR-jsaz7471q,Trade_AI_Docs_v2/docs/archive/2026-04-27_pre_bible/handoff_2026-04-19/openclaw_command_center_v2_ui_polish_verification_2026-04-21.md,3847,,2026-05-17T23:06:47.908Z,4
openclaw_command_center_v2_ui_polish_verification_2026-04-21.md,1wG9a5_46sVsMfdLTtxVoEBnovW6w1M-L,Trade_AI_Docs_v2/docs/archive/2026-04-27_pre_bible/handoff_2026-04-19/openclaw_command_center_v2_ui_polish_verification_2026-04-21.md,3847,,2026-05-17T22:49:36.542Z,4
openclaw_daily_session_hygiene_pipeline_wiring_verification_2026-04-24.md,12Pdv0TJlQqdonHpp8eIiFbGcJAvq4esmaIUZWASukcU,Trade_AI_Docs_v2/docs/_archive/archive/2026-04-27_pre_bible/handoff_2026-04-19/openclaw_daily_session_hygiene_pipeline_wiring_verification_2026-04-24.md,7098,,2026-05-21T02:54:52.588Z,4
openclaw_daily_session_hygiene_pipeline_wiring_verification_2026-04-24.md,1TazXG4oUOwURTYZALdEDn_WuwbYoV4iR,Trade_AI_Docs_v2/docs/_archive/archive/2026-04-27_pre_bible/handoff_2026-04-19/openclaw_daily_session_hygiene_pipeline_wiring_verification_2026-04-24.md,4525,,2026-05-18T00:05:54.258Z,4
openclaw_daily_session_hygiene_pipeline_wiring_verification_2026-04-24.md,1y1Cgepddv99jXpfyyHvEnHtMimWE_rYb,Trade_AI_Docs_v2/docs/archive/2026-04-27_pre_bible/handoff_2026-04-19/openclaw_daily_session_hygiene_pipeline_wiring_verification_2026-04-24.md,4525,,2026-05-17T23:05:20.939Z,4
openclaw_daily_session_hygiene_pipeline_wiring_verification_2026-04-24.md,1JfOUQFLSqd_PUmqXI_Si8JSRdPlLwRKC,Trade_AI_Docs_v2/docs/archive/2026-04-27_pre_bible/handoff_2026-04-19/openclaw_daily_session_hygiene_pipeline_wiring_verification_2026-04-24.md,4525,,2026-05-17T22:48:09.148Z,4
openclaw_dashboard_notifications_linkage_fix_verification_2026-04-21.md,17RsaEIhXwoErDYYHLbVentHH3lf0HwwHaamnOI78l0M,Trade_AI_Docs_v2/docs/_archive/archive/2026-04-27_pre_bible/handoff_2026-04-19/openclaw_dashboard_notifications_linkage_fix_verification_2026-04-21.md,5003,,2026-05-21T02:58:44.238Z,4
openclaw_dashboard_notifications_linkage_fix_verification_2026-04-21.md,1uGwv9ODaqL4H-5kVxQSFgHV2m9N3QFmD,Trade_AI_Docs_v2/docs/_archive/archive/2026-04-27_pre_bible/handoff_2026-04-19/openclaw_dashboard_notifications_linkage_fix_verification_2026-04-21.md,3036,,2026-05-18T00:07:52.348Z,4
openclaw_dashboard_notifications_linkage_fix_verification_2026-04-21.md,1qT-tq3fXJymvaehMqtlVc084ZM5rQt0-,Trade_AI_Docs_v2/docs/archive/2026-04-27_pre_bible/handoff_2026-04-19/openclaw_dashboard_notifications_linkage_fix_verification_2026-04-21.md,3036,,2026-05-17T23:07:20.236Z,4
openclaw_dashboard_notifications_linkage_fix_verification_2026-04-21.md,1QoHoQRJCZZAYEo8e4PqtFxbKfKYN5py9,Trade_AI_Docs_v2/docs/archive/2026-04-27_pre_bible/handoff_2026-04-19/openclaw_dashboard_notifications_linkage_fix_verification_2026-04-21.md,3036,,2026-05-17T22:50:08.813Z,4
openclaw_dashboard_notifications_verification_2026-04-21.md,1nbIj_K-28jsL8fOi3yKkNo8LS8WEa3BmOVDOA9_A8Ag,Trade_AI_Docs_v2/docs/_archive/archive/2026-04-27_pre_bible/handoff_2026-04-19/openclaw_dashboard_notifications_verification_2026-04-21.md,6854,,2026-05-21T02:57:10.415Z,4
openclaw_dashboard_notifications_verification_2026-04-21.md,1V1ZWbVX_IH6No6AqzAT5IxvNIFHTQNZp,Trade_AI_Docs_v2/docs/_archive/archive/2026-04-27_pre_bible/handoff_2026-04-19/openclaw_dashboard_notifications_verification_2026-04-21.md,4450,,2026-05-18T00:07:02.986Z,4
openclaw_dashboard_notifications_verification_2026-04-21.md,16ZLwxSSQq_xzkyxusRRUhTriFViNLv7V,Trade_AI_Docs_v2/docs/archive/2026-04-27_pre_bible/handoff_2026-04-19/openclaw_dashboard_notifications_verification_2026-04-21.md,4450,,2026-05-17T23:06:30.038Z,4
openclaw_dashboard_notifications_verification_2026-04-21.md,1HoPSTjWaDd1yf1iSWfNO4pG1fFTWE-M0,Trade_AI_Docs_v2/docs/archive/2026-04-27_pre_bible/handoff_2026-04-19/openclaw_dashboard_notifications_verification_2026-04-21.md,4450,,2026-05-17T22:49:18.361Z,4
openclaw_dashboard_ui_notifications_verification_2026-04-21.md,1hShaGrd2CBW1aE7vT9xTjXxeyjKYbxf1DZFZ1shk00Q,Trade_AI_Docs_v2/docs/_archive/archive/2026-04-27_pre_bible/handoff_2026-04-19/openclaw_dashboard_ui_notifications_verification_2026-04-21.md,6187,,2026-05-21T02:59:25.997Z,4
openclaw_dashboard_ui_notifications_verification_2026-04-21.md,1PTz0bCDFXFPGdmQAnCivsn0jGn4eHGOT,Trade_AI_Docs_v2/docs/_archive/archive/2026-04-27_pre_bible/handoff_2026-04-19/openclaw_dashboard_ui_notifications_verification_2026-04-21.md,3483,,2026-05-18T00:08:13.850Z,4
openclaw_dashboard_ui_notifications_verification_2026-04-21.md,1u-cveAHsXyp2NVADUrT8L7_XOIhD4uNj,Trade_AI_Docs_v2/docs/archive/2026-04-27_pre_bible/handoff_2026-04-19/openclaw_dashboard_ui_notifications_verification_2026-04-21.md,3483,,2026-05-17T23:07:41.994Z,4
openclaw_dashboard_ui_notifications_verification_2026-04-21.md,1DwvL-oygT7UNyxSFNDrgCOuKPHaObjpz,Trade_AI_Docs_v2/docs/archive/2026-04-27_pre_bible/handoff_2026-04-19/openclaw_dashboard_ui_notifications_verification_2026-04-21.md,3483,,2026-05-17T22:50:30.069Z,4
openclaw_day2_playbook_v19_appendix.docx,1uMUgSebG2AovR8T2LhNILXm-ItS3w3cc,Trade_AI_Docs_v2/docs/_archive/archive/2026-04-27_pre_bible/openclaw_day2_playbook_v19_appendix.docx,13233,,2026-05-18T00:02:51.620Z,2
openclaw_day2_playbook_v19_appendix.docx,1MTFhB1Xy_Kao4jw_cTEMbWiqujS09Ugm,Trade_AI_Docs_v2/docs/archive/2026-04-27_pre_bible/openclaw_day2_playbook_v19_appendix.docx,13233,,2026-05-17T22:45:03.982Z,2
openclaw_day2_playbook_v20.docx,17MATpaViqayuVT_xHZNYep_6FKilhuad,Trade_AI_Docs_v2/docs/_archive/archive/2026-04-27_pre_bible/openclaw_day2_playbook_v20.docx,11847,,2026-05-18T00:09:17.410Z,2
openclaw_day2_playbook_v20.docx,1jeiYpp742MhiiL-CLnd5eWqW1x-lsQSR,Trade_AI_Docs_v2/docs/archive/2026-04-27_pre_bible/openclaw_day2_playbook_v20.docx,11847,,2026-05-17T22:51:31.817Z,2
openclaw_db_helper_cleanup_verification_2026-04-21.md,1660YuWWxq1IaUfzCNGzzNldCA5RdsFTwQxVWRHSVIr8,Trade_AI_Docs_v2/docs/_archive/archive/2026-04-27_pre_bible/handoff_2026-04-19/openclaw_db_helper_cleanup_verification_2026-04-21.md,5722,,2026-05-21T02:58:47.287Z,4
openclaw_db_helper_cleanup_verification_2026-04-21.md,12c3T8njAcJryi_gThkfBF4CO66R3cIvF,Trade_AI_Docs_v2/docs/_archive/archive/2026-04-27_pre_bible/handoff_2026-04-19/openclaw_db_helper_cleanup_verification_2026-04-21.md,4128,,2026-05-18T00:07:54.113Z,4
openclaw_db_helper_cleanup_verification_2026-04-21.md,1T43fZ3GKoZSnPH2VQdG91Tj08t6El1hF,Trade_AI_Docs_v2/docs/archive/2026-04-27_pre_bible/handoff_2026-04-19/openclaw_db_helper_cleanup_verification_2026-04-21.md,4128,,2026-05-17T23:07:21.899Z,4
openclaw_db_helper_cleanup_verification_2026-04-21.md,1GMdzxrWhSN_QHIaKp9eahbAmbKZ0vrOt,Trade_AI_Docs_v2/docs/archive/2026-04-27_pre_bible/handoff_2026-04-19/openclaw_db_helper_cleanup_verification_2026-04-21.md,4128,,2026-05-17T22:50:10.803Z,4
openclaw_documentation_checkpoint_verification_2026-04-23.md,1e9ufUvtGKNtNq3RDZ2GCCEODc_vSIS0Cwt4oaStFHIg,Trade_AI_Docs_v2/docs/_archive/archive/2026-04-27_pre_bible/handoff_2026-04-19/openclaw_documentation_checkpoint_verification_2026-04-23.md,3090,,2026-05-21T03:00:56.413Z,3
openclaw_documentation_checkpoint_verification_2026-04-23.md,1vG4NFWQ81M7CIEKTQz_8PTzS7q31hrXT,Trade_AI_Docs_v2/docs/_archive/archive/2026-04-27_pre_bible/handoff_2026-04-19/openclaw_documentation_checkpoint_verification_2026-04-23.md,1874,,2026-05-18T00:08:56.265Z,3
openclaw_documentation_checkpoint_verification_2026-04-23.md,1fFv7OaNIIC9YK8T7dBn5Hybiw2TdEvMn,Trade_AI_Docs_v2/docs/archive/2026-04-27_pre_bible/handoff_2026-04-19/openclaw_documentation_checkpoint_verification_2026-04-23.md,1874,,2026-05-17T22:51:10.998Z,3
openclaw_escalation_expiration_cleanup_verification_2026-04-21.md,1ROJ71f7p8kXM0Uv2h8pQiWGxXEpRtKpmzwYI_Ohxffg,Trade_AI_Docs_v2/docs/_archive/archive/2026-04-27_pre_bible/handoff_2026-04-19/openclaw_escalation_expiration_cleanup_verification_2026-04-21.md,6581,,2026-05-21T02:50:45.935Z,4
openclaw_escalation_expiration_cleanup_verification_2026-04-21.md,1C7SU8MP1hS9OSnWQuBMeXwQSKf58uSfL,Trade_AI_Docs_v2/docs/_archive/archive/2026-04-27_pre_bible/handoff_2026-04-19/openclaw_escalation_expiration_cleanup_verification_2026-04-21.md,4577,,2026-05-18T00:03:44.304Z,4
openclaw_escalation_expiration_cleanup_verification_2026-04-21.md,1-9yDy-6LlYocTjHWXLPQ1YsIpS_XL1JT,Trade_AI_Docs_v2/docs/archive/2026-04-27_pre_bible/handoff_2026-04-19/openclaw_escalation_expiration_cleanup_verification_2026-04-21.md,4577,,2026-05-17T23:03:07.452Z,4
openclaw_escalation_expiration_cleanup_verification_2026-04-21.md,1-VmPmcDiwInLj3CqpVuiMz_ZBADRyL2r,Trade_AI_Docs_v2/docs/archive/2026-04-27_pre_bible/handoff_2026-04-19/openclaw_escalation_expiration_cleanup_verification_2026-04-21.md,4577,,2026-05-17T22:45:57.321Z,4
openclaw_failed_steph_stop_review_queue_promotion_verification_2026-04-24.md,1H8cajwIhhN0oWQsm9G-p_Vtxxevh9yFZ-XJ3LgHyLfM,Trade_AI_Docs_v2/docs/_archive/archive/2026-04-27_pre_bible/handoff_2026-04-19/openclaw_failed_steph_stop_review_queue_promotion_verification_2026-04-24.md,5186,,2026-05-21T02:57:51.401Z,4
openclaw_failed_steph_stop_review_queue_promotion_verification_2026-04-24.md,1mcfgGHwdeekxn7guzrSGLPNn36bY1B_t,Trade_AI_Docs_v2/docs/_archive/archive/2026-04-27_pre_bible/handoff_2026-04-19/openclaw_failed_steph_stop_review_queue_promotion_verification_2026-04-24.md,3329,,2026-05-18T00:07:24.287Z,4
openclaw_failed_steph_stop_review_queue_promotion_verification_2026-04-24.md,1R_2teVkWAXiEdeNtr5iM_zaGUM8bMRrN,Trade_AI_Docs_v2/docs/archive/2026-04-27_pre_bible/handoff_2026-04-19/openclaw_failed_steph_stop_review_queue_promotion_verification_2026-04-24.md,3329,,2026-05-17T23:06:51.433Z,4
openclaw_failed_steph_stop_review_queue_promotion_verification_2026-04-24.md,1Y0FYrwTlrY2Jel2mVq8VJ8B02oefbPrg,Trade_AI_Docs_v2/docs/archive/2026-04-27_pre_bible/handoff_2026-04-19/openclaw_failed_steph_stop_review_queue_promotion_verification_2026-04-24.md,3329,,2026-05-17T22:49:39.964Z,4
openclaw_final_operator_polish_verification_2026-04-23.md,1moqaUJh2VLt-AoAKDbjIwRbUm0vzbU8C5JlkFwphVWk,Trade_AI_Docs_v2/docs/_archive/archive/2026-04-27_pre_bible/handoff_2026-04-19/openclaw_final_operator_polish_verification_2026-04-23.md,4888,,2026-05-21T02:52:37.258Z,4
openclaw_final_operator_polish_verification_2026-04-23.md,1KZHn8_uM8jsp_6j6glJnbCf79mgNN_E6,Trade_AI_Docs_v2/docs/_archive/archive/2026-04-27_pre_bible/handoff_2026-04-19/openclaw_final_operator_polish_verification_2026-04-23.md,4995,,2026-05-18T00:04:45.176Z,4
openclaw_final_operator_polish_verification_2026-04-23.md,1HhZfNe11MGjjFdwNnsUJoYeWxhc2YsAK,Trade_AI_Docs_v2/docs/archive/2026-04-27_pre_bible/handoff_2026-04-19/openclaw_final_operator_polish_verification_2026-04-23.md,4995,,2026-05-17T23:04:09.106Z,4
openclaw_final_operator_polish_verification_2026-04-23.md,1EKoH6nrcNEBiVg1lL9qPqsdyCc75NYhJ,Trade_AI_Docs_v2/docs/archive/2026-04-27_pre_bible/handoff_2026-04-19/openclaw_final_operator_polish_verification_2026-04-23.md,4995,,2026-05-17T22:46:57.444Z,4
openclaw_fresh_backup_set_verification_2026-04-21.md,15_7TvEIn-nHaLW9prtLH4IyrgB8ztkdHUA6MR3OWzXc,Trade_AI_Docs_v2/docs/_archive/archive/2026-04-27_pre_bible/handoff_2026-04-19/openclaw_fresh_backup_set_verification_2026-04-21.md,5497,,2026-05-21T02:49:32.245Z,4
openclaw_fresh_backup_set_verification_2026-04-21.md,1-ClpU6w9hGRS6w09RfFhWHlwsZTuF2pY,Trade_AI_Docs_v2/docs/_archive/archive/2026-04-27_pre_bible/handoff_2026-04-19/openclaw_fresh_backup_set_verification_2026-04-21.md,3909,,2026-05-18T00:03:08.952Z,4
openclaw_fresh_backup_set_verification_2026-04-21.md,1PyXQdp6AX7lClcrPV5BZ1vmKVcDnftDh,Trade_AI_Docs_v2/docs/archive/2026-04-27_pre_bible/handoff_2026-04-19/openclaw_fresh_backup_set_verification_2026-04-21.md,3909,,2026-05-17T23:02:32.207Z,4
openclaw_fresh_backup_set_verification_2026-04-21.md,1KpyVpi758xhGJzKmX3glJeeaK6bRnFHZ,Trade_AI_Docs_v2/docs/archive/2026-04-27_pre_bible/handoff_2026-04-19/openclaw_fresh_backup_set_verification_2026-04-21.md,3909,,2026-05-17T22:45:21.736Z,4
openclaw_full_site_audit_matrix_2026-04-23.md,1utvcrSA1DXo__IOIz8XXIYuYd-ROnQgYbfWzkyDGmh4,Trade_AI_Docs_v2/docs/_archive/archive/2026-04-27_pre_bible/handoff_2026-04-19/openclaw_full_site_audit_matrix_2026-04-23.md,7657,,2026-05-21T02:50:24.199Z,4
openclaw_full_site_audit_matrix_2026-04-23.md,1e6Amt1ITOrnla6jxg6rdSGjJfxqOpsOX,Trade_AI_Docs_v2/docs/_archive/archive/2026-04-27_pre_bible/handoff_2026-04-19/openclaw_full_site_audit_matrix_2026-04-23.md,8582,,2026-05-18T00:03:33.743Z,4
openclaw_full_site_audit_matrix_2026-04-23.md,1299u4CVwSuokS1snyeEMT-uJF6Vw0xtf,Trade_AI_Docs_v2/docs/archive/2026-04-27_pre_bible/handoff_2026-04-19/openclaw_full_site_audit_matrix_2026-04-23.md,8582,,2026-05-17T23:02:56.788Z,4
openclaw_full_site_audit_matrix_2026-04-23.md,1-XXTIwu0pfUWOeCtGFa4depMriW9BWjq,Trade_AI_Docs_v2/docs/archive/2026-04-27_pre_bible/handoff_2026-04-19/openclaw_full_site_audit_matrix_2026-04-23.md,8582,,2026-05-17T22:45:46.539Z,4
openclaw_full_site_unbiased_audit_and_fix_verification_2026-04-23.md,1R9r1L9fBFiulNdY08aOUT1y1DptFQoyZSQ_GN6n8WY4,Trade_AI_Docs_v2/docs/_archive/archive/2026-04-27_pre_bible/handoff_2026-04-19/openclaw_full_site_unbiased_audit_and_fix_verification_2026-04-23.md,7754,,2026-05-21T02:50:31.450Z,4
openclaw_full_site_unbiased_audit_and_fix_verification_2026-04-23.md,12GYsMcS1eAMofT1vsKWW3wVSrdzZ60tU,Trade_AI_Docs_v2/docs/_archive/archive/2026-04-27_pre_bible/handoff_2026-04-19/openclaw_full_site_unbiased_audit_and_fix_verification_2026-04-23.md,8839,,2026-05-18T00:03:37.076Z,4
openclaw_full_site_unbiased_audit_and_fix_verification_2026-04-23.md,1RrNGrhgINNx52FSKhNFVC3oxHOS56u6s,Trade_AI_Docs_v2/docs/archive/2026-04-27_pre_bible/handoff_2026-04-19/openclaw_full_site_unbiased_audit_and_fix_verification_2026-04-23.md,8839,,2026-05-17T23:03:00.436Z,4
openclaw_full_site_unbiased_audit_and_fix_verification_2026-04-23.md,1z2g0o8FSrIczhAg6Yh_mJ6IUJ0zRpst9,Trade_AI_Docs_v2/docs/archive/2026-04-27_pre_bible/handoff_2026-04-19/openclaw_full_site_unbiased_audit_and_fix_verification_2026-04-23.md,8839,,2026-05-17T22:45:50.196Z,4
openclaw_git_bundle_refresh_verification_2026-04-21.md,13AlUZi9GjnMUtD0PpxF5HwoEpl_S2mP71KnyaWVMX98,Trade_AI_Docs_v2/docs/_archive/archive/2026-04-27_pre_bible/handoff_2026-04-19/openclaw_git_bundle_refresh_verification_2026-04-21.md,2608,,2026-05-21T02:56:02.822Z,4
openclaw_git_bundle_refresh_verification_2026-04-21.md,1Jpl7puzj9JZ54_hCqHIYF5AjrAnOAIBn,Trade_AI_Docs_v2/docs/_archive/archive/2026-04-27_pre_bible/handoff_2026-04-19/openclaw_git_bundle_refresh_verification_2026-04-21.md,1370,,2026-05-18T00:06:28.521Z,4
openclaw_git_bundle_refresh_verification_2026-04-21.md,1_FFlUIp_Uv7P_aBvAsjVziNHHyvBucON,Trade_AI_Docs_v2/docs/archive/2026-04-27_pre_bible/handoff_2026-04-19/openclaw_git_bundle_refresh_verification_2026-04-21.md,1370,,2026-05-17T23:05:56.511Z,4
openclaw_git_bundle_refresh_verification_2026-04-21.md,1B5fS6f11YPsPB5fd5tHwH76OpHN7TYTv,Trade_AI_Docs_v2/docs/archive/2026-04-27_pre_bible/handoff_2026-04-19/openclaw_git_bundle_refresh_verification_2026-04-21.md,1370,,2026-05-17T22:48:45.296Z,4
openclaw_high_conf_draft_alerts_verification_2026-04-21.md,1i4EaGCuab_8ZVhYb42xaQn8YZFkm8nRLcO-C9rgbb8I,Trade_AI_Docs_v2/docs/_archive/archive/2026-04-27_pre_bible/handoff_2026-04-19/openclaw_high_conf_draft_alerts_verification_2026-04-21.md,7875,,2026-05-21T02:55:20.287Z,4
openclaw_high_conf_draft_alerts_verification_2026-04-21.md,1ebOf1GstXUG_lNcSjAv0RfbSyzk29gKp,Trade_AI_Docs_v2/docs/_archive/archive/2026-04-27_pre_bible/handoff_2026-04-19/openclaw_high_conf_draft_alerts_verification_2026-04-21.md,4802,,2026-05-18T00:06:08.267Z,4
openclaw_high_conf_draft_alerts_verification_2026-04-21.md,1ABbKELmS_Xu_U1hj0vPss9LGQdU1IBd-,Trade_AI_Docs_v2/docs/archive/2026-04-27_pre_bible/handoff_2026-04-19/openclaw_high_conf_draft_alerts_verification_2026-04-21.md,4802,,2026-05-17T23:05:35.247Z,4
openclaw_high_conf_draft_alerts_verification_2026-04-21.md,1-oNV-zLQpI1ZHHfxDiIbOOUseJXQ_Bvg,Trade_AI_Docs_v2/docs/archive/2026-04-27_pre_bible/handoff_2026-04-19/openclaw_high_conf_draft_alerts_verification_2026-04-21.md,4802,,2026-05-17T22:48:23.740Z,4
openclaw_journal_enrichment_phase1_verification_2026-04-22.md,17C872OuRUuDH1k5U6VxSDi1T9Bj-DC7Ujk6IbUStPJE,Trade_AI_Docs_v2/docs/_archive/archive/2026-04-27_pre_bible/handoff_2026-04-19/openclaw_journal_enrichment_phase1_verification_2026-04-22.md,9820,,2026-05-21T02:56:31.875Z,4
openclaw_journal_enrichment_phase1_verification_2026-04-22.md,1L7PAXFcMl9LGwC0WAzvv9_hUWG6IL5Y_,Trade_AI_Docs_v2/docs/_archive/archive/2026-04-27_pre_bible/handoff_2026-04-19/openclaw_journal_enrichment_phase1_verification_2026-04-22.md,7536,,2026-05-18T00:06:43.244Z,4
openclaw_journal_enrichment_phase1_verification_2026-04-22.md,14mUZCZY7eE4HGPlbUYNqpzursBT_St2m,Trade_AI_Docs_v2/docs/archive/2026-04-27_pre_bible/handoff_2026-04-19/openclaw_journal_enrichment_phase1_verification_2026-04-22.md,7536,,2026-05-17T23:06:10.676Z,4
openclaw_journal_enrichment_phase1_verification_2026-04-22.md,13_DaSwcmqeMhD5YRvpKoj9fbPwwJ1g5Q,Trade_AI_Docs_v2/docs/archive/2026-04-27_pre_bible/handoff_2026-04-19/openclaw_journal_enrichment_phase1_verification_2026-04-22.md,7536,,2026-05-17T22:48:59.316Z,4
openclaw_market_intelligence_watchlist_plan_2026-04-20.md,1tTr9i2WpjBqLyoFojPvEaDICY04rLp2ODHvB2aDy-1Y,Trade_AI_Docs_v2/docs/_archive/archive/2026-04-27_pre_bible/handoff_2026-04-19/openclaw_market_intelligence_watchlist_plan_2026-04-20.md,21755,,2026-05-21T02:55:30.675Z,4
openclaw_market_intelligence_watchlist_plan_2026-04-20.md,11IEyCsupLPSDUWHQGJYNHdnRRYrOYyx-,Trade_AI_Docs_v2/docs/_archive/archive/2026-04-27_pre_bible/handoff_2026-04-19/openclaw_market_intelligence_watchlist_plan_2026-04-20.md,18900,,2026-05-18T00:06:13.328Z,4
openclaw_market_intelligence_watchlist_plan_2026-04-20.md,1HTd85MmkVE2wKK_QKiaYa3P8wqs3P2KE,Trade_AI_Docs_v2/docs/archive/2026-04-27_pre_bible/handoff_2026-04-19/openclaw_market_intelligence_watchlist_plan_2026-04-20.md,18900,,2026-05-17T23:05:40.490Z,4
openclaw_market_intelligence_watchlist_plan_2026-04-20.md,12yL69AGa_Lgf-D0kGqpb3h5RfiXAT4Dn,Trade_AI_Docs_v2/docs/archive/2026-04-27_pre_bible/handoff_2026-04-19/openclaw_market_intelligence_watchlist_plan_2026-04-20.md,18900,,2026-05-17T22:48:29.054Z,4
openclaw_morning_brief_dashboard_redesign_verification_2026-04-23.md,1uh_EwJMaAhb-N_R0jLXCkGSMisn8mCyDnmiuyU9PKQA,Trade_AI_Docs_v2/docs/_archive/archive/2026-04-27_pre_bible/handoff_2026-04-19/openclaw_morning_brief_dashboard_redesign_verification_2026-04-23.md,7520,,2026-05-21T02:56:35.484Z,4
openclaw_morning_brief_dashboard_redesign_verification_2026-04-23.md,1uPEbqiEKzX8PwBcnfA6bfUj-ZQaQ_0jT,Trade_AI_Docs_v2/docs/_archive/archive/2026-04-27_pre_bible/handoff_2026-04-19/openclaw_morning_brief_dashboard_redesign_verification_2026-04-23.md,7173,,2026-05-18T00:06:45.005Z,4
openclaw_morning_brief_dashboard_redesign_verification_2026-04-23.md,1YnuorGG63inSuycvUkrFmNMLY54KgQ6a,Trade_AI_Docs_v2/docs/archive/2026-04-27_pre_bible/handoff_2026-04-19/openclaw_morning_brief_dashboard_redesign_verification_2026-04-23.md,7173,,2026-05-17T23:06:12.423Z,4
openclaw_morning_brief_dashboard_redesign_verification_2026-04-23.md,1OJa9nP0zeoL0QBfLN-3jBNlmbFFh67HM,Trade_AI_Docs_v2/docs/archive/2026-04-27_pre_bible/handoff_2026-04-19/openclaw_morning_brief_dashboard_redesign_verification_2026-04-23.md,7173,,2026-05-17T22:49:01.245Z,4
openclaw_morning_brief_operator_dashboard_redesign_v2_verification_2026-04-23.md,1DvN-3udNxIt29Pu65kpPb8KLa8ksZyFi9qO_ZTPiWH4,Trade_AI_Docs_v2/docs/_archive/archive/2026-04-27_pre_bible/handoff_2026-04-19/openclaw_morning_brief_operator_dashboard_redesign_v2_verification_2026-04-23.md,6251,,2026-05-21T02:59:14.472Z,4
openclaw_morning_brief_operator_dashboard_redesign_v2_verification_2026-04-23.md,1V2FSdb0SjqJz670mXPZjitYVruhFfxi9,Trade_AI_Docs_v2/docs/_archive/archive/2026-04-27_pre_bible/handoff_2026-04-19/openclaw_morning_brief_operator_dashboard_redesign_v2_verification_2026-04-23.md,5947,,2026-05-18T00:08:08.664Z,4
openclaw_morning_brief_operator_dashboard_redesign_v2_verification_2026-04-23.md,1sz7gAMKd4J4DWyIm4ugte8QeiF_0OKj1,Trade_AI_Docs_v2/docs/archive/2026-04-27_pre_bible/handoff_2026-04-19/openclaw_morning_brief_operator_dashboard_redesign_v2_verification_2026-04-23.md,5947,,2026-05-17T23:07:36.322Z,4
openclaw_morning_brief_operator_dashboard_redesign_v2_verification_2026-04-23.md,1aOAeCxt-NAaJlKaofI4su2iosWGq_vuN,Trade_AI_Docs_v2/docs/archive/2026-04-27_pre_bible/handoff_2026-04-19/openclaw_morning_brief_operator_dashboard_redesign_v2_verification_2026-04-23.md,5947,,2026-05-17T22:50:24.492Z,4
openclaw_morning_brief_operator_dashboard_redesign_v4_verification_2026-04-24.md,1deUWIhE8ZA3kimLUy5b7r6qYHVknkzqQUYHXqeKVevk,Trade_AI_Docs_v2/docs/_archive/archive/2026-04-27_pre_bible/handoff_2026-04-19/openclaw_morning_brief_operator_dashboard_redesign_v4_verification_2026-04-24.md,5422,,2026-05-21T02:53:49.903Z,4
openclaw_morning_brief_operator_dashboard_redesign_v4_verification_2026-04-24.md,1wxHpcNeKsm25PcvNmyPRHIU5tMm_9Frm,Trade_AI_Docs_v2/docs/_archive/archive/2026-04-27_pre_bible/handoff_2026-04-19/openclaw_morning_brief_operator_dashboard_redesign_v4_verification_2026-04-24.md,4895,,2026-05-18T00:05:21.273Z,4
openclaw_morning_brief_operator_dashboard_redesign_v4_verification_2026-04-24.md,1vapbZdSHcLTkEOQRfcvQepcaTcChGMmk,Trade_AI_Docs_v2/docs/archive/2026-04-27_pre_bible/handoff_2026-04-19/openclaw_morning_brief_operator_dashboard_redesign_v4_verification_2026-04-24.md,4895,,2026-05-17T23:04:46.721Z,4
openclaw_morning_brief_operator_dashboard_redesign_v4_verification_2026-04-24.md,1fiyAMN4suKyZAuO5aqg3wcpFiwKckVXp,Trade_AI_Docs_v2/docs/archive/2026-04-27_pre_bible/handoff_2026-04-19/openclaw_morning_brief_operator_dashboard_redesign_v4_verification_2026-04-24.md,4895,,2026-05-17T22:47:34.832Z,4
openclaw_notification_gmail_digest_verification_2026-04-21.md,1p4jy7c8RPdc8WGvJ-gC2aS5qW0REc-EhT6B9r1MwJ14,Trade_AI_Docs_v2/docs/_archive/archive/2026-04-27_pre_bible/handoff_2026-04-19/openclaw_notification_gmail_digest_verification_2026-04-21.md,3580,,2026-05-21T02:59:11.334Z,4
openclaw_notification_gmail_digest_verification_2026-04-21.md,1LMlTcSQSsvW3bE5FMG0rJRVLQzdJ28ib,Trade_AI_Docs_v2/docs/_archive/archive/2026-04-27_pre_bible/handoff_2026-04-19/openclaw_notification_gmail_digest_verification_2026-04-21.md,1748,,2026-05-18T00:08:06.576Z,4
openclaw_notification_gmail_digest_verification_2026-04-21.md,19heQzIqBLszVGXBCgHOkrkN2l0jz1zzY,Trade_AI_Docs_v2/docs/archive/2026-04-27_pre_bible/handoff_2026-04-19/openclaw_notification_gmail_digest_verification_2026-04-21.md,1748,,2026-05-17T23:07:34.501Z,4
openclaw_notification_gmail_digest_verification_2026-04-21.md,1G32DNPGAK77Fe6JXdN3g5WXAQkXqjd-s,Trade_AI_Docs_v2/docs/archive/2026-04-27_pre_bible/handoff_2026-04-19/openclaw_notification_gmail_digest_verification_2026-04-21.md,1748,,2026-05-17T22:50:22.807Z,4
openclaw_notification_layer_plan_2026-04-21.md,1BHlGZaRNLDb6WA2T4IDhe7CYaPuLJEg5IUZgWg6Wtzo,Trade_AI_Docs_v2/docs/_archive/archive/2026-04-27_pre_bible/handoff_2026-04-19/openclaw_notification_layer_plan_2026-04-21.md,17937,,2026-05-21T02:54:49.327Z,4
openclaw_notification_layer_plan_2026-04-21.md,1XnABk4_ZeZEu6Tj2ZEdA602VUXugsGUf,Trade_AI_Docs_v2/docs/_archive/archive/2026-04-27_pre_bible/handoff_2026-04-19/openclaw_notification_layer_plan_2026-04-21.md,15555,,2026-05-18T00:05:52.579Z,4
openclaw_notification_layer_plan_2026-04-21.md,12PWYaUZCTiowhDFhhHjDF0cwCoKYeZAz,Trade_AI_Docs_v2/docs/archive/2026-04-27_pre_bible/handoff_2026-04-19/openclaw_notification_layer_plan_2026-04-21.md,15555,,2026-05-17T23:05:18.904Z,4
openclaw_notification_layer_plan_2026-04-21.md,12rqHD5PA0tPb04BRfWAx2kwUxjsL7Juz,Trade_AI_Docs_v2/docs/archive/2026-04-27_pre_bible/handoff_2026-04-19/openclaw_notification_layer_plan_2026-04-21.md,15555,,2026-05-17T22:48:07.401Z,4
openclaw_notification_stale_data_verification_2026-04-21.md,18yO8NIzcq9O-W0iBu5umf0ffkTOvjWqQ-IfZjmQXaNM,Trade_AI_Docs_v2/docs/_archive/archive/2026-04-27_pre_bible/handoff_2026-04-19/openclaw_notification_stale_data_verification_2026-04-21.md,3490,,2026-05-21T02:49:36.123Z,4
openclaw_notification_stale_data_verification_2026-04-21.md,1JIFsllSeBaCPfpRNtcBByiJs3ikT7Al8,Trade_AI_Docs_v2/docs/_archive/archive/2026-04-27_pre_bible/handoff_2026-04-19/openclaw_notification_stale_data_verification_2026-04-21.md,1618,,2026-05-18T00:03:10.586Z,4
openclaw_notification_stale_data_verification_2026-04-21.md,1Xr1w-pHKVuyXwes4d5827JY7BrFD7u60,Trade_AI_Docs_v2/docs/archive/2026-04-27_pre_bible/handoff_2026-04-19/openclaw_notification_stale_data_verification_2026-04-21.md,1618,,2026-05-17T23:02:33.943Z,4
openclaw_notification_stale_data_verification_2026-04-21.md,1kSMsEFb_gUVMPmYU-tDK9wTFsYzZeKm2,Trade_AI_Docs_v2/docs/archive/2026-04-27_pre_bible/handoff_2026-04-19/openclaw_notification_stale_data_verification_2026-04-21.md,1618,,2026-05-17T22:45:23.607Z,4
openclaw_notification_urgent_alerts_verification_2026-04-21.md,16vqW2HGc69U1lz59YNprOEGKalNJSTGbIgreHMf7im4,Trade_AI_Docs_v2/docs/_archive/archive/2026-04-27_pre_bible/handoff_2026-04-19/openclaw_notification_urgent_alerts_verification_2026-04-21.md,4605,,2026-05-21T02:53:46.232Z,4
openclaw_notification_urgent_alerts_verification_2026-04-21.md,19qJPg1sLAlgLcHVPFIA13AbCv0pF0v6_,Trade_AI_Docs_v2/docs/_archive/archive/2026-04-27_pre_bible/handoff_2026-04-19/openclaw_notification_urgent_alerts_verification_2026-04-21.md,1899,,2026-05-18T00:05:19.583Z,4
openclaw_notification_urgent_alerts_verification_2026-04-21.md,1arC8X_R2QpV3BG4vnUIvD8k47clOD9dO,Trade_AI_Docs_v2/docs/archive/2026-04-27_pre_bible/handoff_2026-04-19/openclaw_notification_urgent_alerts_verification_2026-04-21.md,1899,,2026-05-17T23:04:44.922Z,4
openclaw_notification_urgent_alerts_verification_2026-04-21.md,1CASwR9WSwouj5sDC8e6T9lPY2sZ-aqlR,Trade_AI_Docs_v2/docs/archive/2026-04-27_pre_bible/handoff_2026-04-19/openclaw_notification_urgent_alerts_verification_2026-04-21.md,1899,,2026-05-17T22:47:32.985Z,4
openclaw_ops_env_hardening_verification_2026-04-21.md,1smJRxZhXPGRWZ9qZeQCeVcMWlXyF5d7F574VhC4kwV0,Trade_AI_Docs_v2/docs/_archive/archive/2026-04-27_pre_bible/handoff_2026-04-19/openclaw_ops_env_hardening_verification_2026-04-21.md,6434,,2026-05-21T02:52:59.077Z,4
openclaw_ops_env_hardening_verification_2026-04-21.md,1ewY77S0TozAD4rcBcnVQuh07uxSTuNni,Trade_AI_Docs_v2/docs/_archive/archive/2026-04-27_pre_bible/handoff_2026-04-19/openclaw_ops_env_hardening_verification_2026-04-21.md,4132,,2026-05-18T00:04:55.224Z,4
openclaw_ops_env_hardening_verification_2026-04-21.md,1Rq2I5yNx33KKWHFH5ROjYs4ynHnrooYK,Trade_AI_Docs_v2/docs/archive/2026-04-27_pre_bible/handoff_2026-04-19/openclaw_ops_env_hardening_verification_2026-04-21.md,4132,,2026-05-17T23:04:19.736Z,4
openclaw_ops_env_hardening_verification_2026-04-21.md,1K2pqUIESKQCzZ3XmjjaCGkqaik62CaWS,Trade_AI_Docs_v2/docs/archive/2026-04-27_pre_bible/handoff_2026-04-19/openclaw_ops_env_hardening_verification_2026-04-21.md,4132,,2026-05-17T22:47:07.908Z,4
openclaw_phase_a1_foundation_plan_2026-04-20.md,1PDoaoGxuhM3sIyXTRc66BBeZjzsy2n9Ie8aJX1GN1nU,Trade_AI_Docs_v2/docs/_archive/archive/2026-04-27_pre_bible/handoff_2026-04-19/openclaw_phase_a1_foundation_plan_2026-04-20.md,20653,,2026-05-21T02:57:34.051Z,4
openclaw_phase_a1_foundation_plan_2026-04-20.md,12KCkibzwqKMNqtp9t-81FIPZBfMJnxBz,Trade_AI_Docs_v2/docs/_archive/archive/2026-04-27_pre_bible/handoff_2026-04-19/openclaw_phase_a1_foundation_plan_2026-04-20.md,18430,,2026-05-18T00:07:15.466Z,4
openclaw_phase_a1_foundation_plan_2026-04-20.md,1dLrDB6DKMtYfSvPfpfts1U7GrmXZ2p8a,Trade_AI_Docs_v2/docs/archive/2026-04-27_pre_bible/handoff_2026-04-19/openclaw_phase_a1_foundation_plan_2026-04-20.md,18430,,2026-05-17T23:06:42.659Z,4
openclaw_phase_a1_foundation_plan_2026-04-20.md,1lWexJapBZH53_0Y2wxGqw78RbIEHZGWz,Trade_AI_Docs_v2/docs/archive/2026-04-27_pre_bible/handoff_2026-04-19/openclaw_phase_a1_foundation_plan_2026-04-20.md,18430,,2026-05-17T22:49:31.113Z,4
openclaw_phase_a1_verification_2026-04-20.md,1d3LPVElENXyhv98wkP0vO3RTeSfTs6AU28Czh5QydEs,Trade_AI_Docs_v2/docs/_archive/archive/2026-04-27_pre_bible/handoff_2026-04-19/openclaw_phase_a1_verification_2026-04-20.md,10448,,2026-05-21T02:53:31.073Z,4
openclaw_phase_a1_verification_2026-04-20.md,1xKGIRenoofpX_vHr2xAQ2wPNd8kejzRo,Trade_AI_Docs_v2/docs/_archive/archive/2026-04-27_pre_bible/handoff_2026-04-19/openclaw_phase_a1_verification_2026-04-20.md,6077,,2026-05-18T00:05:10.270Z,4
openclaw_phase_a1_verification_2026-04-20.md,1xm2UTrx8nav_tevnYo-Hc4IXmJ5d4d0i,Trade_AI_Docs_v2/docs/archive/2026-04-27_pre_bible/handoff_2026-04-19/openclaw_phase_a1_verification_2026-04-20.md,6077,,2026-05-17T23:04:35.939Z,4
openclaw_phase_a1_verification_2026-04-20.md,1_wN1BNzRyDPPoSjDj8Bj-d11iYAjP8D_,Trade_AI_Docs_v2/docs/archive/2026-04-27_pre_bible/handoff_2026-04-19/openclaw_phase_a1_verification_2026-04-20.md,6077,,2026-05-17T22:47:24.020Z,4
openclaw_phase_a2_enrichment_plan_2026-04-20.md,1TvlLh3JE20VGs_RlahkbyPLxvP0ZjKC0kVBGzpCOetI,Trade_AI_Docs_v2/docs/_archive/archive/2026-04-27_pre_bible/handoff_2026-04-19/openclaw_phase_a2_enrichment_plan_2026-04-20.md,17096,,2026-05-21T02:50:53.069Z,4
openclaw_phase_a2_enrichment_plan_2026-04-20.md,1SIRZ6pONIO1lT2sJt-n7djMnr4mGrefw,Trade_AI_Docs_v2/docs/_archive/archive/2026-04-27_pre_bible/handoff_2026-04-19/openclaw_phase_a2_enrichment_plan_2026-04-20.md,14314,,2026-05-18T00:03:47.619Z,4
openclaw_phase_a2_enrichment_plan_2026-04-20.md,1tYK8uw1sGo7zjSaEmX5HNjnFG3XbSM1E,Trade_AI_Docs_v2/docs/archive/2026-04-27_pre_bible/handoff_2026-04-19/openclaw_phase_a2_enrichment_plan_2026-04-20.md,14314,,2026-05-17T23:03:11.072Z,4
openclaw_phase_a2_enrichment_plan_2026-04-20.md,1r_SOCQ0EToG-HfGWveQs49kAPHikjc47,Trade_AI_Docs_v2/docs/archive/2026-04-27_pre_bible/handoff_2026-04-19/openclaw_phase_a2_enrichment_plan_2026-04-20.md,14314,,2026-05-17T22:46:00.759Z,4
openclaw_phase_a2_enrichment_verification_2026-04-20.md,16D6apK7aUvs40KS3IySrASvVjzLGeGaxAdQFkhhrfSY,Trade_AI_Docs_v2/docs/_archive/archive/2026-04-27_pre_bible/handoff_2026-04-19/openclaw_phase_a2_enrichment_verification_2026-04-20.md,8065,,2026-05-21T02:59:04.700Z,4
openclaw_phase_a2_enrichment_verification_2026-04-20.md,1T5c2AjtPVeni8wVwtFrnCcp8QVNzgImp,Trade_AI_Docs_v2/docs/_archive/archive/2026-04-27_pre_bible/handoff_2026-04-19/openclaw_phase_a2_enrichment_verification_2026-04-20.md,4667,,2026-05-18T00:08:03.135Z,4
openclaw_phase_a2_enrichment_verification_2026-04-20.md,1Xp_L8GvtGoRfFo-A2e2S02dNToX-2n_b,Trade_AI_Docs_v2/docs/archive/2026-04-27_pre_bible/handoff_2026-04-19/openclaw_phase_a2_enrichment_verification_2026-04-20.md,4667,,2026-05-17T23:07:30.861Z,4
openclaw_phase_a2_enrichment_verification_2026-04-20.md,1udnQMDhDA5FnFHScveQiowbHf7yigdgT,Trade_AI_Docs_v2/docs/archive/2026-04-27_pre_bible/handoff_2026-04-19/openclaw_phase_a2_enrichment_verification_2026-04-20.md,4667,,2026-05-17T22:50:19.399Z,4
openclaw_phase_a2_supervisory_verification_2026-04-20.md,1EMYDst4RSgNLjPh65D06gBkmcEDN-qYkjgEy7B2v5Vs,Trade_AI_Docs_v2/docs/_archive/archive/2026-04-27_pre_bible/handoff_2026-04-19/openclaw_phase_a2_supervisory_verification_2026-04-20.md,7879,,2026-05-21T02:56:21.142Z,4
openclaw_phase_a2_supervisory_verification_2026-04-20.md,1WnfAipFGrGp5JJBrCTZqrJNq8IshDoG_,Trade_AI_Docs_v2/docs/_archive/archive/2026-04-27_pre_bible/handoff_2026-04-19/openclaw_phase_a2_supervisory_verification_2026-04-20.md,4653,,2026-05-18T00:06:37.620Z,4
openclaw_phase_a2_supervisory_verification_2026-04-20.md,1FFU1JQfqKySq20m_Dul486br3JJseGDc,Trade_AI_Docs_v2/docs/archive/2026-04-27_pre_bible/handoff_2026-04-19/openclaw_phase_a2_supervisory_verification_2026-04-20.md,4653,,2026-05-17T23:06:05.546Z,4
openclaw_phase_a2_supervisory_verification_2026-04-20.md,1YEQ9sw36PIiDnvPaVBthFi2-in7ZFauV,Trade_AI_Docs_v2/docs/archive/2026-04-27_pre_bible/handoff_2026-04-19/openclaw_phase_a2_supervisory_verification_2026-04-20.md,4653,,2026-05-17T22:48:54.276Z,4
openclaw_portfolio_advisor_planning_brief_2026-04-20.md,1FQlsgNVigxnr7DLMTzekSyOP-pd5obrv6u7SPJxTgqs,Trade_AI_Docs_v2/docs/_archive/archive/2026-04-27_pre_bible/handoff_2026-04-19/openclaw_portfolio_advisor_planning_brief_2026-04-20.md,29667,,2026-05-21T02:55:48.455Z,4
openclaw_portfolio_advisor_planning_brief_2026-04-20.md,1AEjSEGc7j5bo-gf2RWb3YJgq95tySXGq,Trade_AI_Docs_v2/docs/_archive/archive/2026-04-27_pre_bible/handoff_2026-04-19/openclaw_portfolio_advisor_planning_brief_2026-04-20.md,28404,,2026-05-18T00:06:21.730Z,4
openclaw_portfolio_advisor_planning_brief_2026-04-20.md,1cVUY7ngN51pJ3Dj7JhXWPUIsIbl4H-vi,Trade_AI_Docs_v2/docs/archive/2026-04-27_pre_bible/handoff_2026-04-19/openclaw_portfolio_advisor_planning_brief_2026-04-20.md,28404,,2026-05-17T23:05:49.316Z,4
openclaw_portfolio_advisor_planning_brief_2026-04-20.md,1LJzEFbEc8HqEskgk9CurDI-QzxJjTkGA,Trade_AI_Docs_v2/docs/archive/2026-04-27_pre_bible/handoff_2026-04-19/openclaw_portfolio_advisor_planning_brief_2026-04-20.md,28404,,2026-05-17T22:48:38.478Z,4
openclaw_portfolio_server_db_helper_cleanup_verification_2026-04-21.md,1fXSQLsKD0Uamhp4PPt6O0ziR3A-uDJNVzKYFnwb9NaI,Trade_AI_Docs_v2/docs/_archive/archive/2026-04-27_pre_bible/handoff_2026-04-19/openclaw_portfolio_server_db_helper_cleanup_verification_2026-04-21.md,4106,,2026-05-21T03:00:21.375Z,3
openclaw_portfolio_server_db_helper_cleanup_verification_2026-04-21.md,1yxtrFsqKRa0bowuCDZGhfN8jkh-jynS8,Trade_AI_Docs_v2/docs/_archive/archive/2026-04-27_pre_bible/handoff_2026-04-19/openclaw_portfolio_server_db_helper_cleanup_verification_2026-04-21.md,2172,,2026-05-18T00:08:43.478Z,3
openclaw_portfolio_server_db_helper_cleanup_verification_2026-04-21.md,10KgKigKyrCZWzG6_ohZAFqPGbagst9Bo,Trade_AI_Docs_v2/docs/archive/2026-04-27_pre_bible/handoff_2026-04-19/openclaw_portfolio_server_db_helper_cleanup_verification_2026-04-21.md,2172,,2026-05-17T22:50:58.670Z,3
openclaw_recommendation_article_refinement_verification_2026-04-20.md,1bD1H6ytenxh3qzl6HWwZM2N1jAMcGK3uql6BhzgMqrg,Trade_AI_Docs_v2/docs/_archive/archive/2026-04-27_pre_bible/handoff_2026-04-19/openclaw_recommendation_article_refinement_verification_2026-04-20.md,5288,,2026-05-21T02:55:44.328Z,4
openclaw_recommendation_article_refinement_verification_2026-04-20.md,1GlLzTVWbLt11dtPW6yK-ZXK78em-yjGU,Trade_AI_Docs_v2/docs/_archive/archive/2026-04-27_pre_bible/handoff_2026-04-19/openclaw_recommendation_article_refinement_verification_2026-04-20.md,2792,,2026-05-18T00:06:20.043Z,4
openclaw_recommendation_article_refinement_verification_2026-04-20.md,1rqWSe02CGuSZR6hQVKeC_xrGPFghieMG,Trade_AI_Docs_v2/docs/archive/2026-04-27_pre_bible/handoff_2026-04-19/openclaw_recommendation_article_refinement_verification_2026-04-20.md,2792,,2026-05-17T23:05:47.459Z,4
openclaw_recommendation_article_refinement_verification_2026-04-20.md,1_QKQS3IH5sHHd3hKpvpgJPqNJk29GKuN,Trade_AI_Docs_v2/docs/archive/2026-04-27_pre_bible/handoff_2026-04-19/openclaw_recommendation_article_refinement_verification_2026-04-20.md,2792,,2026-05-17T22:48:36.753Z,4
openclaw_recommendation_draft_expiration_verification_2026-04-21.md,17IvUXSf_kpsBDhiMF_LQYg9HzppJH25uGHy1GFrLQyM,Trade_AI_Docs_v2/docs/_archive/archive/2026-04-27_pre_bible/handoff_2026-04-19/openclaw_recommendation_draft_expiration_verification_2026-04-21.md,3017,,2026-05-21T02:49:22.264Z,4
openclaw_recommendation_draft_expiration_verification_2026-04-21.md,1vXgjXy4JEEgdAPH0fgy_Jq96UYisf2dr,Trade_AI_Docs_v2/docs/_archive/archive/2026-04-27_pre_bible/handoff_2026-04-19/openclaw_recommendation_draft_expiration_verification_2026-04-21.md,1292,,2026-05-18T00:03:03.065Z,4
openclaw_recommendation_draft_expiration_verification_2026-04-21.md,1LsM5eCWLbmIq2wZ-MrTEGOuBxb6bdSW0,Trade_AI_Docs_v2/docs/archive/2026-04-27_pre_bible/handoff_2026-04-19/openclaw_recommendation_draft_expiration_verification_2026-04-21.md,1292,,2026-05-17T23:02:27.204Z,4
openclaw_recommendation_draft_expiration_verification_2026-04-21.md,1y7g78KUkaETDdFcvfCQC8Xg5dGaumRw6,Trade_AI_Docs_v2/docs/archive/2026-04-27_pre_bible/handoff_2026-04-19/openclaw_recommendation_draft_expiration_verification_2026-04-21.md,1292,,2026-05-17T22:45:16.462Z,4
openclaw_recommendation_draft_plan_2026-04-20.md,1aifpBWOFaxv_Rm2trqCjG5a97oi1vkrZx0L7xOF9yYE,Trade_AI_Docs_v2/docs/_archive/archive/2026-04-27_pre_bible/handoff_2026-04-19/openclaw_recommendation_draft_plan_2026-04-20.md,15532,,2026-05-21T02:51:23.829Z,4
openclaw_recommendation_draft_plan_2026-04-20.md,1iRaIOa7rKPJld99fiqqVmL2FvgyKj2OO,Trade_AI_Docs_v2/docs/_archive/archive/2026-04-27_pre_bible/handoff_2026-04-19/openclaw_recommendation_draft_plan_2026-04-20.md,15238,,2026-05-18T00:04:03.187Z,4
openclaw_recommendation_draft_plan_2026-04-20.md,1LRQMXC884rQ43tsu9GBjhWMrde5I_7XN,Trade_AI_Docs_v2/docs/archive/2026-04-27_pre_bible/handoff_2026-04-19/openclaw_recommendation_draft_plan_2026-04-20.md,15238,,2026-05-17T23:03:27.286Z,4
openclaw_recommendation_draft_plan_2026-04-20.md,1EEBdvY-2pRcAjcimzGdz9uTeZans0HNw,Trade_AI_Docs_v2/docs/archive/2026-04-27_pre_bible/handoff_2026-04-19/openclaw_recommendation_draft_plan_2026-04-20.md,15238,,2026-05-17T22:46:16.766Z,4
openclaw_recommendation_draft_verification_2026-04-20.md,1QuMIkv5vGPD-yxkaSZhlNhfDHiDtoWUzaC7XI8Od6Zg,Trade_AI_Docs_v2/docs/_archive/archive/2026-04-27_pre_bible/handoff_2026-04-19/openclaw_recommendation_draft_verification_2026-04-20.md,6017,,2026-05-21T02:58:07.193Z,4
openclaw_recommendation_draft_verification_2026-04-20.md,11blBkqosDjWJqNRfIGRu7bUmDTZJv8bN,Trade_AI_Docs_v2/docs/_archive/archive/2026-04-27_pre_bible/handoff_2026-04-19/openclaw_recommendation_draft_verification_2026-04-20.md,3218,,2026-05-18T00:07:33.078Z,4
openclaw_recommendation_draft_verification_2026-04-20.md,17io2iWc73C3xeLlF5W5xAc_TfUt89Wlv,Trade_AI_Docs_v2/docs/archive/2026-04-27_pre_bible/handoff_2026-04-19/openclaw_recommendation_draft_verification_2026-04-20.md,3218,,2026-05-17T23:07:00.031Z,4
openclaw_recommendation_draft_verification_2026-04-20.md,1nE6vv5XiMKe41n_YIhwwl594YNMLzYW0,Trade_AI_Docs_v2/docs/archive/2026-04-27_pre_bible/handoff_2026-04-19/openclaw_recommendation_draft_verification_2026-04-20.md,3218,,2026-05-17T22:49:49.515Z,4
openclaw_recovery_automation_phase2_verification_2026-04-22.md,1OsbHhPwDC2pkd7yxNp0LuwHxqqErcVogtl5pXp77t18,Trade_AI_Docs_v2/docs/_archive/archive/2026-04-27_pre_bible/handoff_2026-04-19/openclaw_recovery_automation_phase2_verification_2026-04-22.md,6544,,2026-05-21T02:53:05.707Z,4
openclaw_recovery_automation_phase2_verification_2026-04-22.md,1fZFw2vvdhVOeEDE7I0oYVgWb_APu9LRY,Trade_AI_Docs_v2/docs/_archive/archive/2026-04-27_pre_bible/handoff_2026-04-19/openclaw_recovery_automation_phase2_verification_2026-04-22.md,4504,,2026-05-18T00:04:58.592Z,4
openclaw_recovery_automation_phase2_verification_2026-04-22.md,18ZWqlLZPaftFhSenxwJ3ecIVnXPx3zFU,Trade_AI_Docs_v2/docs/archive/2026-04-27_pre_bible/handoff_2026-04-19/openclaw_recovery_automation_phase2_verification_2026-04-22.md,4504,,2026-05-17T23:04:23.213Z,4
openclaw_recovery_automation_phase2_verification_2026-04-22.md,1jTqa2W54-gpuMVf_Rsvh7OI8HBtv1cmY,Trade_AI_Docs_v2/docs/archive/2026-04-27_pre_bible/handoff_2026-04-19/openclaw_recovery_automation_phase2_verification_2026-04-22.md,4504,,2026-05-17T22:47:11.464Z,4
openclaw_skills_inventory_2026-04-20.md,1B39c82eqMshqNjfGEPSAfEsaz6QREl-T1-EekHDAM4E,Trade_AI_Docs_v2/docs/_archive/archive/2026-04-27_pre_bible/handoff_2026-04-19/openclaw_skills_inventory_2026-04-20.md,13431,,2026-05-21T02:53:20.695Z,4
openclaw_skills_inventory_2026-04-20.md,10AVNAEAHVc8AlFsKEsR59QUFCUlaUxIE,Trade_AI_Docs_v2/docs/_archive/archive/2026-04-27_pre_bible/handoff_2026-04-19/openclaw_skills_inventory_2026-04-20.md,14571,,2026-05-18T00:05:05.342Z,4
openclaw_skills_inventory_2026-04-20.md,1NLhkncuXGUCS7unSilp88Wp9waQc0jf5,Trade_AI_Docs_v2/docs/archive/2026-04-27_pre_bible/handoff_2026-04-19/openclaw_skills_inventory_2026-04-20.md,14571,,2026-05-17T23:04:30.479Z,4
openclaw_skills_inventory_2026-04-20.md,1BWdf3uAXrSYpZ_iw-gci4Wr0Elr5UZG8,Trade_AI_Docs_v2/docs/archive/2026-04-27_pre_bible/handoff_2026-04-19/openclaw_skills_inventory_2026-04-20.md,14571,,2026-05-17T22:47:18.564Z,4
openclaw_steph_bridge_skill_plan_2026-04-20.md,1vVwJ3UG13yZR-1BTT79P_oeRGLqJ-2eT57pK3LmISUc,Trade_AI_Docs_v2/docs/_archive/archive/2026-04-27_pre_bible/handoff_2026-04-19/openclaw_steph_bridge_skill_plan_2026-04-20.md,17159,,2026-05-21T02:58:10.916Z,4
openclaw_steph_bridge_skill_plan_2026-04-20.md,1g8RDWA9BBdxcHQ_No7PWiLkJ6AJe884X,Trade_AI_Docs_v2/docs/_archive/archive/2026-04-27_pre_bible/handoff_2026-04-19/openclaw_steph_bridge_skill_plan_2026-04-20.md,16323,,2026-05-18T00:07:34.837Z,4
openclaw_steph_bridge_skill_plan_2026-04-20.md,1MsQlsr15A9uYmv-C5hkbX9FR0iOVvfvt,Trade_AI_Docs_v2/docs/archive/2026-04-27_pre_bible/handoff_2026-04-19/openclaw_steph_bridge_skill_plan_2026-04-20.md,16323,,2026-05-17T23:07:01.712Z,4
openclaw_steph_bridge_skill_plan_2026-04-20.md,1-GG1b5Ytj4KyKXH7chI50bSK9dPESPgN,Trade_AI_Docs_v2/docs/archive/2026-04-27_pre_bible/handoff_2026-04-19/openclaw_steph_bridge_skill_plan_2026-04-20.md,16323,,2026-05-17T22:49:51.194Z,4
openclaw_steph_bridge_skill_verification_2026-04-20.md,15lt3S8z1Y0lgPVzjmOCTX7BfhGHYW6ohYipUADQIeFc,Trade_AI_Docs_v2/docs/_archive/archive/2026-04-27_pre_bible/handoff_2026-04-19/openclaw_steph_bridge_skill_verification_2026-04-20.md,6739,,2026-05-21T02:49:25.668Z,4
openclaw_steph_bridge_skill_verification_2026-04-20.md,1CafaChdk9SasOor_hmF783F1QyqWHEgx,Trade_AI_Docs_v2/docs/_archive/archive/2026-04-27_pre_bible/handoff_2026-04-19/openclaw_steph_bridge_skill_verification_2026-04-20.md,4372,,2026-05-18T00:03:04.861Z,4
openclaw_steph_bridge_skill_verification_2026-04-20.md,1Ku3_IrGHnt0ZPPQdrq_mMwAQsWcW_oaO,Trade_AI_Docs_v2/docs/archive/2026-04-27_pre_bible/handoff_2026-04-19/openclaw_steph_bridge_skill_verification_2026-04-20.md,4372,,2026-05-17T23:02:28.898Z,4
openclaw_steph_bridge_skill_verification_2026-04-20.md,1kE2EMjRdsbdqrWdHgTQZKiPKtZyKC8wx,Trade_AI_Docs_v2/docs/archive/2026-04-27_pre_bible/handoff_2026-04-19/openclaw_steph_bridge_skill_verification_2026-04-20.md,4372,,2026-05-17T22:45:18.187Z,4
openclaw_steph_soul_autorefresh_verification_2026-04-21.md,17DDckXRlwFLrrDG6uY7lLLJtFxYZ6Bf__KgNGT8wN_g,Trade_AI_Docs_v2/docs/_archive/archive/2026-04-27_pre_bible/handoff_2026-04-19/openclaw_steph_soul_autorefresh_verification_2026-04-21.md,5307,,2026-05-21T02:49:15.557Z,4
openclaw_steph_soul_autorefresh_verification_2026-04-21.md,1LVfq6EUEpzaSg1j6XZ-ZkBlY8VuC5_Vi,Trade_AI_Docs_v2/docs/_archive/archive/2026-04-27_pre_bible/handoff_2026-04-19/openclaw_steph_soul_autorefresh_verification_2026-04-21.md,3858,,2026-05-18T00:02:59.564Z,4
openclaw_steph_soul_autorefresh_verification_2026-04-21.md,1dcm5ISfInAsiRSbf_7NDyNYJdgDxycG-,Trade_AI_Docs_v2/docs/archive/2026-04-27_pre_bible/handoff_2026-04-19/openclaw_steph_soul_autorefresh_verification_2026-04-21.md,3858,,2026-05-17T23:02:23.722Z,4
openclaw_steph_soul_autorefresh_verification_2026-04-21.md,1-_a-NJ5ohS6XUjO7EKAxPDfhD8XZSoLL,Trade_AI_Docs_v2/docs/archive/2026-04-27_pre_bible/handoff_2026-04-19/openclaw_steph_soul_autorefresh_verification_2026-04-21.md,3858,,2026-05-17T22:45:12.467Z,4
openclaw_steph_soul_daily_wiring_verification_2026-04-21.md,1Qjwycvd1ERoEFUtELuJCNkkGukOiY8JvvZeCaB6-VdE,Trade_AI_Docs_v2/docs/_archive/archive/2026-04-27_pre_bible/handoff_2026-04-19/openclaw_steph_soul_daily_wiring_verification_2026-04-21.md,2776,,2026-05-21T02:57:40.284Z,4
openclaw_steph_soul_daily_wiring_verification_2026-04-21.md,1IcbSVj1OCqrU2A3yihzUZxUV9iZjqz0C,Trade_AI_Docs_v2/docs/_archive/archive/2026-04-27_pre_bible/handoff_2026-04-19/openclaw_steph_soul_daily_wiring_verification_2026-04-21.md,1058,,2026-05-18T00:07:18.897Z,4
openclaw_steph_soul_daily_wiring_verification_2026-04-21.md,1M9dZvB7-vj23opC79_RdIIbVIJlj9YwP,Trade_AI_Docs_v2/docs/archive/2026-04-27_pre_bible/handoff_2026-04-19/openclaw_steph_soul_daily_wiring_verification_2026-04-21.md,1058,,2026-05-17T23:06:46.193Z,4
openclaw_steph_soul_daily_wiring_verification_2026-04-21.md,1MdgfJh7oUPd8OCNwrNTgc4CYfhgP__tt,Trade_AI_Docs_v2/docs/archive/2026-04-27_pre_bible/handoff_2026-04-19/openclaw_steph_soul_daily_wiring_verification_2026-04-21.md,1058,,2026-05-17T22:49:34.631Z,4
openclaw_stop_brief_coverage_map_2026-04-24.md,1cyuFnryK3zd1EDFHAtRFZloIDAcIBhzVf8QD7sUB824,Trade_AI_Docs_v2/docs/_archive/archive/2026-04-27_pre_bible/handoff_2026-04-19/openclaw_stop_brief_coverage_map_2026-04-24.md,4082,,2026-05-21T02:51:48.821Z,4
openclaw_stop_brief_coverage_map_2026-04-24.md,1ZxXHPWk2XkGteF-aHT7bXqx9pntf0trf,Trade_AI_Docs_v2/docs/_archive/archive/2026-04-27_pre_bible/handoff_2026-04-19/openclaw_stop_brief_coverage_map_2026-04-24.md,2419,,2026-05-18T00:04:18.704Z,4
openclaw_stop_brief_coverage_map_2026-04-24.md,1WG5leyvZUyrGyke6wYv-gvcsIbsEkYwj,Trade_AI_Docs_v2/docs/archive/2026-04-27_pre_bible/handoff_2026-04-19/openclaw_stop_brief_coverage_map_2026-04-24.md,2419,,2026-05-17T23:03:43.722Z,4
openclaw_stop_brief_coverage_map_2026-04-24.md,1xVx1kbXG5ZCXwe6gVrCz1zloKzZtRzJs,Trade_AI_Docs_v2/docs/archive/2026-04-27_pre_bible/handoff_2026-04-19/openclaw_stop_brief_coverage_map_2026-04-24.md,2419,,2026-05-17T22:46:32.648Z,4
openclaw_stop_brief_price_integrity_and_same_run_steph_fix_2026-04-24.md,1uzNEO8RlQkNEdRvZe3i6YYlAT0SOtPMD7GKLo07DQCY,Trade_AI_Docs_v2/docs/_archive/archive/2026-04-27_pre_bible/handoff_2026-04-19/openclaw_stop_brief_price_integrity_and_same_run_steph_fix_2026-04-24.md,6711,,2026-05-21T02:58:58.011Z,4
openclaw_stop_brief_price_integrity_and_same_run_steph_fix_2026-04-24.md,1eUEKLGl_bfoJ_n7RrELBNp0wBD0lo1rr,Trade_AI_Docs_v2/docs/_archive/archive/2026-04-27_pre_bible/handoff_2026-04-19/openclaw_stop_brief_price_integrity_and_same_run_steph_fix_2026-04-24.md,4641,,2026-05-18T00:07:59.347Z,4
openclaw_stop_brief_price_integrity_and_same_run_steph_fix_2026-04-24.md,140KOVQnXeQXsBKEoMeroj91-baXdN2ak,Trade_AI_Docs_v2/docs/archive/2026-04-27_pre_bible/handoff_2026-04-19/openclaw_stop_brief_price_integrity_and_same_run_steph_fix_2026-04-24.md,4641,,2026-05-17T23:07:27.226Z,4
openclaw_stop_brief_price_integrity_and_same_run_steph_fix_2026-04-24.md,1fyLjxt9nY2ltKSVjlHEleOBJ7OclQJox,Trade_AI_Docs_v2/docs/archive/2026-04-27_pre_bible/handoff_2026-04-19/openclaw_stop_brief_price_integrity_and_same_run_steph_fix_2026-04-24.md,4641,,2026-05-17T22:50:15.977Z,4
openclaw_stop_confirmation_temp_allocation_verification_2026-04-22.md,1YKmECrzBZ0xlZvGDdIIzjRVcztCsSNEgP6JemMdca64,Trade_AI_Docs_v2/docs/_archive/archive/2026-04-27_pre_bible/handoff_2026-04-19/openclaw_stop_confirmation_temp_allocation_verification_2026-04-22.md,7004,,2026-05-21T03:00:17.553Z,3
openclaw_stop_confirmation_temp_allocation_verification_2026-04-22.md,1xQB8ufAruxC3Gt_Cy7ev51Ysv3c6GHA3,Trade_AI_Docs_v2/docs/_archive/archive/2026-04-27_pre_bible/handoff_2026-04-19/openclaw_stop_confirmation_temp_allocation_verification_2026-04-22.md,5382,,2026-05-18T00:08:41.656Z,3
openclaw_stop_confirmation_temp_allocation_verification_2026-04-22.md,1hIhNpfiwa_z9LLuF9jyC90H-pXQpMDH9,Trade_AI_Docs_v2/docs/archive/2026-04-27_pre_bible/handoff_2026-04-19/openclaw_stop_confirmation_temp_allocation_verification_2026-04-22.md,5382,,2026-05-17T22:50:56.842Z,3
openclaw_stop_reply_and_allocation_depth_verification_2026-04-22.md,14gVM-G2VIOlfIn8f2SKAHhjCnvy8-HXj6yiC5WCqJ78,Trade_AI_Docs_v2/docs/_archive/archive/2026-04-27_pre_bible/handoff_2026-04-19/openclaw_stop_reply_and_allocation_depth_verification_2026-04-22.md,7357,,2026-05-21T02:51:20.238Z,4
openclaw_stop_reply_and_allocation_depth_verification_2026-04-22.md,1PKiGortkjkoCWbznQXLt75z6erhGO-fC,Trade_AI_Docs_v2/docs/_archive/archive/2026-04-27_pre_bible/handoff_2026-04-19/openclaw_stop_reply_and_allocation_depth_verification_2026-04-22.md,5213,,2026-05-18T00:04:01.538Z,4
openclaw_stop_reply_and_allocation_depth_verification_2026-04-22.md,1c4juauNv-Fnkv-3sttyOFTvaP3vLxPpj,Trade_AI_Docs_v2/docs/archive/2026-04-27_pre_bible/handoff_2026-04-19/openclaw_stop_reply_and_allocation_depth_verification_2026-04-22.md,5213,,2026-05-17T23:03:25.253Z,4
openclaw_stop_reply_and_allocation_depth_verification_2026-04-22.md,1p2QsMGQ-5ajk8_nS6xI1UK7UZjMn4JKP,Trade_AI_Docs_v2/docs/archive/2026-04-27_pre_bible/handoff_2026-04-19/openclaw_stop_reply_and_allocation_depth_verification_2026-04-22.md,5213,,2026-05-17T22:46:15.118Z,4
openclaw_stopped_out_reentry_watch_verification_2026-04-22.md,1Y6J5C4jwUULYVHKlWREbku8A92jqIjFF-DL1K8hzaoA,Trade_AI_Docs_v2/docs/_archive/archive/2026-04-27_pre_bible/handoff_2026-04-19/openclaw_stopped_out_reentry_watch_verification_2026-04-22.md,6094,,2026-05-21T02:52:20.724Z,4
openclaw_stopped_out_reentry_watch_verification_2026-04-22.md,1nhaG-N7W4cb_jq61oJEc69-43IyjQQ9d,Trade_AI_Docs_v2/docs/_archive/archive/2026-04-27_pre_bible/handoff_2026-04-19/openclaw_stopped_out_reentry_watch_verification_2026-04-22.md,4581,,2026-05-18T00:04:35.637Z,4
openclaw_stopped_out_reentry_watch_verification_2026-04-22.md,1jBR4Q6ZquWd3bQ_3wcVq3CiSikEGDAZ4,Trade_AI_Docs_v2/docs/archive/2026-04-27_pre_bible/handoff_2026-04-19/openclaw_stopped_out_reentry_watch_verification_2026-04-22.md,4581,,2026-05-17T23:04:00.577Z,4
openclaw_stopped_out_reentry_watch_verification_2026-04-22.md,11btrcpwMbtwqCkXGSrI0Mv8TuaXXYOrN,Trade_AI_Docs_v2/docs/archive/2026-04-27_pre_bible/handoff_2026-04-19/openclaw_stopped_out_reentry_watch_verification_2026-04-22.md,4581,,2026-05-17T22:46:48.741Z,4
openclaw_supervisory_schema_plan_2026-04-20.md,1EYHgB6hLu47ry3hduWF3xoiyLCDDRRcfWEHUC0xxOTM,Trade_AI_Docs_v2/docs/_archive/archive/2026-04-27_pre_bible/handoff_2026-04-19/openclaw_supervisory_schema_plan_2026-04-20.md,30630,,2026-05-21T03:01:24.956Z,3
openclaw_supervisory_schema_plan_2026-04-20.md,1QwYUHJRLRlJFF6yhiS9f52iXw1Ngv_bB,Trade_AI_Docs_v2/docs/_archive/archive/2026-04-27_pre_bible/handoff_2026-04-19/openclaw_supervisory_schema_plan_2026-04-20.md,28143,,2026-05-18T00:09:10.413Z,3
openclaw_supervisory_schema_plan_2026-04-20.md,1vnCsEGovZDLVdslfoApKepXLlLlXV8eX,Trade_AI_Docs_v2/docs/archive/2026-04-27_pre_bible/handoff_2026-04-19/openclaw_supervisory_schema_plan_2026-04-20.md,28143,,2026-05-17T22:51:24.891Z,3
openclaw_system_guide_current_2026-04-23.md,1_Tn1Dt1QKYu8RhgdAovcW2xciUNwnHPllNmucTlWGGE,Trade_AI_Docs_v2/docs/_archive/archive/2026-04-27_pre_bible/handoff_2026-04-19/openclaw_system_guide_current_2026-04-23.md,6581,,2026-05-21T02:58:51.013Z,4
openclaw_system_guide_current_2026-04-23.md,16DtNBDcuwdRknFXYz9i-21szFFE_Pj8r,Trade_AI_Docs_v2/docs/_archive/archive/2026-04-27_pre_bible/handoff_2026-04-19/openclaw_system_guide_current_2026-04-23.md,5322,,2026-05-18T00:07:55.794Z,4
openclaw_system_guide_current_2026-04-23.md,1YnVe0EekaUZo9xcMBUJ4y-78OusrWF1q,Trade_AI_Docs_v2/docs/archive/2026-04-27_pre_bible/handoff_2026-04-19/openclaw_system_guide_current_2026-04-23.md,5322,,2026-05-17T23:07:23.616Z,4
openclaw_system_guide_current_2026-04-23.md,1t12afsMXpSp2W6X3me2KHt2LPsBS75kD,Trade_AI_Docs_v2/docs/archive/2026-04-27_pre_bible/handoff_2026-04-19/openclaw_system_guide_current_2026-04-23.md,5322,,2026-05-17T22:50:12.521Z,4
openclaw_task10_holding_yields_verification_2026-04-21.md,19TvaMash8hkORVHbjHCASGPeXVf7sWSX3yI2JjbNfuw,Trade_AI_Docs_v2/docs/_archive/archive/2026-04-27_pre_bible/handoff_2026-04-19/openclaw_task10_holding_yields_verification_2026-04-21.md,7985,,2026-05-21T02:55:26.789Z,4
openclaw_task10_holding_yields_verification_2026-04-21.md,1-no6qBFqdFI0wctj8Q83LEGPDo--OLfY,Trade_AI_Docs_v2/docs/_archive/archive/2026-04-27_pre_bible/handoff_2026-04-19/openclaw_task10_holding_yields_verification_2026-04-21.md,3643,,2026-05-18T00:06:11.708Z,4
openclaw_task10_holding_yields_verification_2026-04-21.md,1_FrsCsvucUPfalaBGFHoeyd0BIB0qJAa,Trade_AI_Docs_v2/docs/archive/2026-04-27_pre_bible/handoff_2026-04-19/openclaw_task10_holding_yields_verification_2026-04-21.md,3643,,2026-05-17T23:05:38.689Z,4
openclaw_task10_holding_yields_verification_2026-04-21.md,1TpWMnASaC8E1LjjTXEXAV2GxjQPFKsMW,Trade_AI_Docs_v2/docs/archive/2026-04-27_pre_bible/handoff_2026-04-19/openclaw_task10_holding_yields_verification_2026-04-21.md,3643,,2026-05-17T22:48:27.331Z,4
openclaw_ticker_snapshot_daily_verification_2026-04-20.md,1xDAViKVYrpJjh2tWkXbSQHHN9dJQmC6GLWDqxuXdB64,Trade_AI_Docs_v2/docs/_archive/archive/2026-04-27_pre_bible/handoff_2026-04-19/openclaw_ticker_snapshot_daily_verification_2026-04-20.md,9123,,2026-05-21T02:54:04.197Z,4
openclaw_ticker_snapshot_daily_verification_2026-04-20.md,1C8xZxWkzGHTtGtdWkMdDNEzB3_bU72Qu,Trade_AI_Docs_v2/docs/_archive/archive/2026-04-27_pre_bible/handoff_2026-04-19/openclaw_ticker_snapshot_daily_verification_2026-04-20.md,4241,,2026-05-18T00:05:28.459Z,4
openclaw_ticker_snapshot_daily_verification_2026-04-20.md,1Wsznm-8Y949rpEToewRNZgUA4t6MLqIY,Trade_AI_Docs_v2/docs/archive/2026-04-27_pre_bible/handoff_2026-04-19/openclaw_ticker_snapshot_daily_verification_2026-04-20.md,4241,,2026-05-17T23:04:53.738Z,4
openclaw_ticker_snapshot_daily_verification_2026-04-20.md,1ceRCw6GXPMkZw3jHEAKxAQv4eSEhqmhu,Trade_AI_Docs_v2/docs/archive/2026-04-27_pre_bible/handoff_2026-04-19/openclaw_ticker_snapshot_daily_verification_2026-04-20.md,4241,,2026-05-17T22:47:41.981Z,4
openclaw_tier2l_real_import_reconciliation_verification_2026-04-23.md,1I1wQzPkQk0I39c5qdKVqhHgzGfKK3UaxbLCFhHHAisM,Trade_AI_Docs_v2/docs/_archive/archive/2026-04-27_pre_bible/handoff_2026-04-19/openclaw_tier2l_real_import_reconciliation_verification_2026-04-23.md,5444,,2026-05-21T02:57:30.507Z,4
openclaw_tier2l_real_import_reconciliation_verification_2026-04-23.md,1AmyoFWIjfWkckYDBocLJ1JGAfVciZGWa,Trade_AI_Docs_v2/docs/_archive/archive/2026-04-27_pre_bible/handoff_2026-04-19/openclaw_tier2l_real_import_reconciliation_verification_2026-04-23.md,3551,,2026-05-18T00:07:13.651Z,4
openclaw_tier2l_real_import_reconciliation_verification_2026-04-23.md,1rNGebwzEPuM5eRFatVK_fREGUXhExQPn,Trade_AI_Docs_v2/docs/archive/2026-04-27_pre_bible/handoff_2026-04-19/openclaw_tier2l_real_import_reconciliation_verification_2026-04-23.md,3551,,2026-05-17T23:06:40.680Z,4
openclaw_tier2l_real_import_reconciliation_verification_2026-04-23.md,1Y22Cq3OhScjs0Y2_QtEutFd0XAFWbWwQ,Trade_AI_Docs_v2/docs/archive/2026-04-27_pre_bible/handoff_2026-04-19/openclaw_tier2l_real_import_reconciliation_verification_2026-04-23.md,3551,,2026-05-17T22:49:29.197Z,4
openclaw_ui_and_doc_output_discovery_2026-04-21.md,1Q5LE6LI2_kXKa57x_YMnV8ClZzv0wXRdOBXBF-Lko0c,Trade_AI_Docs_v2/docs/_archive/archive/2026-04-27_pre_bible/handoff_2026-04-19/openclaw_ui_and_doc_output_discovery_2026-04-21.md,11592,,2026-05-21T02:53:16.730Z,4
openclaw_ui_and_doc_output_discovery_2026-04-21.md,1GIGLRpFP8GHeyHBCTvNlQmDH6vPGrANt,Trade_AI_Docs_v2/docs/_archive/archive/2026-04-27_pre_bible/handoff_2026-04-19/openclaw_ui_and_doc_output_discovery_2026-04-21.md,11936,,2026-05-18T00:05:03.629Z,4
openclaw_ui_and_doc_output_discovery_2026-04-21.md,1x3TmsBYW06vl_h6BENEBsJXH7kMIOymL,Trade_AI_Docs_v2/docs/archive/2026-04-27_pre_bible/handoff_2026-04-19/openclaw_ui_and_doc_output_discovery_2026-04-21.md,11936,,2026-05-17T23:04:28.747Z,4
openclaw_ui_and_doc_output_discovery_2026-04-21.md,1R3EQj1c5BNDnhYldBcC7RQyQJABeKV5k,Trade_AI_Docs_v2/docs/archive/2026-04-27_pre_bible/handoff_2026-04-19/openclaw_ui_and_doc_output_discovery_2026-04-21.md,11936,,2026-05-17T22:47:16.734Z,4
openclaw_v1_notifications_ops_task_sync_completion_verification_2026-04-24.md,1QIzf3y3fzNnVNoRtny9WAFWypfICh3k-ihM3JXwgNrA,Trade_AI_Docs_v2/docs/_archive/archive/2026-04-27_pre_bible/handoff_2026-04-19/openclaw_v1_notifications_ops_task_sync_completion_verification_2026-04-24.md,4999,,2026-05-21T02:58:40.619Z,4
openclaw_v1_notifications_ops_task_sync_completion_verification_2026-04-24.md,1lS0ZBN3wMf8Fijt_BtSae2vFOYYtNhfD,Trade_AI_Docs_v2/docs/_archive/archive/2026-04-27_pre_bible/handoff_2026-04-19/openclaw_v1_notifications_ops_task_sync_completion_verification_2026-04-24.md,3534,,2026-05-18T00:07:50.593Z,4
openclaw_v1_notifications_ops_task_sync_completion_verification_2026-04-24.md,1ovVGSP6epRSXiwBrn41G89reQSCHaySo,Trade_AI_Docs_v2/docs/archive/2026-04-27_pre_bible/handoff_2026-04-19/openclaw_v1_notifications_ops_task_sync_completion_verification_2026-04-24.md,3534,,2026-05-17T23:07:18.348Z,4
openclaw_v1_notifications_ops_task_sync_completion_verification_2026-04-24.md,1XXLcZnpRvDCKtdrdhl2LsHpCsqXw7tH2,Trade_AI_Docs_v2/docs/archive/2026-04-27_pre_bible/handoff_2026-04-19/openclaw_v1_notifications_ops_task_sync_completion_verification_2026-04-24.md,3534,,2026-05-17T22:50:07.021Z,4
openclaw_v1_v2_task_notification_approval_chat_sync_verification_2026-04-24.md,1aUAwJszAK2BzFqsT3YLEHA3IC9_M80tbYoVHBoUQOCk,Trade_AI_Docs_v2/docs/_archive/archive/2026-04-27_pre_bible/handoff_2026-04-19/openclaw_v1_v2_task_notification_approval_chat_sync_verification_2026-04-24.md,6344,,2026-05-21T02:57:23.792Z,4
openclaw_v1_v2_task_notification_approval_chat_sync_verification_2026-04-24.md,1TK-ixyiTUAv24Hvy5LGuqr_OMl9CZtsY,Trade_AI_Docs_v2/docs/_archive/archive/2026-04-27_pre_bible/handoff_2026-04-19/openclaw_v1_v2_task_notification_approval_chat_sync_verification_2026-04-24.md,4268,,2026-05-18T00:07:10.160Z,4
openclaw_v1_v2_task_notification_approval_chat_sync_verification_2026-04-24.md,1EIm1F2D4twNTDkVlpXao5KnhWXbcX4qX,Trade_AI_Docs_v2/docs/archive/2026-04-27_pre_bible/handoff_2026-04-19/openclaw_v1_v2_task_notification_approval_chat_sync_verification_2026-04-24.md,4268,,2026-05-17T23:06:37.136Z,4
openclaw_v1_v2_task_notification_approval_chat_sync_verification_2026-04-24.md,1b_sngEhmIWT7syX_nkbaqc3MyNo-qQya,Trade_AI_Docs_v2/docs/archive/2026-04-27_pre_bible/handoff_2026-04-19/openclaw_v1_v2_task_notification_approval_chat_sync_verification_2026-04-24.md,4268,,2026-05-17T22:49:25.590Z,4
openclaw_v2_task_workflow_parity_with_v1_verification_2026-04-24.md,1ZDTsrztWHPRSi-wWOmZEmrtuPSPdw7-0J5VFecPrVlg,Trade_AI_Docs_v2/docs/_archive/archive/2026-04-27_pre_bible/handoff_2026-04-19/openclaw_v2_task_workflow_parity_with_v1_verification_2026-04-24.md,4191,,2026-05-21T02:51:41.706Z,4
openclaw_v2_task_workflow_parity_with_v1_verification_2026-04-24.md,1peblaZ_2G4qMqGb972WJnt0xDNtDEH-_,Trade_AI_Docs_v2/docs/_archive/archive/2026-04-27_pre_bible/handoff_2026-04-19/openclaw_v2_task_workflow_parity_with_v1_verification_2026-04-24.md,3242,,2026-05-18T00:04:15.349Z,4
openclaw_v2_task_workflow_parity_with_v1_verification_2026-04-24.md,1Zx0c1lxsQZWTZ-Dqx739ZIsrADP6q0W_,Trade_AI_Docs_v2/docs/archive/2026-04-27_pre_bible/handoff_2026-04-19/openclaw_v2_task_workflow_parity_with_v1_verification_2026-04-24.md,3242,,2026-05-17T23:03:40.171Z,4
openclaw_v2_task_workflow_parity_with_v1_verification_2026-04-24.md,1fE9fblkUZD_T0eu7gQrIvDvxTgRTzAON,Trade_AI_Docs_v2/docs/archive/2026-04-27_pre_bible/handoff_2026-04-19/openclaw_v2_task_workflow_parity_with_v1_verification_2026-04-24.md,3242,,2026-05-17T22:46:29.138Z,4
openclaw_watchlist_article_coverage_verification_2026-04-20.md,1onUFUqCQCTVmr2K848liQB1M_7_B3nRpn_QHeMJnZ-g,Trade_AI_Docs_v2/docs/_archive/archive/2026-04-27_pre_bible/handoff_2026-04-19/openclaw_watchlist_article_coverage_verification_2026-04-20.md,5648,,2026-05-21T03:00:13.715Z,3
openclaw_watchlist_article_coverage_verification_2026-04-20.md,1kfPV9aDClg6LE-1LTpLvSt527oTLjbdx,Trade_AI_Docs_v2/docs/_archive/archive/2026-04-27_pre_bible/handoff_2026-04-19/openclaw_watchlist_article_coverage_verification_2026-04-20.md,3645,,2026-05-18T00:08:39.954Z,3
openclaw_watchlist_article_coverage_verification_2026-04-20.md,1eXcvcS1GfHCkR5MNT-1AxQXWsLggTOD5,Trade_AI_Docs_v2/docs/archive/2026-04-27_pre_bible/handoff_2026-04-19/openclaw_watchlist_article_coverage_verification_2026-04-20.md,3645,,2026-05-17T22:50:55.101Z,3
openclaw_watchlist_article_persistence_verification_2026-04-20.md,1L0Wjn-Dda4fxsi3g-hKgHAXbN31RnqG_uUd2PAJx1xY,Trade_AI_Docs_v2/docs/_archive/archive/2026-04-27_pre_bible/handoff_2026-04-19/openclaw_watchlist_article_persistence_verification_2026-04-20.md,5465,,2026-05-21T02:49:39.835Z,4
openclaw_watchlist_article_persistence_verification_2026-04-20.md,1dyIbzfzebNA5f-e6sqlQ0HvhjVq3rufO,Trade_AI_Docs_v2/docs/_archive/archive/2026-04-27_pre_bible/handoff_2026-04-19/openclaw_watchlist_article_persistence_verification_2026-04-20.md,2989,,2026-05-18T00:03:12.238Z,4
openclaw_watchlist_article_persistence_verification_2026-04-20.md,1_levhxlGYotXMxcYPJPylVOpWupTCJ4M,Trade_AI_Docs_v2/docs/archive/2026-04-27_pre_bible/handoff_2026-04-19/openclaw_watchlist_article_persistence_verification_2026-04-20.md,2989,,2026-05-17T23:02:35.558Z,4
openclaw_watchlist_article_persistence_verification_2026-04-20.md,16GMXkQXE8gc-duMYvU3NarcR8YEIq_V-,Trade_AI_Docs_v2/docs/archive/2026-04-27_pre_bible/handoff_2026-04-19/openclaw_watchlist_article_persistence_verification_2026-04-20.md,2989,,2026-05-17T22:45:25.303Z,4
openclaw_watchlist_items_verification_2026-04-20.md,11w5Kqr8GUrnzcyQhMeqkbngOP562bB3ICxyaJlLAtNY,Trade_AI_Docs_v2/docs/_archive/archive/2026-04-27_pre_bible/handoff_2026-04-19/openclaw_watchlist_items_verification_2026-04-20.md,5438,,2026-05-21T02:51:51.868Z,4
openclaw_watchlist_items_verification_2026-04-20.md,1EVldwOY-Kg-SeaOJPFg2Z5_2qZIPL2aV,Trade_AI_Docs_v2/docs/_archive/archive/2026-04-27_pre_bible/handoff_2026-04-19/openclaw_watchlist_items_verification_2026-04-20.md,2686,,2026-05-18T00:04:20.502Z,4
openclaw_watchlist_items_verification_2026-04-20.md,16L393Ae8pEdsnBJRzolQmwG3FPhT4u00,Trade_AI_Docs_v2/docs/archive/2026-04-27_pre_bible/handoff_2026-04-19/openclaw_watchlist_items_verification_2026-04-20.md,2686,,2026-05-17T23:03:45.535Z,4
openclaw_watchlist_items_verification_2026-04-20.md,1GIfrWmDm01CAlccmfyWKY4zLwtybTTxj,Trade_AI_Docs_v2/docs/archive/2026-04-27_pre_bible/handoff_2026-04-19/openclaw_watchlist_items_verification_2026-04-20.md,2686,,2026-05-17T22:46:34.414Z,4
openclaw_watchlist_modal_completion_verification_2026-04-20.md,1jVdYo0QWAZpKRBWFrm1SOI3-tAO55B6fmaSn1QbfCPM,Trade_AI_Docs_v2/docs/_archive/archive/2026-04-27_pre_bible/handoff_2026-04-19/openclaw_watchlist_modal_completion_verification_2026-04-20.md,4536,,2026-05-21T03:01:17.190Z,3
openclaw_watchlist_modal_completion_verification_2026-04-20.md,16ChERcszzmQhRXInPad-cyarh3LmFY-X,Trade_AI_Docs_v2/docs/_archive/archive/2026-04-27_pre_bible/handoff_2026-04-19/openclaw_watchlist_modal_completion_verification_2026-04-20.md,2760,,2026-05-18T00:09:06.912Z,3
openclaw_watchlist_modal_completion_verification_2026-04-20.md,1mHVuqzpIHMa1zIihmk8GjT9PWXCbS7Fk,Trade_AI_Docs_v2/docs/archive/2026-04-27_pre_bible/handoff_2026-04-19/openclaw_watchlist_modal_completion_verification_2026-04-20.md,2760,,2026-05-17T22:51:21.437Z,3
openclaw_yahoo_analyst_targets_verification_2026-04-20.md,1jmtdyDXJyqgpknWX8mY4EjBB1dm0fhZAcIPwFygVXrw,Trade_AI_Docs_v2/docs/_archive/archive/2026-04-27_pre_bible/handoff_2026-04-19/openclaw_yahoo_analyst_targets_verification_2026-04-20.md,8263,,2026-05-21T02:57:17.157Z,4
openclaw_yahoo_analyst_targets_verification_2026-04-20.md,1bX6n4uARUgfzjQK1u_jD50Ir5ePF-IgB,Trade_AI_Docs_v2/docs/_archive/archive/2026-04-27_pre_bible/handoff_2026-04-19/openclaw_yahoo_analyst_targets_verification_2026-04-20.md,4617,,2026-05-18T00:07:06.518Z,4
openclaw_yahoo_analyst_targets_verification_2026-04-20.md,1LSP2wEl5iBi4veMAF2cFPQbqITwPzwRY,Trade_AI_Docs_v2/docs/archive/2026-04-27_pre_bible/handoff_2026-04-19/openclaw_yahoo_analyst_targets_verification_2026-04-20.md,4617,,2026-05-17T23:06:33.615Z,4
openclaw_yahoo_analyst_targets_verification_2026-04-20.md,1Q-H28Ybd9PcKYotrZ7PiiA9Aktg5_Mda,Trade_AI_Docs_v2/docs/archive/2026-04-27_pre_bible/handoff_2026-04-19/openclaw_yahoo_analyst_targets_verification_2026-04-20.md,4617,,2026-05-17T22:49:21.958Z,4
operator_readiness_latest.json,1Dn_GPzTdyjIAXHYSiioD2wKyqacTOLFz,Trade_AI_Docs_v2/docs/maturity_hardening/operator_readiness_latest.json,901,,2026-05-29T12:38:34.180Z,12
operator_readiness_latest.json,1_GII2mAUnRAMudwoDj4a47K9EX8pBEy7,Trade_AI_Docs_v2/docs/maturity_hardening/operator_readiness_latest.json,901,,2026-05-28T16:55:31.272Z,12
operator_readiness_latest.json,1fVVbJcENAFuujuQS75pY-Jv3APudHIwI,Trade_AI_Docs_v2/docs/maturity_hardening/operator_readiness_latest.json,661,,2026-05-22T22:59:33.766Z,12
operator_readiness_latest.json,1zCx7UkaclCyMpqy12XX78mz8HglIeuX0,Trade_AI_Docs_v2/docs/maturity_hardening/operator_readiness_latest.json,661,,2026-05-22T22:51:34.545Z,12
operator_readiness_latest.json,1ZTICMiG1nmIvG_LK5RVgDvsptjmXxHmt,Trade_AI_Docs_v2/docs/maturity_hardening/operator_readiness_latest.json,661,,2026-05-22T21:42:41.576Z,12
operator_readiness_latest.json,11cuCdEdy5VGCXINVCxPAsLL_IM_W3JVK,Trade_AI_Docs_v2/docs/maturity_hardening/operator_readiness_latest.json,661,,2026-05-22T21:31:57.797Z,12
operator_readiness_latest.json,1cT-yHqFF5c2fwfBb1jNxe0SME-uTmcXG,Trade_AI_Docs_v2/docs/maturity_hardening/operator_readiness_latest.json,1298,,2026-05-22T20:27:42.315Z,12
operator_readiness_latest.json,1e5uo9x58_ARa-ZCYywS4q2r1nsJ_tqUu,Trade_AI_Docs_v2/docs/maturity_hardening/operator_readiness_latest.json,901,,2026-05-22T13:09:18.742Z,12
operator_readiness_latest.json,1aH89eB2jwDHizRe_iETGj5hXRVK2qNdF,Trade_AI_Docs_v2/docs/maturity_hardening/operator_readiness_latest.json,897,,2026-05-21T15:16:45.077Z,12
operator_readiness_latest.json,1I60wc_qQXTNkStZnx87_zP7taEYBRyp-,Trade_AI_Docs_v2/docs/maturity_hardening/operator_readiness_latest.json,897,,2026-05-21T02:18:43.760Z,12
operator_readiness_latest.json,1F68cy2KL-kCHIHQ3KSPLDdfCNqu71mge,Trade_AI_Docs_v2/docs/maturity_hardening/operator_readiness_latest.json,897,,2026-05-19T13:58:05.529Z,12
operator_readiness_latest.json,1-UZFk0Ckudw4r9uqV9HFPaiiB0gyNo4c,Trade_AI_Docs_v2/docs/maturity_hardening/operator_readiness_latest.json,897,,2026-05-18T02:47:02.397Z,12
operator_readiness_latest.md,1vcB6QT95gI5wUqe50aoM8SPH-PVSHFk_f4UtuLTyVCs,Trade_AI_Docs_v2/docs/maturity_hardening/operator_readiness_latest.md,1086,,2026-05-28T16:55:35.404Z,10
operator_readiness_latest.md,1y2LBfyjqaSqY7Z0l33bDUISflkEaOd5I18q6-E5Qrbs,Trade_AI_Docs_v2/docs/maturity_hardening/operator_readiness_latest.md,1024,,2026-05-22T23:08:59.880Z,10
operator_readiness_latest.md,1nJdORitvUHLJ4coEKzRgIKMS6NxwI_5LJNMGANOQapQ,Trade_AI_Docs_v2/docs/maturity_hardening/operator_readiness_latest.md,1024,,2026-05-22T22:59:37.688Z,10
operator_readiness_latest.md,1S09UD9yj6-hdyGdElzELEfw2q7ISAkebmjtzAFEflJ0,Trade_AI_Docs_v2/docs/maturity_hardening/operator_readiness_latest.md,1024,,2026-05-22T22:51:38.542Z,10
operator_readiness_latest.md,12ruxF-IiSaBTN6JX4utrQuoi2d6ESEX8TtG14CTIMyA,Trade_AI_Docs_v2/docs/maturity_hardening/operator_readiness_latest.md,1024,,2026-05-22T21:42:45.162Z,10
operator_readiness_latest.md,1GX_lAXpXBz5cKKIYZBdr0HS-xuHekueVHxSBDWM7p6k,Trade_AI_Docs_v2/docs/maturity_hardening/operator_readiness_latest.md,1024,,2026-05-22T21:32:01.194Z,10
operator_readiness_latest.md,1FvPo0aKp7KUOFPI4hhpTiDpPdqp0N8rR0nDvhhwxzwo,Trade_AI_Docs_v2/docs/maturity_hardening/operator_readiness_latest.md,1024,,2026-05-22T20:27:54.186Z,10
operator_readiness_latest.md,1KmI1HuvsanLi3TgKH1VcDtduXugK14h-gCAJQwcoluA,Trade_AI_Docs_v2/docs/maturity_hardening/operator_readiness_latest.md,1086,,2026-05-22T13:09:23.101Z,10
operator_readiness_latest.md,1e4f6s4a3obJ60XNzhbEVlcR8Ilw8rW7RkJC_4fymhs8,Trade_AI_Docs_v2/docs/maturity_hardening/operator_readiness_latest.md,1109,,2026-05-21T02:20:19.531Z,10
operator_readiness_latest.md,1vuqYSn2TqXKfXVL8nuGlTn4JaEgfen5P,Trade_AI_Docs_v2/docs/maturity_hardening/operator_readiness_latest.md,329,,2026-05-18T02:47:06.615Z,10
ops_desktop.png,1wJYQZKu_Ayq_kA2xSMt_iyup4m4N3K-C,Trade_AI_Docs_v2/ui_redesign/screenshots/ops_desktop.png,136661,,2026-05-25T15:09:00.142Z,2
ops_desktop.png,1E0WKg9Z8H29QtNPq6brZONnfgenKDXBh,Trade_AI_Docs_v2/docs/ui_redesign/screenshots/ops_desktop.png,144367,,2026-05-28T18:58:39.060Z,2
ops_summary.json,13UcQ1XC4SaOlAcFYpt0aQWqFPyuetAtI,Trade_AI_Docs_v2/ui_redesign/samples/ops_summary.json,6577,,2026-05-25T14:40:00.116Z,2
ops_summary.json,1GJxl7gRBkrkyuuAzo6FMIQ32aTgsGNx3,Trade_AI_Docs_v2/docs/ui_redesign/samples/ops_summary.json,6577,,2026-05-28T18:46:27.838Z,2
orchestration_chevrons.mmd,1_6Rzaq8Ygnp6QrbpgBiM0YTMqKlvlThF,Trade_AI_Docs_v2/docs/_archive/diagrams/orchestration_chevrons.mmd,1467,,2026-05-17T23:59:31.968Z,3
orchestration_chevrons.mmd,1ALQTlg6ZQLsJKZxrf3IIeMwTGu9olDex,Trade_AI_Docs_v2/orchestration_chevrons.mmd,1467,,2026-05-17T22:37:16.344Z,3
orchestration_chevrons.mmd,1FZMLVJXEyHyatCb_EfQyPLuiDwAUeMcG,Trade_AI_Docs_v2/docs/diagrams/orchestration_chevrons.mmd,1467,,2026-05-17T22:41:40.906Z,3
overview.json,1Lc-uGgN9IwpTZfjRt7Jp9MsgcmWUThMx,Trade_AI_Docs_v2/ui_redesign/samples/overview.json,2799,,2026-05-25T14:40:01.395Z,4
overview.json,1R7A2ZsdybbzvzV7NVeUlIeuCMP9nyWZA,Trade_AI_Docs_v2/docs/ui_redesign/samples/overview.json,2799,,2026-05-28T18:46:35.437Z,4
overview.json,1MyRyOzg7EDg7y_ewuodtAl-fR4m5z67t,Trade_AI_Docs_v2/docs/_archive/archive/2026-04-27_pre_bible/morning_brief_redesign_kit/api_payloads/overview.json,3983,,2026-05-18T00:02:18.158Z,4
overview.json,1jH__clTK7MEL9vlzMlLrLo3FnI36jfu1,Trade_AI_Docs_v2/docs/archive/2026-04-27_pre_bible/morning_brief_redesign_kit/api_payloads/overview.json,3983,,2026-05-17T22:44:28.299Z,4
overview_desktop.png,1ejs-h0OUXPEGjToqc5hS2t0M5oLBmww1,Trade_AI_Docs_v2/ui_redesign/screenshots/overview_desktop.png,236209,,2026-05-25T15:09:17.126Z,2
overview_desktop.png,1lvQ8gKDc3LMTrcQQOvjIo3UxR-MWeuuP,Trade_AI_Docs_v2/docs/ui_redesign/screenshots/overview_desktop.png,240591,,2026-05-28T18:58:41.221Z,2
paper-proposals_desktop.png,1Q-RX1v7SOQhQ6KK7mAhmOKvjVf8huZzj,Trade_AI_Docs_v2/ui_redesign/screenshots/paper-proposals_desktop.png,207071,,2026-05-25T15:09:15.300Z,2
paper-proposals_desktop.png,1jsV2XYWokur_GHqpQ0knAmDO_tsDzZc7,Trade_AI_Docs_v2/docs/ui_redesign/screenshots/paper-proposals_desktop.png,208904,,2026-05-28T18:57:13.859Z,2
paper-status.json,1BoipEtI7X0ZvB46f54lkBtLODTNcvrQS,Trade_AI_Docs_v2/ui_redesign/samples/paper-status.json,1083,,2026-05-25T14:40:18.202Z,2
paper-status.json,1jtydrWSazfH2C2jUU6YGllyzpy4HCP-k,Trade_AI_Docs_v2/docs/ui_redesign/samples/paper-status.json,1083,,2026-05-28T18:46:31.643Z,2
paper_proposals.json,135tmz31AJ1UeowO-vlnHhr17mN5hLLXt,Trade_AI_Docs_v2/docs/atm_lifecycle_v1_2026_05_26/api_samples/paper_proposals.json,608,,2026-05-28T17:25:35.252Z,2
paper_proposals.json,13DjkJ9ZYtZmbtISTsdKu-7ED7rQkFY5H,Trade_AI_Docs_v2/docs/atm_audit_2026_05_26/api_samples/paper_proposals.json,839,,2026-05-28T17:00:32.095Z,2
paper_proposals.png,1ZcbsYKMNx2GE-4JG5i3Uytq7XrsqE4hi,Trade_AI_Docs_v2/docs/_generated/ui_audit_screenshots/audit_7777_20260523_1921/7777/paper_proposals.png,388585,,2026-05-28T19:02:08.735Z,4
paper_proposals.png,1z6D1xMZ_OOyLRp-4SIhnb6rQJc-2lX2V,Trade_AI_Docs_v2/docs/atm_lifecycle_v1_2026_05_26/screenshots/paper_proposals.png,78066,,2026-05-28T17:57:02.916Z,4
paper_proposals.png,1UKrGbIUreXw3hpA3kIkP7HdlJ0432tPh,Trade_AI_Docs_v2/docs/atm_lifecycle_v1_2026_05_26/full_lifecycle_acceleration_v3_0/screenshots/paper_proposals.png,90263,,2026-05-28T17:53:34.727Z,4
paper_proposals.png,10MT0xSfb8fjVZ_x2A4K9LrrFifhbxmWh,Trade_AI_Docs_v2/docs/ui_audits/post_8b348c3/screenshots/paper_proposals.png,388350,,2026-05-28T16:57:40.996Z,4
par1_bucket2_watchpool_status_report.md,1N26Lm5r5aeoIoWNMZA6B-VLNJiK87k1O,Trade_AI_Docs_v2/docs/parallel_hardening/phase_par1_no_backup/par1_bucket2_watchpool_status_report.md,187,,2026-05-18T14:35:06.040Z,2
par1_bucket2_watchpool_status_report.md,1B8a1qZqeNcP61yMofj9C4JlwssLdIfxxthHO1I1LKLE,Trade_AI_Docs_v2/docs/_archive/2026-05-24_cleanup/completed_phases/parallel_hardening/phase_par1_no_backup/par1_bucket2_watchpool_status_report.md,1127,,2026-05-28T18:19:25.800Z,2
par1_invalid_strategy_workflow_design.md,1RNT2jkI7wk2Hdtw1N3eP4XGFgtBPuGzc,Trade_AI_Docs_v2/docs/parallel_hardening/phase_par1_no_backup/par1_invalid_strategy_workflow_design.md,1451,,2026-05-18T14:34:42.814Z,2
par1_invalid_strategy_workflow_design.md,1AaCsNSAIRwJFwa6N0NLBBMCiKKHHpCN6uWr6HxdvX3s,Trade_AI_Docs_v2/docs/_archive/2026-05-24_cleanup/completed_phases/parallel_hardening/phase_par1_no_backup/par1_invalid_strategy_workflow_design.md,2606,,2026-05-28T18:18:50.735Z,2
par1_operator_morning_packet.md,1TLdEmdvFNauFMFQGqiFIrZAJLMpzmhAa,Trade_AI_Docs_v2/docs/parallel_hardening/phase_par1_no_backup/par1_operator_morning_packet.md,371,,2026-05-18T14:35:04.265Z,2
par1_operator_morning_packet.md,1u91OTve1c3g1RyhmrBMT3UpIfTqGfhwOTQ_kkuliS3Y,Trade_AI_Docs_v2/docs/_archive/2026-05-24_cleanup/completed_phases/parallel_hardening/phase_par1_no_backup/par1_operator_morning_packet.md,1364,,2026-05-28T18:19:22.544Z,2
par1_proposal_source_attribution_report.md,1N2jh4n276J6sRIlfN2NP2WMcvLOc2KgQ,Trade_AI_Docs_v2/docs/parallel_hardening/phase_par1_no_backup/par1_proposal_source_attribution_report.md,321,,2026-05-18T14:34:38.856Z,2
par1_proposal_source_attribution_report.md,1JClHvdQAq36q2HxpPLX4DXBki6MsBU-9HCHm5V414N0,Trade_AI_Docs_v2/docs/_archive/2026-05-24_cleanup/completed_phases/parallel_hardening/phase_par1_no_backup/par1_proposal_source_attribution_report.md,1287,,2026-05-28T18:18:45.357Z,2
par1_quote_freshness_audit_report.md,18EJdqda1E25sWzoeCX_aEYaLMZWqPbIN,Trade_AI_Docs_v2/docs/parallel_hardening/phase_par1_no_backup/par1_quote_freshness_audit_report.md,177,,2026-05-18T14:34:44.757Z,2
par1_quote_freshness_audit_report.md,1EH-lcETLrzqwmlTb0UXOpSMu3RD9N9ZenXl-pQDYX6E,Trade_AI_Docs_v2/docs/_archive/2026-05-24_cleanup/completed_phases/parallel_hardening/phase_par1_no_backup/par1_quote_freshness_audit_report.md,1123,,2026-05-28T18:18:54.567Z,2
par1_quote_freshness_audit_results.json,1wPyVZNgIt62aFGHB1w9dXWRG1KhJZ3uj,Trade_AI_Docs_v2/docs/parallel_hardening/phase_par1_no_backup/par1_quote_freshness_audit_results.json,12698,,2026-05-18T14:34:48.761Z,2
par1_quote_freshness_audit_results.json,1LLTCp4csqrvxPNVNJH3rrX9_I5gD6L7T,Trade_AI_Docs_v2/docs/_archive/2026-05-24_cleanup/completed_phases/parallel_hardening/phase_par1_no_backup/par1_quote_freshness_audit_results.json,12698,,2026-05-28T18:18:59.401Z,2
par1_regression_runner_smoke.md,1RFI7HdbQKjoJRvSMn1auwJNL0AwRdDNl,Trade_AI_Docs_v2/docs/parallel_hardening/phase_par1_no_backup/par1_regression_runner_smoke.md,102,,2026-05-18T14:35:02.402Z,2
par1_regression_runner_smoke.md,1-RV0yjwNM38vy2Egm62CltinBmd_qdfsvL7IYDRb_Mk,Trade_AI_Docs_v2/docs/_archive/2026-05-24_cleanup/completed_phases/parallel_hardening/phase_par1_no_backup/par1_regression_runner_smoke.md,1024,,2026-05-28T18:19:18.740Z,2
par1_route_mismatch_review_report.md,1GbBNzGsNMQPn3QgSNhEsnwu9cH1GjVIf,Trade_AI_Docs_v2/docs/parallel_hardening/phase_par1_no_backup/par1_route_mismatch_review_report.md,2380,,2026-05-18T14:34:56.596Z,2
par1_route_mismatch_review_report.md,1wxBK3vWQZJ77KODkq1wNgVZIEZlgPr5YIEJTC-dTM3M,Trade_AI_Docs_v2/docs/_archive/2026-05-24_cleanup/completed_phases/parallel_hardening/phase_par1_no_backup/par1_route_mismatch_review_report.md,2818,,2026-05-28T18:19:11.471Z,2
par1_route_mismatch_review_results.json,1PjbTES_z3W_lgLgV6THUvGwC46blB0zO,Trade_AI_Docs_v2/docs/parallel_hardening/phase_par1_no_backup/par1_route_mismatch_review_results.json,26737,,2026-05-18T14:34:40.894Z,2
par1_route_mismatch_review_results.json,1v4HD1pGDPaUBI6oGg12NC786EqXkHk8F,Trade_AI_Docs_v2/docs/_archive/2026-05-24_cleanup/completed_phases/parallel_hardening/phase_par1_no_backup/par1_route_mismatch_review_results.json,26737,,2026-05-28T18:18:47.025Z,2
par1_safety_audit.md,1e6HAzMgCXd4TOhoKi4PL2BGRTYnNtvjx,Trade_AI_Docs_v2/docs/parallel_hardening/phase_par1_no_backup/par1_safety_audit.md,680,,2026-05-18T14:34:52.658Z,2
par1_safety_audit.md,1FptdTBXufmnWnvaScvV-yvZJqgHnAPvpRmzp3kqeD7s,Trade_AI_Docs_v2/docs/_archive/2026-05-24_cleanup/completed_phases/parallel_hardening/phase_par1_no_backup/par1_safety_audit.md,1830,,2026-05-28T18:19:04.843Z,2
par1_source_registry_design.md,1vhh7iTX5TrhV3hyZWOrhBe91sUQ3RYsq,Trade_AI_Docs_v2/docs/parallel_hardening/phase_par1_no_backup/par1_source_registry_design.md,935,,2026-05-18T14:34:36.994Z,2
par1_source_registry_design.md,1ufEgsHqTh0YaDXjPa6uIZ24IzlkMviOqF8FMhQKfm9M,Trade_AI_Docs_v2/docs/_archive/2026-05-24_cleanup/completed_phases/parallel_hardening/phase_par1_no_backup/par1_source_registry_design.md,2123,,2026-05-28T18:18:41.605Z,2
par1_test_results.md,1osEMJFlbQthGis2oqlxQbEPxH6dPD9Xd,Trade_AI_Docs_v2/docs/parallel_hardening/phase_par1_no_backup/par1_test_results.md,189,,2026-05-18T14:34:54.637Z,2
par1_test_results.md,1Lusg6pIByDG0Iw9mklkdusE2VsiKIdZCSL3ftR0_JPM,Trade_AI_Docs_v2/docs/_archive/2026-05-24_cleanup/completed_phases/parallel_hardening/phase_par1_no_backup/par1_test_results.md,1024,,2026-05-28T18:19:08.171Z,2
persistent_tickers.txt,1WTP5qwpN-WyZhHzgyPQnTL5rJ4ZkWJu8,Trade_AI_Docs_v2/docs/design/signal_freshness_audit_2026-05-15/persistent_tickers.txt,138,,2026-05-17T23:10:16.464Z,2
persistent_tickers.txt,1Xs3W9keObjcchtE5Z1riTBGg3Ifd8CNr,Trade_AI_Docs_v2/persistent_tickers.txt,138,,2026-05-17T22:53:03.717Z,2
phase1h_2300_0300_schedule_audit.md,1b337uUMN4REZ5l51GC7i8fjGtlaUY8s8HQTaogu2O1M,Trade_AI_Docs_v2/docs/_archive/2026-05-24_cleanup/completed_phases/v4_1_discovery/phase1h_2300_0300_schedule_audit.md,4945,,2026-05-28T18:20:29.883Z,2
phase1h_2300_0300_schedule_audit.md,1yWdUbvZ4zKB8i9Qh2Lt4W_13hg6G5Df-,Trade_AI_Docs_v2/docs/v4_1_discovery/phase1h_2300_0300_schedule_audit.md,3805,,2026-05-17T23:17:21.488Z,2
phase8_investigation.md,1gfyqgViIHv7eJNQy_rU8qmKMIlEWy9aXBkO0vCjQ54k,Trade_AI_Docs_v2/docs/_archive/archive/2026-04-27_pre_bible/handoff_2026-04-19/phase8_investigation.md,9655,,2026-05-21T02:59:51.078Z,4
phase8_investigation.md,12gY7BO5Abo5sM4XPlOH4aaU3RKZLUOnQ,Trade_AI_Docs_v2/docs/_archive/archive/2026-04-27_pre_bible/handoff_2026-04-19/phase8_investigation.md,8807,,2026-05-18T00:08:26.260Z,4
phase8_investigation.md,1EDm8W3weYO4nS-4yMW64NNyA0t-hcSlR,Trade_AI_Docs_v2/docs/archive/2026-04-27_pre_bible/handoff_2026-04-19/phase8_investigation.md,8807,,2026-05-17T23:07:54.240Z,4
phase8_investigation.md,1kRdbL8MyDtjDFNFddZY_ssJQ_8E33jYL,Trade_AI_Docs_v2/docs/archive/2026-04-27_pre_bible/handoff_2026-04-19/phase8_investigation.md,8807,,2026-05-17T22:50:42.511Z,4
phase9b_maturity_control_board_report.md,1M00mkLm-TZwW3mIyeVagI_R8e2A20Ws22aModgF1wCY,Trade_AI_Docs_v2/docs/_archive/2026-05-24_cleanup/completed_phases/phase9b_maturity_control_board/phase9b_maturity_control_board_report.md,2360,,2026-05-28T18:03:15.925Z,2
phase9b_maturity_control_board_report.md,1JjjYgLKjbAIHiicvNA4qRNlOCO6vPd0X,Trade_AI_Docs_v2/docs/maturity_hardening/phase9b_maturity_control_board/phase9b_maturity_control_board_report.md,1027,,2026-05-18T02:46:56.572Z,2
phase9b_phase_readiness_report.md,1pfe7XSV2EiJhyMEvYT99NasNfV-9H6VXn3f_OvwqMi8,Trade_AI_Docs_v2/docs/_archive/2026-05-24_cleanup/completed_phases/phase9b_maturity_control_board/phase9b_phase_readiness_report.md,1534,,2026-05-28T18:03:04.552Z,2
phase9b_phase_readiness_report.md,1SSyPNXHAS63T0QfOayPjVFOanQ7NxYHQ,Trade_AI_Docs_v2/docs/maturity_hardening/phase9b_maturity_control_board/phase9b_phase_readiness_report.md,687,,2026-05-18T02:46:49.169Z,2
phase_8d_strategy_readiness_matrix.md,1eKTG31scbLWNx_3Xc2cdmfbfu22OdqLwU2GXJwOUFv8,Trade_AI_Docs_v2/docs/project/phase_8d_readonly_prep/phase_8d_strategy_readiness_matrix.md,6419,,2026-05-23T00:05:54.992Z,2
phase_8d_strategy_readiness_matrix.md,1Vi0Xv4dbUKECGpj3pmO1eQw9UBqj1-z5BYJT4w5zIAk,Trade_AI_Docs_v2/docs/project/phase_8d_readonly_prep/phase_8d_strategy_readiness_matrix.md,6443,,2026-05-23T00:02:22.740Z,2
phase_readiness_latest.json,11ZpFAvp6JogByRvhzaT2G2kUQ3K6JaEQ,Trade_AI_Docs_v2/docs/maturity_hardening/phase_readiness_latest.json,1184,,2026-05-18T13:55:16.502Z,2
phase_readiness_latest.json,1sAy3TTbZ481aQx7LTHKN42sHU_t51h9_,Trade_AI_Docs_v2/docs/maturity_hardening/phase_readiness_latest.json,1184,,2026-05-18T02:46:58.709Z,2
phase_readiness_latest.md,1EcYGlN98TamkhLcMY91GUTI_owwYwJwe6WYQChpztdM,Trade_AI_Docs_v2/docs/maturity_hardening/phase_readiness_latest.md,1534,,2026-05-21T02:20:15.748Z,2
phase_readiness_latest.md,15rIh3gEkoxQmTTdPNTVGpvzzdZ85IhMo,Trade_AI_Docs_v2/docs/maturity_hardening/phase_readiness_latest.md,687,,2026-05-18T02:47:04.712Z,2
pipeline.png,1tM4KNIkSVbRkkaJrNTXIvgtLpGACRgOd,Trade_AI_Docs_v2/docs/_generated/ui_audit_screenshots/audit_7777_20260523_1921/7777/pipeline.png,184415,,2026-05-28T19:01:18.802Z,2
pipeline.png,1KE73DhspupnCYauF9tKi9BYjOL0BYBmD,Trade_AI_Docs_v2/docs/ui_audits/post_8b348c3/screenshots/pipeline.png,187979,,2026-05-28T16:57:28.365Z,2
pipeline_desktop.png,1hv1mOKFLmrhXyG3m6UCTigiyeEfSR8Vs,Trade_AI_Docs_v2/ui_redesign/screenshots/pipeline_desktop.png,169422,,2026-05-25T15:09:01.847Z,2
pipeline_desktop.png,1EPo12cEv0aNrZHvOI08U8Mct-LY_BGP0,Trade_AI_Docs_v2/docs/ui_redesign/screenshots/pipeline_desktop.png,173401,,2026-05-28T18:58:00.481Z,2
playwright_journal_backtest_20260529_1506.tgz,1DY_kup-0QgZyHSfE74ibvLhrJCLYkLqa,Trade_AI_Docs_v2/playwright_journal_backtest_20260529_1506.tgz,4834699,,2026-05-29T19:10:48.061Z,2
playwright_journal_backtest_20260529_1506.tgz,1HqVz_elKG5RXh4OyvSSEki-0x5Kf0ttp,Trade_AI_Docs_v2/playwright_journal_backtest_20260529_1506.tgz,4834699,,2026-05-29T19:07:03.170Z,2
portfolio_ai_analyst_rewrite_scope.md,1jF9e5sEOTLnkZWBwNjg91yqSYjmt9YqT6UFrxIL8M6I,Trade_AI_Docs_v2/docs/_archive/archive/2026-04-27_pre_bible/handoff_2026-04-19/portfolio_ai_analyst_rewrite_scope.md,83270,,2026-05-21T02:56:11.051Z,4
portfolio_ai_analyst_rewrite_scope.md,1C9czwNEe8UFjCzbrZJ-NgiSmcRzmm71n,Trade_AI_Docs_v2/docs/_archive/archive/2026-04-27_pre_bible/handoff_2026-04-19/portfolio_ai_analyst_rewrite_scope.md,85104,,2026-05-18T00:06:32.235Z,4
portfolio_ai_analyst_rewrite_scope.md,1aRvhPRSFYBcSypJlPCDaseGIu71Yq5Mp,Trade_AI_Docs_v2/docs/archive/2026-04-27_pre_bible/handoff_2026-04-19/portfolio_ai_analyst_rewrite_scope.md,85104,,2026-05-17T23:05:59.944Z,4
portfolio_ai_analyst_rewrite_scope.md,1O68zsQvhFKNGcMnHMhSomGSGaZ2X0De8,Trade_AI_Docs_v2/docs/archive/2026-04-27_pre_bible/handoff_2026-04-19/portfolio_ai_analyst_rewrite_scope.md,85104,,2026-05-17T22:48:48.932Z,4
portfolio_brief_v1_5.docx,1-ohuYVvvNEsy-T9jzzH5wO9DN3aAqgf7,Trade_AI_Docs_v2/docs/_archive/archive/2026-04-27_pre_bible/portfolio_brief_v1_5.docx,18171,,2026-05-18T00:02:35.457Z,3
portfolio_brief_v1_5.docx,1wuqQ7vUxQN7fThVF8Mr3WM-ZWgqOaZ0t,Trade_AI_Docs_v2/docs/archive/2026-04-27_pre_bible/portfolio_brief_v1_5.docx,18171,,2026-05-17T23:01:59.256Z,3
portfolio_brief_v1_5.docx,1TRn-cfP-0cVmF18yHozrFahuZ7GQWs5y,Trade_AI_Docs_v2/docs/archive/2026-04-27_pre_bible/portfolio_brief_v1_5.docx,18171,,2026-05-17T22:44:47.340Z,3
post_a4_pipeline_observation_day1.md,1dQzSL5RzH1GORV1dKV-nLVMooXlWxWCEoCr9lIq4_Dc,Trade_AI_Docs_v2/docs/_archive/2026-05-26/post_a4_pipeline_observation_day1.md,4726,,2026-05-28T18:42:36.029Z,3
post_a4_pipeline_observation_day1.md,1zHnzBNR621UIB7M6HJmS38f1GwVQl5bfu-PU99cn6P4,Trade_AI_Docs_v2/docs/project/post_a4_pipeline_observation_day1.md,4722,,2026-05-21T02:32:33.845Z,3
post_a4_pipeline_observation_day1.md,1oT0ZImZ3y6wNYCRv5sKhJf3LIlId8Vj-,Trade_AI_Docs_v2/docs/project/post_a4_pipeline_observation_day1.md,3304,,2026-05-17T23:14:00.854Z,3
post_stop_v2_maturity_board.md,1xny9qj_MqcbNeekUfHuiE6sy6I9i5ORAVfAI2EGoGQA,Trade_AI_Docs_v2/docs/maturity_hardening/post_stop_v2_maturity_refresh/post_stop_v2_maturity_board.md,4222,,2026-05-22T22:51:23.311Z,3
post_stop_v2_maturity_board.md,1B_kDYEqgm0qiIa-qFIHAKxsokpEXN4afnqrh7aLqNKw,Trade_AI_Docs_v2/docs/maturity_hardening/post_stop_v2_maturity_refresh/post_stop_v2_maturity_board.md,4228,,2026-05-22T21:42:32.013Z,3
post_stop_v2_maturity_board.md,1nEdFnkewR7TZBh4rB3KgERlG8xvIW9y2RTBO4h1AH_s,Trade_AI_Docs_v2/docs/maturity_hardening/post_stop_v2_maturity_refresh/post_stop_v2_maturity_board.md,4219,,2026-05-22T21:31:45.534Z,3
post_stop_v2_operator_readiness_summary.md,14qTnK4yyZx2B-EjrrIwpkNgl4t-yJBeieLXetJz4QrE,Trade_AI_Docs_v2/docs/maturity_hardening/post_stop_v2_maturity_refresh/post_stop_v2_operator_readiness_summary.md,2278,,2026-05-22T21:42:24.898Z,2
post_stop_v2_operator_readiness_summary.md,11RbGeEftY2KGIDf9nHquz0l1AzfS2CM76VZoky39_Aw,Trade_AI_Docs_v2/docs/maturity_hardening/post_stop_v2_maturity_refresh/post_stop_v2_operator_readiness_summary.md,2262,,2026-05-22T21:31:38.165Z,2
post_stop_v2_reconciliation_verification.json,1gDjjzzZQFFBqm_TAyKLdRqO-gpBa_1wu,Trade_AI_Docs_v2/docs/maturity_hardening/post_stop_v2_maturity_refresh/post_stop_v2_reconciliation_verification.json,2751,,2026-05-22T22:59:31.928Z,4
post_stop_v2_reconciliation_verification.json,1w7pnYcsBxig2QyoZUJQ6wf7q2L6WPMsH,Trade_AI_Docs_v2/docs/maturity_hardening/post_stop_v2_maturity_refresh/post_stop_v2_reconciliation_verification.json,2751,,2026-05-22T22:51:32.675Z,4
post_stop_v2_reconciliation_verification.json,1JCMquJPEEme7Whf1CBB9nVlcSxKywBhJ,Trade_AI_Docs_v2/docs/maturity_hardening/post_stop_v2_maturity_refresh/post_stop_v2_reconciliation_verification.json,2751,,2026-05-22T21:42:39.859Z,4
post_stop_v2_reconciliation_verification.json,19Jg02xw-OjwPM1S3CddXHbRaw0NrmtIZ,Trade_AI_Docs_v2/docs/maturity_hardening/post_stop_v2_maturity_refresh/post_stop_v2_reconciliation_verification.json,2751,,2026-05-22T21:31:55.451Z,4
post_stop_v2_reconciliation_verification.md,10PAsG59BulAJzXDqF6zA5uGV5lYnkz3bD2TKq8drcWE,Trade_AI_Docs_v2/docs/maturity_hardening/post_stop_v2_maturity_refresh/post_stop_v2_reconciliation_verification.md,2177,,2026-05-22T22:51:27.455Z,3
post_stop_v2_reconciliation_verification.md,1oNCOLvJm5L1uBILCuWboGhhcBqmqL2GMYvHogs0zqSE,Trade_AI_Docs_v2/docs/maturity_hardening/post_stop_v2_maturity_refresh/post_stop_v2_reconciliation_verification.md,2178,,2026-05-22T21:42:35.141Z,3
post_stop_v2_reconciliation_verification.md,1sE2k3ObyXcWy3kxkFEiJJOblmgr376Bb0E8SF8yudA4,Trade_AI_Docs_v2/docs/maturity_hardening/post_stop_v2_maturity_refresh/post_stop_v2_reconciliation_verification.md,2179,,2026-05-22T21:31:50.279Z,3
post_stop_v2_unified_supervisor_verification.md,1pEd0AXsU-7qekuyHlCr6jiwVd861wMrsXSVNn3HNeCY,Trade_AI_Docs_v2/docs/maturity_hardening/post_stop_v2_maturity_refresh/post_stop_v2_unified_supervisor_verification.md,1629,,2026-05-22T22:51:31.131Z,3
post_stop_v2_unified_supervisor_verification.md,1nptaxPtyOxfbMA_zgLori34W9FyWrlyvsB2NdZPXeuU,Trade_AI_Docs_v2/docs/maturity_hardening/post_stop_v2_maturity_refresh/post_stop_v2_unified_supervisor_verification.md,1628,,2026-05-22T21:42:38.317Z,3
post_stop_v2_unified_supervisor_verification.md,13X5iSS-h5LRlivMG0F0OCOliuomTuYDmZqtSi05eksU,Trade_AI_Docs_v2/docs/maturity_hardening/post_stop_v2_maturity_refresh/post_stop_v2_unified_supervisor_verification.md,1630,,2026-05-22T21:31:53.824Z,3
pp_ux1_api_contract.md,1XIETxs6X1FOrXNzX1LLx9QFGnQnAaLgR,Trade_AI_Docs_v2/docs/frontend/phase_pp_ux1_paper_proposals_decision_packet/pp_ux1_api_contract.md,1829,,2026-05-18T12:25:26.202Z,2
pp_ux1_api_contract.md,1eeSGKv-XCjpy4oAvQYDYO3NHpSPVVAUQKbTs4CpruN8,Trade_AI_Docs_v2/docs/_archive/2026-05-24_cleanup/completed_phases/frontend/phase_pp_ux1_paper_proposals_decision_packet/pp_ux1_api_contract.md,2939,,2026-05-28T18:23:09.598Z,2
pp_ux1_design_gap_audit.md,13t1JJjb_ZFP28iCkSskXh5bKvD9o__ig,Trade_AI_Docs_v2/docs/frontend/phase_pp_ux1_paper_proposals_decision_packet/pp_ux1_design_gap_audit.md,4286,,2026-05-18T12:25:36.398Z,2
pp_ux1_design_gap_audit.md,156nI6IBoO13tuEIK3oinuQZcS4bFJM0Sx_pKDoFkge8,Trade_AI_Docs_v2/docs/_archive/2026-05-24_cleanup/completed_phases/frontend/phase_pp_ux1_paper_proposals_decision_packet/pp_ux1_design_gap_audit.md,4922,,2026-05-28T18:23:26.851Z,2
pp_ux1_preflight.md,18eh98i-wNEKB0_Sf6wF0pOXyrptufXqo,Trade_AI_Docs_v2/docs/frontend/phase_pp_ux1_paper_proposals_decision_packet/pp_ux1_preflight.md,2127,,2026-05-18T12:25:30.212Z,2
pp_ux1_preflight.md,1Eepo0nPMIhfNhzeToXMHLz1rhXb9tpQfdltxZefN8u8,Trade_AI_Docs_v2/docs/_archive/2026-05-24_cleanup/completed_phases/frontend/phase_pp_ux1_paper_proposals_decision_packet/pp_ux1_preflight.md,3470,,2026-05-28T18:23:16.940Z,2
pp_ux1_safety_audit.md,1IQgNUQZ0n3cz8DZ99daDa6hzrxGKOow3,Trade_AI_Docs_v2/docs/frontend/phase_pp_ux1_paper_proposals_decision_packet/pp_ux1_safety_audit.md,2008,,2026-05-18T12:25:28.003Z,2
pp_ux1_safety_audit.md,186o_ksLLXlvan8EhxpfDxASmAtEKwI3GSayUSUEXxmI,Trade_AI_Docs_v2/docs/_archive/2026-05-24_cleanup/completed_phases/frontend/phase_pp_ux1_paper_proposals_decision_packet/pp_ux1_safety_audit.md,2881,,2026-05-28T18:23:13.435Z,2
pp_ux1_test_results.md,1077n0vSVXeeYoXYZUdxH-i01wpOGFXH3,Trade_AI_Docs_v2/docs/frontend/phase_pp_ux1_paper_proposals_decision_packet/pp_ux1_test_results.md,1105,,2026-05-18T12:25:34.201Z,2
pp_ux1_test_results.md,1r-dJ--QGwRnGOxdD9kNy8lwmLhxX1Bg6mjFK53hKXlw,Trade_AI_Docs_v2/docs/_archive/2026-05-24_cleanup/completed_phases/frontend/phase_pp_ux1_paper_proposals_decision_packet/pp_ux1_test_results.md,2464,,2026-05-28T18:23:23.808Z,2
pp_ux2_design_gap_report.md,1NlX-Rn5kPD4r9j8IrzHlRHuB13Hg3LOG,Trade_AI_Docs_v2/docs/frontend/phase_pp_ux2_proposal_trust_audit/pp_ux2_design_gap_report.md,1943,,2026-05-18T12:50:03.014Z,2
pp_ux2_design_gap_report.md,1Wb585E02awo-6CYG9w_U0IYjesSlSlHHh8alWWxzzRo,Trade_AI_Docs_v2/docs/_archive/2026-05-24_cleanup/completed_phases/frontend/phase_pp_ux2_proposal_trust_audit/pp_ux2_design_gap_report.md,2605,,2026-05-28T18:22:49.387Z,2
pp_ux2_preflight.md,1kteRwQjBSKMGyNG09KvOD9x_6LuSAUCd,Trade_AI_Docs_v2/docs/frontend/phase_pp_ux2_proposal_trust_audit/pp_ux2_preflight.md,1861,,2026-05-18T12:49:54.936Z,2
pp_ux2_preflight.md,1hNvmQSiHykHA9Iq0SZ0uMsL09zXRPMNYlHXfvuJjhjg,Trade_AI_Docs_v2/docs/_archive/2026-05-24_cleanup/completed_phases/frontend/phase_pp_ux2_proposal_trust_audit/pp_ux2_preflight.md,2789,,2026-05-28T18:22:35.230Z,2
pp_ux2_safety_audit.md,1FB4RqlPeyrPIbFaPSwGa2K2i07OyK_hm,Trade_AI_Docs_v2/docs/frontend/phase_pp_ux2_proposal_trust_audit/pp_ux2_safety_audit.md,1372,,2026-05-18T12:50:01.224Z,2
pp_ux2_safety_audit.md,1L7GG4pNUuBQ7PEZC_HSI7iaUjzVCug90D2Qlb4Je8IE,Trade_AI_Docs_v2/docs/_archive/2026-05-24_cleanup/completed_phases/frontend/phase_pp_ux2_proposal_trust_audit/pp_ux2_safety_audit.md,2551,,2026-05-28T18:22:45.751Z,2
pp_ux2_strategy_fit_audit_report.md,1pUQTrYPDeXSwtshqNQVwF9gAutZxAxYb,Trade_AI_Docs_v2/docs/frontend/phase_pp_ux2_proposal_trust_audit/pp_ux2_strategy_fit_audit_report.md,21,,2026-05-18T12:49:59.442Z,2
pp_ux2_strategy_fit_audit_report.md,1aT9xfyQoRkvpC5lCYu7HXhA7kwh-LRwcoA0e2pM_tZA,Trade_AI_Docs_v2/docs/_archive/2026-05-24_cleanup/completed_phases/frontend/phase_pp_ux2_proposal_trust_audit/pp_ux2_strategy_fit_audit_report.md,1024,,2026-05-28T18:22:42.182Z,2
pp_ux2_technical_backtest_audit_report.md,1dG-NpdVcESQpaWo0g4C9ihgZRgnt7Edd,Trade_AI_Docs_v2/docs/frontend/phase_pp_ux2_proposal_trust_audit/pp_ux2_technical_backtest_audit_report.md,155,,2026-05-18T12:49:49.054Z,2
pp_ux2_technical_backtest_audit_report.md,13xCSP8pUClBq9gnzJP6s-pIg6wEQWyJUCGeDdNHiUsQ,Trade_AI_Docs_v2/docs/_archive/2026-05-24_cleanup/completed_phases/frontend/phase_pp_ux2_proposal_trust_audit/pp_ux2_technical_backtest_audit_report.md,1059,,2026-05-28T18:22:26.015Z,2
pp_ux2_test_results.md,1r6-3NsktMVEGXcRKWYq8RznpKQiRpXr0,Trade_AI_Docs_v2/docs/frontend/phase_pp_ux2_proposal_trust_audit/pp_ux2_test_results.md,1017,,2026-05-18T12:49:51.290Z,2
pp_ux2_test_results.md,1RmqYHBCmL4KFOODvaUsrZ60l11oIwA3YjBBOkwaaSlI,Trade_AI_Docs_v2/docs/_archive/2026-05-24_cleanup/completed_phases/frontend/phase_pp_ux2_proposal_trust_audit/pp_ux2_test_results.md,2418,,2026-05-28T18:22:29.973Z,2
pre_burnin_findings_2026-05-25.md,1GI5-2QKs5mfg4HdSOrGixPwZU78I4QVM,Trade_AI_Docs_v2/pre_burnin_findings_2026-05-25.md,2366,,2026-05-23T21:44:16.100Z,2
pre_burnin_findings_2026-05-25.md,1wiIgE7gLoKcA1hr6wDGrANZwc_TEv98U_NJ2qAuJQAk,Trade_AI_Docs_v2/docs/_findings/pre_burnin_findings_2026-05-25.md,3359,,2026-05-28T17:19:42.254Z,2
price_history_db_migration.md,1kuRyIZnKfePt7ZGealPPKutjkyIPDMau4zEki-2jFBY,Trade_AI_Docs_v2/docs/_archive/archive/2026-04-27_pre_bible/handoff_2026-04-19/price_history_db_migration.md,14266,,2026-05-21T03:00:42.718Z,3
price_history_db_migration.md,131wWHpuL7YbWE0Vq9BngPNfC-Wd47Lzp,Trade_AI_Docs_v2/docs/_archive/archive/2026-04-27_pre_bible/handoff_2026-04-19/price_history_db_migration.md,9365,,2026-05-18T00:08:48.629Z,3
price_history_db_migration.md,1YmA118hqL-02KCJdVmOhmmsUGw8W68QT,Trade_AI_Docs_v2/docs/archive/2026-04-27_pre_bible/handoff_2026-04-19/price_history_db_migration.md,9365,,2026-05-17T22:51:03.895Z,3
project_openclaw.md,1K1S-_Ffbhh5o3nptJlF0SMEhtyQ0XShYdAShl-6BxPs,Trade_AI_Docs_v2/docs/project/project_openclaw.md,5889,,2026-05-21T02:32:37.027Z,2
project_openclaw.md,1uoX3Fq8d07roK_70cdVlUjNbfzaZxQ5I,Trade_AI_Docs_v2/docs/project/project_openclaw.md,4816,,2026-05-17T23:14:06.674Z,2
promote1_safety_audit.md,1-A4v0TFGWkEhBLHIDgFOaR47ob6GJ9hxtB1OeeLbVE8,Trade_AI_Docs_v2/docs/proposal_quality/phase_promote1_pre_promotion_readiness_gate/promote1_safety_audit.md,1748,,2026-05-21T03:09:38.583Z,2
promote1_safety_audit.md,1Dbit_zORcHvoLLfNGlRB8Xu6n4a3WXRe,Trade_AI_Docs_v2/docs/proposal_quality/phase_promote1_pre_promotion_readiness_gate/promote1_safety_audit.md,574,,2026-05-18T17:26:27.239Z,2
proposals_baseline.txt,1Wppc6o10_UTyjrNNuB3rfTBkoVi6nasX,Trade_AI_Docs_v2/docs/_archive/phase_b1_baseline/proposals_baseline.txt,167,,2026-05-17T23:59:27.266Z,3
proposals_baseline.txt,1ci8IBWMKbrL63X4bKTxmqmvaUuwLMdwi,Trade_AI_Docs_v2/docs/phase_b1_baseline/proposals_baseline.txt,167,,2026-05-17T22:41:33.120Z,3
proposals_baseline.txt,1OZAx4im9Ow8f37B7cx53cdmAZ9UjtVMl,Trade_AI_Docs_v2/docs/phase_b1_baseline/proposals_baseline.txt,167,,2026-05-17T22:37:08.166Z,3
prospects.png,1g_YBwWbY356itcCR87iWI-JASN7nmLwz,Trade_AI_Docs_v2/docs/_generated/ui_audit_screenshots/audit_7777_20260523_1921/7777/prospects.png,340363,,2026-05-28T19:01:36.190Z,2
prospects.png,1lGVLs1a11lf8D0g4SqVZEsb7pqq4S-S1,Trade_AI_Docs_v2/docs/atm_lifecycle_v1_2026_05_26/full_lifecycle_acceleration_v3_0/screenshots/prospects.png,371697,,2026-05-28T17:53:30.533Z,2
prospects_desktop.png,16mHTgA_Uud24wV2D2tcCR6Wi-IMCRbrV,Trade_AI_Docs_v2/ui_redesign/screenshots/prospects_desktop.png,137634,,2026-05-25T15:09:07.573Z,2
prospects_desktop.png,1ktp6i7JJJrvKDc2vR9EqsB9llYOzWg2k,Trade_AI_Docs_v2/docs/ui_redesign/screenshots/prospects_desktop.png,168775,,2026-05-28T18:57:11.546Z,2
pwd.txt,1AFsah7tmxQKZ99wL7XUC_dxXWnjqC-Tj,Trade_AI_Docs_v2/docs/_archive/v4_1_discovery/pwd.txt,57,,2026-05-18T00:10:57.894Z,2
pwd.txt,1mgHUQVg0MTr7w6dZovEOUM4y_CidiFkH,Trade_AI_Docs_v2/docs/v4_1_discovery/pwd.txt,57,,2026-05-17T23:17:09.089Z,2
q1_proactive_quote_refresh_dry_run_report.md,1mX8YteqIKtXqr3XSZ7CS3a925A57NX0o,Trade_AI_Docs_v2/docs/quote_architecture/phase_q1_proactive_quote_refresh/q1_proactive_quote_refresh_dry_run_report.md,72,,2026-05-18T17:03:27.263Z,2
q1_proactive_quote_refresh_dry_run_report.md,12hL-fAeQhk5xBAOVwLIbvGgptVnq5y3lTL8FhoRwaDE,Trade_AI_Docs_v2/docs/_archive/2026-05-24_cleanup/completed_phases/quote_architecture/phase_q1_proactive_quote_refresh/q1_proactive_quote_refresh_dry_run_report.md,1024,,2026-05-28T18:40:34.062Z,2
q1_quote_refresh_targets_report.md,1QXKhZ8gPVc8Ck8EMKTkGQUsRo4lxYI7z,Trade_AI_Docs_v2/docs/quote_architecture/phase_q1_proactive_quote_refresh/q1_quote_refresh_targets_report.md,68,,2026-05-18T17:03:35.212Z,2
q1_quote_refresh_targets_report.md,1Kb9ulwM0SLE2KlWckOCMMgkkR1woUAY874sjfm6C-nc,Trade_AI_Docs_v2/docs/_archive/2026-05-24_cleanup/completed_phases/quote_architecture/phase_q1_proactive_quote_refresh/q1_quote_refresh_targets_report.md,1024,,2026-05-28T18:40:48.124Z,2
q1_safety_audit.md,1JJmunkwuPnOQL8NfGiq29787xmRTUxDZ,Trade_AI_Docs_v2/docs/quote_architecture/phase_q1_proactive_quote_refresh/q1_safety_audit.md,608,,2026-05-18T17:03:33.425Z,2
q1_safety_audit.md,1p0qSeKYrjyYd4AyOQLWhxOEvNDrDbVvY4bl7yRGdbII,Trade_AI_Docs_v2/docs/_archive/2026-05-24_cleanup/completed_phases/quote_architecture/phase_q1_proactive_quote_refresh/q1_safety_audit.md,1792,,2026-05-28T18:40:44.492Z,2
q1_test_results.md,1H-LB_ojmqkZWilqPrzdJlJaRmEdaJCXv,Trade_AI_Docs_v2/docs/quote_architecture/phase_q1_proactive_quote_refresh/q1_test_results.md,97,,2026-05-18T17:03:37.149Z,2
q1_test_results.md,1m1atdLXyK5cXYBdXUXZOZJybmQa8RFOXg2ZsbX97H-Q,Trade_AI_Docs_v2/docs/_archive/2026-05-24_cleanup/completed_phases/quote_architecture/phase_q1_proactive_quote_refresh/q1_test_results.md,1024,,2026-05-28T18:40:52.130Z,2
r2_drive_sync_verification.md,1msdw-Ztp-hmyTcYVUEOkAecHer3Wfvlx,Trade_AI_Docs_v2/docs/strategy_architecture/phase_r2_family_liquidity_gating/r2_drive_sync_verification.md,634,,2026-05-18T16:31:40.837Z,2
r2_drive_sync_verification.md,1M1pRY1ebqPU16L4hfO8NvjFZf2ej3JaxjasQMVz19x4,Trade_AI_Docs_v2/docs/_archive/2026-05-24_cleanup/completed_phases/phase_r2_family_liquidity_gating/r2_drive_sync_verification.md,1795,,2026-05-28T18:36:19.992Z,2
r2_family_gating_shadow_comparison_report.md,1ki_CqvqgPp0a7P_MxLK9PmV8PMgWiNSQ,Trade_AI_Docs_v2/docs/strategy_architecture/phase_r2_family_liquidity_gating/r2_family_gating_shadow_comparison_report.md,301,,2026-05-18T16:13:15.367Z,2
r2_family_gating_shadow_comparison_report.md,1Bc5pqkYdcxfr95DvDt7AMV42CZ191UYyUbAa12VwhSY,Trade_AI_Docs_v2/docs/_archive/2026-05-24_cleanup/completed_phases/phase_r2_family_liquidity_gating/r2_family_gating_shadow_comparison_report.md,1300,,2026-05-28T18:36:28.604Z,2
r2_route_audit_simulation_report.md,1s0_lZ5sG_HSJj--1-jQ8hG_5KyIeaFhF,Trade_AI_Docs_v2/docs/strategy_architecture/phase_r2_family_liquidity_gating/r2_route_audit_simulation_report.md,114,,2026-05-18T16:13:13.594Z,2
r2_route_audit_simulation_report.md,1EkQd1FeFURy5o3KIMOvpTxErs7Re26nWdVUlmAz20Cs,Trade_AI_Docs_v2/docs/_archive/2026-05-24_cleanup/completed_phases/phase_r2_family_liquidity_gating/r2_route_audit_simulation_report.md,1024,,2026-05-28T18:36:24.988Z,2
r2_safety_audit.md,14L0PzqvvE4wJdK6ie2m1HV0d92LlLFzj,Trade_AI_Docs_v2/docs/strategy_architecture/phase_r2_family_liquidity_gating/r2_safety_audit.md,514,,2026-05-18T16:13:21.224Z,2
r2_safety_audit.md,1xhNlJcG6MDUpJvEvyKQuLE1IJObfhekhPgwcxhpF5g0,Trade_AI_Docs_v2/docs/_archive/2026-05-24_cleanup/completed_phases/phase_r2_family_liquidity_gating/r2_safety_audit.md,1722,,2026-05-28T18:36:38.307Z,2
r2_test_results.md,1uDCUxkkGM9PHCmGNNrd5wjUkF2lQb0yS,Trade_AI_Docs_v2/docs/strategy_architecture/phase_r2_family_liquidity_gating/r2_test_results.md,110,,2026-05-18T16:13:19.241Z,2
r2_test_results.md,1ESkRxxeaUu1K228TFrEP3fjD-cjZSuZWcp4s1cFnOzA,Trade_AI_Docs_v2/docs/_archive/2026-05-24_cleanup/completed_phases/phase_r2_family_liquidity_gating/r2_test_results.md,1024,,2026-05-28T18:36:35.272Z,2
r5_route_audit_simulation_report.md,1sS7pq9FQ3ji3GrwYwnGOupsW0tO1OKQe,Trade_AI_Docs_v2/docs/strategy_architecture/phase_r5_yaml_scoring_weights_router/r5_route_audit_simulation_report.md,114,,2026-05-18T15:47:06.793Z,2
r5_route_audit_simulation_report.md,1mqcRuiMSEUtPZZS2A-1Y8_PNlrR9d7QQIB_UOxUA1R0,Trade_AI_Docs_v2/docs/_archive/2026-05-24_cleanup/completed_phases/phase_r5_yaml_scoring_weights_router/r5_route_audit_simulation_report.md,1024,,2026-05-28T18:19:39.649Z,2
r5_safety_audit.md,1WAKOZKgw9eYFri7S4_tziZne3iKJE5EA,Trade_AI_Docs_v2/docs/strategy_architecture/phase_r5_yaml_scoring_weights_router/r5_safety_audit.md,463,,2026-05-18T15:47:04.824Z,2
r5_safety_audit.md,1PZ7VdwVMgFOeTgEcLOl2sQqh-okTNOYBFf1qhLBgP5s,Trade_AI_Docs_v2/docs/_archive/2026-05-24_cleanup/completed_phases/phase_r5_yaml_scoring_weights_router/r5_safety_audit.md,1680,,2026-05-28T18:19:36.158Z,2
r5_scoring_weights_inventory_report.md,1daQ8gxpV6_390AK79VXPbcMklPA6HArz,Trade_AI_Docs_v2/docs/strategy_architecture/phase_r5_yaml_scoring_weights_router/r5_scoring_weights_inventory_report.md,1582,,2026-05-18T15:47:02.868Z,2
r5_scoring_weights_inventory_report.md,1i6yK7WMPlD87P_vbuLa8pMVwg_Muk7juepMBY9ojSbs,Trade_AI_Docs_v2/docs/_archive/2026-05-24_cleanup/completed_phases/phase_r5_yaml_scoring_weights_router/r5_scoring_weights_inventory_report.md,2371,,2026-05-28T18:19:32.808Z,2
r5_test_results.md,1fd8JQtnb3nK5uGtEA1skHyCFEqmvWatI,Trade_AI_Docs_v2/docs/strategy_architecture/phase_r5_yaml_scoring_weights_router/r5_test_results.md,112,,2026-05-18T15:47:15.083Z,2
r5_test_results.md,1elXeC3LXFTepn9e6S8ilzqJiLs1aryrB1XnXrDCuujU,Trade_AI_Docs_v2/docs/_archive/2026-05-24_cleanup/completed_phases/phase_r5_yaml_scoring_weights_router/r5_test_results.md,1024,,2026-05-28T18:19:50.397Z,2
r5_weighted_shadow_comparison_report.md,1R8rhnIpusUtHHWXX-cb10PsNeZNuMoUq,Trade_AI_Docs_v2/docs/strategy_architecture/phase_r5_yaml_scoring_weights_router/r5_weighted_shadow_comparison_report.md,349,,2026-05-18T15:47:17.051Z,2
r5_weighted_shadow_comparison_report.md,1vuYEZGx54QDNoA5tQjAAiPCs8BPVWdgBTR_vJ35iDl0,Trade_AI_Docs_v2/docs/_archive/2026-05-24_cleanup/completed_phases/phase_r5_yaml_scoring_weights_router/r5_weighted_shadow_comparison_report.md,1368,,2026-05-28T18:19:54.236Z,2
recommendation_schema.yaml,1VCmK205D79HI2jisdbONKKlGH29ZMpD8,Trade_AI_Docs_v2/config/strategies/recommendation_schema.yaml,2569,,2026-05-29T12:40:45.908Z,5
recommendation_schema.yaml,1sSbTLajgUNMw0JMltVC2kmG5ZrqKqGe2,Trade_AI_Docs_v2/config/strategies/recommendation_schema.yaml,2569,,2026-05-28T19:03:26.798Z,5
recommendation_schema.yaml,1xpw3vLH0_hDs_GwShM7BJsFZhzSnj6Jc,Trade_AI_Docs_v2/config/strategies/recommendation_schema.yaml,2569,,2026-05-23T16:32:52.248Z,5
recommendation_schema.yaml,1YC_ITu7R8d-_8TjHE-sh_yRjwoZZEK6U,Trade_AI_Docs_v2/config/strategies/recommendation_schema.yaml,2569,,2026-05-22T13:10:11.941Z,5
recommendation_schema.yaml,18r5PLPxHgbdzEZHHFcwy7kKplofBlLT_,Trade_AI_Docs_v2/config/strategies/recommendation_schema.yaml,2541,,2026-05-17T23:23:24.285Z,5
recovery_watch.yaml,1tryYbCMnmlwjZPiL4lVhopmNZQvNrf0K,Trade_AI_Docs_v2/config/strategies/recovery_watch.yaml,4538,,2026-05-29T12:41:04.645Z,5
recovery_watch.yaml,15ZuXJKXFwOJqCLPwTdXjlBjNddOadp5V,Trade_AI_Docs_v2/config/strategies/recovery_watch.yaml,4538,,2026-05-28T19:03:43.439Z,5
recovery_watch.yaml,1JQt7d27YHj-ZwH27j9n1WF2hb91jhGQF,Trade_AI_Docs_v2/config/strategies/recovery_watch.yaml,4538,,2026-05-23T16:33:08.922Z,5
recovery_watch.yaml,1r3nw59oNqvX8swwudv6Bp05ULhw-nfRt,Trade_AI_Docs_v2/config/strategies/recovery_watch.yaml,4538,,2026-05-22T13:10:30.032Z,5
recovery_watch.yaml,14G2SzCksVtRNEdWQ6zb2ZsxQ9Fi8OVTr,Trade_AI_Docs_v2/config/strategies/recovery_watch.yaml,4467,,2026-05-17T23:23:40.577Z,5
regime_cron1_staleness_report.md,1BI7JeZncpOga02OG0okdwjZnjMW2TjMuuZ3u37hXxGM,Trade_AI_Docs_v2/docs/_archive/2026-05-24_cleanup/completed_phases/operator_hygiene/phase_post_audit_ops1_remaining_backend_fixes/regime_cron1_staleness_report.md,2169,,2026-05-28T18:30:04.635Z,2
regime_cron1_staleness_report.md,1uKL0DpYmdHlQRP4iwjlfO_XqCIG_2-hJ7hNl3nVtJF0,Trade_AI_Docs_v2/docs/_archive/2026-05-24_cleanup/completed_phases/operator_hygiene/phase_regime_cron1_risk_regime_freshness/regime_cron1_staleness_report.md,1445,,2026-05-28T18:27:12.050Z,2
regime_cron1_staleness_results.json,1AaSeZ34zxOi8-lDu4ix8nAL-FWKHh37K,Trade_AI_Docs_v2/docs/_archive/2026-05-24_cleanup/completed_phases/operator_hygiene/phase_post_audit_ops1_remaining_backend_fixes/regime_cron1_staleness_results.json,589,,2026-05-28T18:29:35.995Z,2
regime_cron1_staleness_results.json,1YWSLqsEzROwcsUrHJtfWKiciuDJuD5WB,Trade_AI_Docs_v2/docs/_archive/2026-05-24_cleanup/completed_phases/operator_hygiene/phase_regime_cron1_risk_regime_freshness/regime_cron1_staleness_results.json,1738,,2026-05-28T18:26:46.408Z,2
reit_income.yaml,1bmVEsloeowN3M3kGE2VFNMb7u9Jn_S7E,Trade_AI_Docs_v2/config/strategies/reit_income.yaml,4237,,2026-05-29T12:40:47.947Z,5
reit_income.yaml,1yWp5Zx6QR0Ip6lJvwepHV9hylsKMBjEi,Trade_AI_Docs_v2/config/strategies/reit_income.yaml,4237,,2026-05-28T19:03:28.489Z,5
reit_income.yaml,1U0f-udQKqT0pNIxAygj3yoIKMIM_k1wK,Trade_AI_Docs_v2/config/strategies/reit_income.yaml,4237,,2026-05-23T16:32:54.188Z,5
reit_income.yaml,1Sq0cBhANgbKnfYJ9tvRG5yb70iL_0enZ,Trade_AI_Docs_v2/config/strategies/reit_income.yaml,4237,,2026-05-22T13:10:13.926Z,5
reit_income.yaml,12iT47DkQzHkX5ekrD8Esr9J572wTiLHk,Trade_AI_Docs_v2/config/strategies/reit_income.yaml,4215,,2026-05-17T23:23:26.141Z,5
research-topics.json,1t17hPYwwH832HZMeuDUSiZEVdjaA_oLy,Trade_AI_Docs_v2/docs/atm_lifecycle_v1_2026_05_26/full_lifecycle_acceleration_v3_0/api_payloads/research-topics.json,37001,,2026-05-28T17:54:03.776Z,2
research-topics.json,1qP_YgoOjIQxDITjt3MmE1SAv6xb4Y0BV,Trade_AI_Docs_v2/docs/ui_audits/post_8b348c3/endpoints/research-topics.json,32870,,2026-05-28T16:57:59.248Z,2
research_insight_extractor.py,12TGPGIybBUsiAssVanS_pgc_ouZTg4Ai,Trade_AI_Docs_v2/docs/_archive/archive/2026-04-27_pre_bible/v6_research_agent/trade_ai_v6_research_agent_package/scripts/research_insight_extractor.py,889,,2026-05-18T00:00:12.112Z,2
research_insight_extractor.py,1omop4RigwruNxMgznIBuYtBgypNHqQ-p,Trade_AI_Docs_v2/research_insight_extractor.py,889,,2026-05-17T22:42:20.787Z,2
research_topics.png,1lKelwbHW0gsrie4IYg-pdUTghjjXfay5,Trade_AI_Docs_v2/docs/_generated/ui_audit_screenshots/audit_7777_20260523_1921/7777/research_topics.png,74131,,2026-05-28T19:02:48.675Z,2
research_topics.png,1yA-fSb9FwS2VkNduKnuVq04YBoYmLLZU,Trade_AI_Docs_v2/docs/ui_audits/post_8b348c3/screenshots/research_topics.png,645790,,2026-05-28T16:57:46.008Z,2
restart_here_2026-04-21.md,167VpZFj20xavkW0mctRKzxeAis0Qj3ZapwvRuu-ly0s,Trade_AI_Docs_v2/docs/_archive/archive/2026-04-27_pre_bible/handoff_2026-04-19/restart_here_2026-04-21.md,6757,,2026-05-21T02:56:24.615Z,4
restart_here_2026-04-21.md,1EwAytCcT1p3o8CnKWZ_Lfl0-7Tdbgvwe,Trade_AI_Docs_v2/docs/_archive/archive/2026-04-27_pre_bible/handoff_2026-04-19/restart_here_2026-04-21.md,5785,,2026-05-18T00:06:39.242Z,4
restart_here_2026-04-21.md,13yke2hlcHRRy8P2x93tV3L29E39jTNtG,Trade_AI_Docs_v2/docs/archive/2026-04-27_pre_bible/handoff_2026-04-19/restart_here_2026-04-21.md,5785,,2026-05-17T23:06:07.220Z,4
restart_here_2026-04-21.md,11vyBts3GkhK227vCnphOkGh29KjDhiMl,Trade_AI_Docs_v2/docs/archive/2026-04-27_pre_bible/handoff_2026-04-19/restart_here_2026-04-21.md,5785,,2026-05-17T22:48:55.927Z,4
restart_here_2026-04-23.md,1pGiVQGyznTzSBCbTtoyBTbZS9mOkbTHLVA4T2sT7ReM,Trade_AI_Docs_v2/docs/_archive/archive/2026-04-27_pre_bible/handoff_2026-04-19/restart_here_2026-04-23.md,5138,,2026-05-21T02:57:54.673Z,4
restart_here_2026-04-23.md,1SMuVRfTTexxGMN4dLFxHlSlE9cTqhnBq,Trade_AI_Docs_v2/docs/_archive/archive/2026-04-27_pre_bible/handoff_2026-04-19/restart_here_2026-04-23.md,2887,,2026-05-18T00:07:26.055Z,4
restart_here_2026-04-23.md,1Sl_OyIcOnYDPFWANW316rOIVJDP5xqrz,Trade_AI_Docs_v2/docs/archive/2026-04-27_pre_bible/handoff_2026-04-19/restart_here_2026-04-23.md,2887,,2026-05-17T23:06:53.176Z,4
restart_here_2026-04-23.md,1YRe2uGsRMQl72wsAODRrdkDbo1XboJ9t,Trade_AI_Docs_v2/docs/archive/2026-04-27_pre_bible/handoff_2026-04-19/restart_here_2026-04-23.md,2887,,2026-05-17T22:49:41.627Z,4
retirement.json,1bBtbuXw9_UNtyyYMHfjsGuYv6xwtftgF,Trade_AI_Docs_v2/ui_redesign/samples/retirement.json,6106,,2026-05-25T14:40:21.040Z,2
retirement.json,1Lw0myIWRqY6wi4wyOevx6omppfJW2g2H,Trade_AI_Docs_v2/docs/ui_redesign/samples/retirement.json,6106,,2026-05-28T18:46:42.625Z,2
risk.json,1VxfolC4Xex_iPIeWcnCI5ot-4OrDHPao,Trade_AI_Docs_v2/ui_redesign/samples/risk.json,6887,,2026-05-25T14:40:22.656Z,4
risk.json,1BSuo9ldbWfuMlpl2CuImP-ZyQ0oW1Pjg,Trade_AI_Docs_v2/docs/ui_redesign/samples/risk.json,6887,,2026-05-28T18:46:46.462Z,4
risk.json,1SoFRmBQXoy2BayyDBYjGeKTwfnisVUFQ,Trade_AI_Docs_v2/docs/_archive/archive/2026-04-27_pre_bible/morning_brief_redesign_kit/api_payloads/risk.json,18106,,2026-05-18T00:02:19.932Z,4
risk.json,1zqx6JeYyI-a0x1YpZG6WkOGYJwx8cV_0,Trade_AI_Docs_v2/docs/archive/2026-04-27_pre_bible/morning_brief_redesign_kit/api_payloads/risk.json,18106,,2026-05-17T22:44:29.998Z,4
risk.png,11QazjWb0WCFr47JkRqhmPCJ9bUK6_GrR,Trade_AI_Docs_v2/docs/_generated/ui_audit_screenshots/audit_7777_20260523_1921/7777/risk.png,322251,,2026-05-28T19:01:13.991Z,2
risk.png,10C2QqhrRtiNObaYdMOHS29K5PKaHuSWu,Trade_AI_Docs_v2/docs/atm_lifecycle_v1_2026_05_26/full_lifecycle_acceleration_v3_0/screenshots/risk.png,318847,,2026-05-28T17:53:25.728Z,2
risk_desktop.png,15zkx2D6__MPd0FLEoxYG76vVWea0bM_A,Trade_AI_Docs_v2/ui_redesign/screenshots/risk_desktop.png,146262,,2026-05-25T15:09:11.354Z,2
risk_desktop.png,1A7VVI7ypUMp6M_H38QptBlPn80qJOc3G,Trade_AI_Docs_v2/docs/ui_redesign/screenshots/risk_desktop.png,147797,,2026-05-28T18:57:57.932Z,2
roadmap_database_and_enhancements_2026-04-19.md,1dklfHoOF0D2PpAjLAuuxe4v8fxlGfX03WedBnLkRmB0,Trade_AI_Docs_v2/docs/_archive/archive/2026-04-27_pre_bible/handoff_2026-04-19/roadmap_database_and_enhancements_2026-04-19.md,16235,,2026-05-21T02:57:13.952Z,4
roadmap_database_and_enhancements_2026-04-19.md,1vgMKsWgPVCjsTPlA8UDjnIpOirqGxQpg,Trade_AI_Docs_v2/docs/_archive/archive/2026-04-27_pre_bible/handoff_2026-04-19/roadmap_database_and_enhancements_2026-04-19.md,15186,,2026-05-18T00:07:04.848Z,4
roadmap_database_and_enhancements_2026-04-19.md,1d6RY25ZZLuzoml62FPiT-Zxnm3ZALxR6,Trade_AI_Docs_v2/docs/archive/2026-04-27_pre_bible/handoff_2026-04-19/roadmap_database_and_enhancements_2026-04-19.md,15186,,2026-05-17T23:06:31.740Z,4
roadmap_database_and_enhancements_2026-04-19.md,1kmo9eJpD-cNIXpos_XvraV1-GxmAajbm,Trade_AI_Docs_v2/docs/archive/2026-04-27_pre_bible/handoff_2026-04-19/roadmap_database_and_enhancements_2026-04-19.md,15186,,2026-05-17T22:49:20.214Z,4
root_cause_analysis_apr10.md,1htvdrd3FwMEPk0TgwTEeSDJliXDJO-3LcZQNIeCpbRE,Trade_AI_Docs_v2/docs/_archive/archive/2026-04-27_pre_bible/root_cause_analysis_apr10.md,9197,,2026-05-21T02:48:57.813Z,3
root_cause_analysis_apr10.md,1Pisplw6FiAZmj-ylRFvsA-su_go5pq3p,Trade_AI_Docs_v2/docs/_archive/archive/2026-04-27_pre_bible/root_cause_analysis_apr10.md,9722,,2026-05-18T00:02:47.883Z,3
root_cause_analysis_apr10.md,1PIzrdg0RIGDudNdpGEt5GK3oEjgxUcxZ,Trade_AI_Docs_v2/docs/archive/2026-04-27_pre_bible/root_cause_analysis_apr10.md,9722,,2026-05-17T22:45:00.083Z,3
runbook_v10.md,1zDM1G2fXjAHzFPB2hR7sXs8J8gz31RjU5Hjgu4XQZs4,Trade_AI_Docs_v2/docs/_archive/2026-05-08/runbook_v10.md,6714,,2026-05-21T03:06:58.598Z,2
runbook_v10.md,11a3hMrKCHTlhE_hl6_uikp5o8S4HpKgE,Trade_AI_Docs_v2/docs/_archive/2026-05-08/runbook_v10.md,5024,,2026-05-17T23:21:15.378Z,2
scalp_count1_safety_audit.md,15jZ3Jb2XL4c84r2y7IA5svAeDBks9rxX,Trade_AI_Docs_v2/docs/frontend/phase_scalp_count1_current_run_counts/scalp_count1_safety_audit.md,427,,2026-05-19T14:09:29.203Z,2
scalp_count1_safety_audit.md,1GBoaVYse9qol77HoFWPAVGeq4KVtdQDRyn4o6-1a5Hs,Trade_AI_Docs_v2/docs/_archive/2026-05-24_cleanup/completed_phases/frontend/phase_scalp_count1_current_run_counts/scalp_count1_safety_audit.md,1648,,2026-05-28T18:22:21.497Z,2
scalp_count2_post_restart_summary.md,1MNcyafBSyu8EAKtc_NR_A77QI5lIhLKy,Trade_AI_Docs_v2/docs/frontend/phase_scalp_count2_run_nogo_denominator/post_restart_validation/scalp_count2_post_restart_summary.md,924,,2026-05-19T15:48:56.567Z,2
scalp_count2_post_restart_summary.md,19AiOcFFDxevcx9kyODJR1pZLRYqrjs9M9R0ntQNp8KM,Trade_AI_Docs_v2/docs/_archive/2026-05-24_cleanup/completed_phases/frontend/phase_scalp_count2_run_nogo_denominator/post_restart_validation/scalp_count2_post_restart_summary.md,2602,,2026-05-28T18:23:00.411Z,2
scan_to_proposal_lag.txt,17DwcyTTVfSAEhJnbUfF80L5Ej2vbTuCz,Trade_AI_Docs_v2/docs/design/signal_freshness_audit_2026-05-15/scan_to_proposal_lag.txt,692,,2026-05-17T23:10:14.912Z,2
scan_to_proposal_lag.txt,1L_oyRF-2T0vicJa5jswq2wEDGYVRJPZE,Trade_AI_Docs_v2/scan_to_proposal_lag.txt,692,,2026-05-17T22:53:00.557Z,2
schemas_reference_2026-04-19.md,1Hk2w78KQ58QPoB-rbhoGCNHGl_pZyRAQyOWtBUOQtfE,Trade_AI_Docs_v2/docs/_archive/archive/2026-04-27_pre_bible/handoff_2026-04-19/schemas_reference_2026-04-19.md,24797,,2026-05-21T02:51:09.986Z,4
schemas_reference_2026-04-19.md,1oHR9QLSk1bzIR4MkGqlnv9vCakF6cj0N,Trade_AI_Docs_v2/docs/_archive/archive/2026-04-27_pre_bible/handoff_2026-04-19/schemas_reference_2026-04-19.md,18804,,2026-05-18T00:03:56.288Z,4
schemas_reference_2026-04-19.md,1CSeaJMLGi7-tB8l828c649ek3TO6Sav2,Trade_AI_Docs_v2/docs/archive/2026-04-27_pre_bible/handoff_2026-04-19/schemas_reference_2026-04-19.md,18804,,2026-05-17T23:03:20.071Z,4
schemas_reference_2026-04-19.md,1pc_Ue6xXBVz61V2Y0Hvewk01z2DllaZL,Trade_AI_Docs_v2/docs/archive/2026-04-27_pre_bible/handoff_2026-04-19/schemas_reference_2026-04-19.md,18804,,2026-05-17T22:46:09.878Z,4
schemas_refresh_summary_2026-04-20.md,1U-NcV-WTArVxmaDi7KJiifBUmQQPjPMtGn1GZ8WwM64,Trade_AI_Docs_v2/docs/_archive/archive/2026-04-27_pre_bible/handoff_2026-04-19/schemas_refresh_summary_2026-04-20.md,4989,,2026-05-21T02:50:05.607Z,4
schemas_refresh_summary_2026-04-20.md,11inMmuynqOqPYtanhsakCUSCdIMo5MCz,Trade_AI_Docs_v2/docs/_archive/archive/2026-04-27_pre_bible/handoff_2026-04-19/schemas_refresh_summary_2026-04-20.md,4102,,2026-05-18T00:03:24.836Z,4
schemas_refresh_summary_2026-04-20.md,1PWv9QOz-gEjuKz1D52vDEVSGDWTwkGkw,Trade_AI_Docs_v2/docs/archive/2026-04-27_pre_bible/handoff_2026-04-19/schemas_refresh_summary_2026-04-20.md,4102,,2026-05-17T23:02:47.582Z,4
schemas_refresh_summary_2026-04-20.md,1Lnp2NEFa0ADm9BJc1oLzfil60guJqmLB,Trade_AI_Docs_v2/docs/archive/2026-04-27_pre_bible/handoff_2026-04-19/schemas_refresh_summary_2026-04-20.md,4102,,2026-05-17T22:45:38.014Z,4
schwab_canonical_closed_trades.json,1FvTxgTxM6NZxTuoCGL_yeX8OaVQNV3no,Trade_AI_Docs_v2/docs/intelligence_flow/schwab_bt_import_1/schwab_canonical_closed_trades.json,83116,,2026-05-23T01:25:59.484Z,3
schwab_canonical_closed_trades.json,1jNykYM3fxhFgyKrFrx52d63jqsEWQxYt,Trade_AI_Docs_v2/docs/intelligence_flow/schwab_bt_import_1/schwab_canonical_closed_trades.json,83116,,2026-05-23T01:19:21.577Z,3
schwab_canonical_closed_trades.json,1kugUoaFbMrhw988EzNmNYJefOHCvIu8t,Trade_AI_Docs_v2/docs/_archive/2026-05-24_cleanup/completed_phases/schwab_bt_import_1/schwab_canonical_closed_trades.json,83116,,2026-05-28T18:32:23.878Z,3
schwab_canonical_closed_trades.md,1PuwEDT-d66fR32nAChof5cPcb2DW4h6_TBTw4jxWDJo,Trade_AI_Docs_v2/docs/intelligence_flow/schwab_bt_import_1/schwab_canonical_closed_trades.md,4624,,2026-05-23T01:25:57.897Z,3
schwab_canonical_closed_trades.md,1h7gaNXn-VihDcSbCd-JHzozRl2IB9HKha7K8nPpdFHg,Trade_AI_Docs_v2/docs/intelligence_flow/schwab_bt_import_1/schwab_canonical_closed_trades.md,4622,,2026-05-23T01:19:19.961Z,3
schwab_canonical_closed_trades.md,1felSEuQ3VOgZUGd1GY1a2HkcY85mtEmOmf_HjkjgmwY,Trade_AI_Docs_v2/docs/_archive/2026-05-24_cleanup/completed_phases/schwab_bt_import_1/schwab_canonical_closed_trades.md,4623,,2026-05-28T18:32:22.088Z,3
screener_arch1_safety_audit.md,1XQgJjpObM8ASxuev6EDFgd6fFaxVf7wp,Trade_AI_Docs_v2/docs/screener_architecture/phase_screener_arch1_full_coverage/screener_arch1_safety_audit.md,417,,2026-05-19T16:19:30.181Z,2
screener_arch1_safety_audit.md,1LQeS5DB6Sxax5yqAl4C8Vd3V83FOMJ3bNFS1bLnJoF0,Trade_AI_Docs_v2/docs/_archive/2026-05-24_cleanup/completed_phases/phase_screener_arch1_full_coverage/screener_arch1_safety_audit.md,1648,,2026-05-28T18:15:46.199Z,2
screener_arch2_completion_matrix.md,1RucMjd9RDgC7AaiDeKqHmUl9GpKEKONU,Trade_AI_Docs_v2/docs/screener_architecture/phase_screener_arch2_full_ingestion_catalog/screener_arch2_completion_matrix.md,2878,,2026-05-19T16:46:17.115Z,2
screener_arch2_completion_matrix.md,1GhagBZPansHtKON2Stq3SHJjE_5zvihI2SmmcmpWtkc,Trade_AI_Docs_v2/docs/_archive/2026-05-24_cleanup/completed_phases/phase_screener_arch2_full_ingestion_catalog/screener_arch2_completion_matrix.md,3880,,2026-05-28T18:37:01.713Z,2
screener_arch2_safety_audit.md,1aT5IShLvDQkwfBXn0eEirGk4I_pw_veN,Trade_AI_Docs_v2/docs/screener_architecture/phase_screener_arch2_full_ingestion_catalog/screener_arch2_safety_audit.md,418,,2026-05-19T16:36:17.475Z,2
screener_arch2_safety_audit.md,1LQRoJVBNZ4FsjhswBPt-fTJz4LAcUwTWtK9KOOaDCj0,Trade_AI_Docs_v2/docs/_archive/2026-05-24_cleanup/completed_phases/phase_screener_arch2_full_ingestion_catalog/screener_arch2_safety_audit.md,1664,,2026-05-28T18:37:12.816Z,2
screener_arch3_completion_matrix.md,1ivHJxb3UWoyEwfc5DqY_G4ekpKF0qmCY,Trade_AI_Docs_v2/docs/screener_architecture/phase_screener_arch3_catalog_lifecycle/screener_arch3_completion_matrix.md,1559,,2026-05-19T17:31:56.305Z,2
screener_arch3_completion_matrix.md,1IAZdxMzeE6wM9-C7L755Uin8XAnMaczZpDzlnpNSC2s,Trade_AI_Docs_v2/docs/_archive/2026-05-24_cleanup/completed_phases/phase_screener_arch3_catalog_lifecycle/screener_arch3_completion_matrix.md,2386,,2026-05-28T18:24:59.005Z,2
screener_arch3b_completion_matrix.md,15fuVZQL_MWicfoz5QCZtRB0HH1cyV7il,Trade_AI_Docs_v2/docs/screener_architecture/phase_screener_arch3b_importer_membership_backfill/screener_arch3b_completion_matrix.md,1275,,2026-05-19T18:19:46.859Z,2
screener_arch3b_completion_matrix.md,1ZQd20DXzC4GoFMU36Z_UppUNFzSBAqAUZxEkD9XZX6E,Trade_AI_Docs_v2/docs/_archive/2026-05-24_cleanup/completed_phases/phase_screener_arch3b_importer_membership_backfill/screener_arch3b_completion_matrix.md,2147,,2026-05-28T18:11:34.730Z,2
screener_inventory_freshness_report.md,1U4LpLGdwqXA-4s-1KzOUfyvfhXDaH61k,Trade_AI_Docs_v2/docs/screener_architecture/phase_screener_arch1_full_coverage/screener_inventory_freshness_report.md,155,,2026-05-19T16:19:32.400Z,2
screener_inventory_freshness_report.md,1zwn1b2cZ46U062dgUGf6K46nXHQ4MjhwcIHm0mJSKq4,Trade_AI_Docs_v2/docs/_archive/2026-05-24_cleanup/completed_phases/phase_screener_arch1_full_coverage/screener_inventory_freshness_report.md,1024,,2026-05-28T18:15:49.726Z,2
screener_inventory_post_full_ingestion.md,1kXy8zYCepcOmegmmJZEPVdFTWxFV6SMY,Trade_AI_Docs_v2/docs/screener_architecture/phase_screener_arch2_full_ingestion_catalog/screener_inventory_post_full_ingestion.md,153,,2026-05-19T16:46:15.123Z,2
screener_inventory_post_full_ingestion.md,13doPrhp-jZpc3CvILzsxMvLOY8aXUaOGAoQ16ZE6GNM,Trade_AI_Docs_v2/docs/_archive/2026-05-24_cleanup/completed_phases/phase_screener_arch2_full_ingestion_catalog/screener_inventory_post_full_ingestion.md,1024,,2026-05-28T18:36:58.504Z,2
screener_membership_status_report.md,1qmhpELGIg6MLDtcbyIeEBMl9zxP4dCgl,Trade_AI_Docs_v2/docs/screener_architecture/phase_screener_arch3b_importer_membership_backfill/screener_membership_status_report.md,62,,2026-05-19T18:19:42.481Z,2
screener_membership_status_report.md,1NbZ7viTPgdSfrnG51IpyWlRmdN65J2Bh6ODzdAxVp-M,Trade_AI_Docs_v2/docs/_archive/2026-05-24_cleanup/completed_phases/phase_screener_arch3b_importer_membership_backfill/screener_membership_status_report.md,1024,,2026-05-28T18:11:27.632Z,2
screener_schedule_architecture.md,1R9tkVYqNHqvt9nCOaXKdycxGzNOnMX_m,Trade_AI_Docs_v2/docs/screener_architecture/phase_screener_arch1_full_coverage/screener_schedule_architecture.md,1568,,2026-05-19T16:19:38.153Z,2
screener_schedule_architecture.md,1bXY0BsBVfMgEonMsA2bH_7YtNv5RjNVjvQCcR5blBYo,Trade_AI_Docs_v2/docs/_archive/2026-05-24_cleanup/completed_phases/phase_screener_arch1_full_coverage/screener_schedule_architecture.md,2814,,2026-05-28T18:15:56.614Z,2
script_routing_inventory.md,1xFo5wxr5RUbPGVcYHMgU9TjIR__he32TJnyn9ya4DcA,Trade_AI_Docs_v2/docs/_archive/2026-05-24_cleanup/completed_phases/v4_1_discovery/script_routing_inventory.md,1337,,2026-05-28T18:20:33.301Z,2
script_routing_inventory.md,1llrLGmk6-zbdmmu9eM9XKEVDyPGs1pWO,Trade_AI_Docs_v2/docs/v4_1_discovery/script_routing_inventory.md,1651,,2026-05-17T23:17:30.072Z,2
scripts__alpaca_paper_adapter.py.md,1cUzI-yVppA5oGRrb3lYZRcz6Nwsb_K-373fXxJEkPTM,Trade_AI_Docs_v2/docs/atm_lifecycle_v1_2026_05_26/root_cause_reconciliation_v1_9/source_exports/scripts__alpaca_paper_adapter.py.md,53698,,2026-05-28T17:58:42.261Z,3
scripts__alpaca_paper_adapter.py.md,1x2t6LT4upeSmgr8ce7j3cNaNtkRRfa7isaO9xZMH-xQ,Trade_AI_Docs_v2/docs/atm_lifecycle_v1_2026_05_26/execution_stop_proof_v3_3_v3_4_export/source_exports/scripts__alpaca_paper_adapter.py.md,53276,,2026-05-28T17:31:32.506Z,3
scripts__alpaca_paper_adapter.py.md,1PdXs2VNatBbQJJc92tptUZveNrX4byNIYGXYFjuPZNk,Trade_AI_Docs_v2/docs/atm_audit_2026_05_26/designer_review/current_source_text/scripts__alpaca_paper_adapter.py.md,53774,,2026-05-28T17:16:22.742Z,3
scripts__open_trade_manager.py.md,1U9_8RKOeAMPGHbxyLtGYbRIGxiYH6FTDn2DontDWyB4,Trade_AI_Docs_v2/docs/atm_lifecycle_v1_2026_05_26/root_cause_reconciliation_v1_9/source_exports/scripts__open_trade_manager.py.md,41843,,2026-05-28T17:58:12.150Z,2
scripts__open_trade_manager.py.md,1xY91oF3NLX_K2TtmiwrvUL6Extq5TGHocEUKWboJpd4,Trade_AI_Docs_v2/docs/atm_audit_2026_05_26/designer_review/current_source_text/scripts__open_trade_manager.py.md,41942,,2026-05-28T17:10:29.483Z,2
scripts__paper_execution_quality.py.md,1L9dUAlOJ6SqfrUjWX1w5Mca-Pl_8H5ipan7j1dX_Dr4,Trade_AI_Docs_v2/docs/atm_lifecycle_v1_2026_05_26/execution_stop_proof_v3_3_v3_4_export/source_exports/scripts__paper_execution_quality.py.md,20131,,2026-05-28T17:31:36.616Z,3
scripts__paper_execution_quality.py.md,15w_RV0C-5rCwMmjhykeiNRgSd007kGRQQ3KDcNOgzPs,Trade_AI_Docs_v2/docs/atm_lifecycle_v1_2026_05_26/llm_backtesting_workflow_v3_8_design/enrichment_2026_05_27/source_exports/scripts__paper_execution_quality.py.md,6791,,2026-05-28T17:29:03.752Z,3
scripts__paper_execution_quality.py.md,1G4v2KDTI6reI8JGJIrMfYTVAu5SwoPcGiANOgEhr4Ro,Trade_AI_Docs_v2/docs/atm_audit_2026_05_26/designer_review/current_source_text/scripts__paper_execution_quality.py.md,20595,,2026-05-28T17:16:55.792Z,3
scripts__paper_execution_quality_analyzer.py.md,1RRq74YCRWlPjXqfrIEQsWmfD2O8haWfydVH8tMU0FLc,Trade_AI_Docs_v2/docs/atm_lifecycle_v1_2026_05_26/execution_stop_proof_v3_3_v3_4_export/source_exports/scripts__paper_execution_quality_analyzer.py.md,17478,,2026-05-28T17:31:18.218Z,3
scripts__paper_execution_quality_analyzer.py.md,1G3bxhHXc0Cxf13vuOazEj6XjgmTBxPvNWhBaWFDN9dY,Trade_AI_Docs_v2/docs/atm_lifecycle_v1_2026_05_26/llm_backtesting_workflow_v3_8_design/enrichment_2026_05_27/source_exports/scripts__paper_execution_quality_analyzer.py.md,5269,,2026-05-28T17:28:49.278Z,3
scripts__paper_execution_quality_analyzer.py.md,1ZdWqzecRIUnfIPzUX6ffoBmzKyhOBHGKPzPzzg5tHUs,Trade_AI_Docs_v2/docs/atm_audit_2026_05_26/designer_review/current_source_text/scripts__paper_execution_quality_analyzer.py.md,18038,,2026-05-28T17:15:07.177Z,3
scripts__paper_trade_closer.py.md,1wkoa-3Z8PQQCXDnJxgLWwaALLqQvnymYPmP4wr_-t2E,Trade_AI_Docs_v2/docs/atm_lifecycle_v1_2026_05_26/root_cause_reconciliation_v1_9/source_exports/scripts__paper_trade_closer.py.md,19480,,2026-05-28T17:58:36.830Z,2
scripts__paper_trade_closer.py.md,1MbJqG-wYP_CbVD5E8Kn3GB3_0V6AcckFYA6XAegpctE,Trade_AI_Docs_v2/docs/atm_audit_2026_05_26/designer_review/current_source_text/scripts__paper_trade_closer.py.md,19619,,2026-05-28T17:16:03.957Z,2
scripts__paper_trade_monitor.py.md,117Rbg7jtIrfdfd2dUGQ4stZgpwNSmHQbgUl_e4HE2oA,Trade_AI_Docs_v2/docs/atm_lifecycle_v1_2026_05_26/root_cause_reconciliation_v1_9/source_exports/scripts__paper_trade_monitor.py.md,29993,,2026-05-28T17:58:28.170Z,3
scripts__paper_trade_monitor.py.md,1NP4EJGWA_9dXf0BWj1hWWEfHY7O4llMTooMQMg2R63Q,Trade_AI_Docs_v2/docs/atm_lifecycle_v1_2026_05_26/execution_stop_proof_v3_3_v3_4_export/source_exports/scripts__paper_trade_monitor.py.md,29568,,2026-05-28T17:31:14.286Z,3
scripts__paper_trade_monitor.py.md,129bLdemEZSim5-FT6oRcRT5x_Dn92zfpiSBit5oO4YQ,Trade_AI_Docs_v2/docs/atm_audit_2026_05_26/designer_review/current_source_text/scripts__paper_trade_monitor.py.md,30113,,2026-05-28T17:13:07.825Z,3
scripts__proposal_paper_submitter.py.md,1CdE8vwu--FuU7pOZW4vyRgfKRLdYwiDXworGMNc0hXI,Trade_AI_Docs_v2/docs/atm_lifecycle_v1_2026_05_26/root_cause_reconciliation_v1_9/source_exports/scripts__proposal_paper_submitter.py.md,37628,,2026-05-28T17:58:32.555Z,3
scripts__proposal_paper_submitter.py.md,1UXzDa2mqGhDg8HtOHB0vcULzh-eyqJlS0FK-Snm9QIw,Trade_AI_Docs_v2/docs/atm_lifecycle_v1_2026_05_26/execution_stop_proof_v3_3_v3_4_export/source_exports/scripts__proposal_paper_submitter.py.md,37164,,2026-05-28T17:31:22.941Z,3
scripts__proposal_paper_submitter.py.md,1Zj_Kt6zd7mt95kq2LHXYUO_1UjTIolD9eCUkQU2Q7eQ,Trade_AI_Docs_v2/docs/atm_audit_2026_05_26/designer_review/current_source_text/scripts__proposal_paper_submitter.py.md,37739,,2026-05-28T17:15:27.255Z,3
scripts__reconcile_stop_v21_broker_stops.py.md,1ZnUSEnZ2Lk4kiBzv42wMPQMmXiArRy81v_n0XN1nsrg,Trade_AI_Docs_v2/docs/atm_lifecycle_v1_2026_05_26/root_cause_reconciliation_v1_9/source_exports/scripts__reconcile_stop_v21_broker_stops.py.md,21299,,2026-05-28T17:58:20.351Z,3
scripts__reconcile_stop_v21_broker_stops.py.md,1d5u-txLBYYHJ8tPVECiBQEJr4wp4u4RTSa_Z9-2UjHs,Trade_AI_Docs_v2/docs/atm_lifecycle_v1_2026_05_26/execution_stop_proof_v3_3_v3_4_export/source_exports/scripts__reconcile_stop_v21_broker_stops.py.md,20913,,2026-05-28T17:31:05.581Z,3
scripts__reconcile_stop_v21_broker_stops.py.md,17R-1oI5B_GmYqVXFmG8Pqk0gOmuMx1XJ3kXuP15_eJ0,Trade_AI_Docs_v2/docs/atm_audit_2026_05_26/designer_review/current_source_text/scripts__reconcile_stop_v21_broker_stops.py.md,21444,,2026-05-28T17:11:43.728Z,3
scripts__strategy_trailing_policy.py.md,1Tn4RZDmSVXJTk49Y-wrVvnkjoo1Af6BrnhvuQMiRlIs,Trade_AI_Docs_v2/docs/atm_lifecycle_v1_2026_05_26/execution_stop_proof_v3_3_v3_4_export/source_exports/scripts__strategy_trailing_policy.py.md,13366,,2026-05-28T17:31:09.619Z,2
scripts__strategy_trailing_policy.py.md,1GJ1r6BTG1bJteJq5rBAq4GndNtXhqmNn5f2u4UaE2WQ,Trade_AI_Docs_v2/docs/atm_audit_2026_05_26/designer_review/current_source_text/scripts__strategy_trailing_policy.py.md,13903,,2026-05-28T17:12:39.718Z,2
scripts__unified_stop_supervisor.py.md,1TJ_TBHAPyD6F4NyLfRuU-x311jQmeMKepe7hg4DH5Vo,Trade_AI_Docs_v2/docs/atm_lifecycle_v1_2026_05_26/root_cause_reconciliation_v1_9/source_exports/scripts__unified_stop_supervisor.py.md,16943,,2026-05-28T17:58:16.428Z,3
scripts__unified_stop_supervisor.py.md,1alzNuHlWbXBzihRqdt2oypJKp5fBY02tMycrdelJ3_s,Trade_AI_Docs_v2/docs/atm_lifecycle_v1_2026_05_26/execution_stop_proof_v3_3_v3_4_export/source_exports/scripts__unified_stop_supervisor.py.md,16538,,2026-05-28T17:31:01.408Z,3
scripts__unified_stop_supervisor.py.md,1x4KC1YLEqJG2cRuxMhB7hEXV1DQlngfRQ5CCq9ylJMc,Trade_AI_Docs_v2/docs/atm_audit_2026_05_26/designer_review/current_source_text/scripts__unified_stop_supervisor.py.md,17063,,2026-05-28T17:10:48.165Z,3
sector_rotation.yaml,1w7FhY-V3_vG_18QlBhyxacUcSnFV6r1r,Trade_AI_Docs_v2/config/strategies/sector_rotation.yaml,5430,,2026-05-29T12:41:14.402Z,5
sector_rotation.yaml,1siFV-L5wwkL4lDGkdZhscyG4ja7K_ylQ,Trade_AI_Docs_v2/config/strategies/sector_rotation.yaml,5430,,2026-05-28T19:03:53.015Z,5
sector_rotation.yaml,1dgyR5ATFDMyRpthivlGKkhPh4jP1j1e1,Trade_AI_Docs_v2/config/strategies/sector_rotation.yaml,5430,,2026-05-23T16:33:18.199Z,5
sector_rotation.yaml,1O4ckHEmiQd4EgVl82jtG5ZIiqhadfU3S,Trade_AI_Docs_v2/config/strategies/sector_rotation.yaml,5430,,2026-05-22T13:10:39.485Z,5
sector_rotation.yaml,1vEhke6CTc0jonuMDqGnEOWS-1OONIVyQ,Trade_AI_Docs_v2/config/strategies/sector_rotation.yaml,5326,,2026-05-17T23:23:49.299Z,5
self-improvement_desktop.png,1fODs3yY_kMGAImkdqJBB4ivQDdye6plu,Trade_AI_Docs_v2/ui_redesign/screenshots/self-improvement_desktop.png,146586,,2026-05-25T15:08:58.316Z,2
self-improvement_desktop.png,12V3OzsMBvOQXI3JDfo_vWrnW9Kp8GJdp,Trade_AI_Docs_v2/docs/ui_redesign/screenshots/self-improvement_desktop.png,154422,,2026-05-28T18:57:36.870Z,2
self-improvement_status.json,1odKz_6DTgBWzc1CCOo02nR-lARPV2cKg,Trade_AI_Docs_v2/ui_redesign/samples/self-improvement_status.json,2165,,2026-05-25T14:40:24.492Z,3
self-improvement_status.json,1jriSqEaJxKBXfyryaNjPj74a9oxVRuJf,Trade_AI_Docs_v2/docs/ui_redesign/samples/self-improvement_status.json,2165,,2026-05-28T18:46:52.150Z,3
self-improvement_status.json,1p9UmBOqLG-_ShVj4XkTv46bISqCfZLE4,Trade_AI_Docs_v2/docs/atm_lifecycle_v1_2026_05_26/journal_learning_backtesting_v3_6_design/api_payloads/self-improvement_status.json,2167,,2026-05-28T18:01:36.641Z,3
self_improvement.png,1C5_vMyKoNOZEk5MvzEIeNTkBJPKoOb_O,Trade_AI_Docs_v2/docs/_generated/ui_audit_screenshots/audit_7777_20260523_1921/7777/self_improvement.png,128008,,2026-05-28T19:01:53.019Z,4
self_improvement.png,1uxhSn41HxHVT0ln3AhwX37U2l8epfjf1,Trade_AI_Docs_v2/docs/atm_lifecycle_v1_2026_05_26/journal_learning_backtesting_v3_6_design/screenshots/self_improvement.png,149465,,2026-05-28T18:01:13.028Z,4
self_improvement.png,1mlmgbTM1CoJC-g0NsvB6gBqDi4DKKBMe,Trade_AI_Docs_v2/docs/atm_lifecycle_v1_2026_05_26/full_lifecycle_acceleration_v3_0/screenshots/self_improvement.png,149781,,2026-05-28T17:53:32.765Z,4
self_improvement.png,1_eMxvmo16IFEMzS8FerCtzmUIPH9GfLh,Trade_AI_Docs_v2/docs/atm_lifecycle_v1_2026_05_26/llm_backtesting_workflow_v3_8_design/enrichment_2026_05_27/screenshots/self_improvement.png,149475,,2026-05-28T17:29:14.138Z,4
session_2026-04-19_complete.md,1Y-LtgUohSwMKfItBE68QaTFNwqSJ2c9cBAtDltxFzv4,Trade_AI_Docs_v2/docs/_archive/archive/2026-04-27_pre_bible/handoff_2026-04-19/session_2026-04-19_complete.md,32609,,2026-05-21T03:00:09.977Z,3
session_2026-04-19_complete.md,1DU0saKm0dkSaf4F2M_Dfb-vEENTmVAdi,Trade_AI_Docs_v2/docs/_archive/archive/2026-04-27_pre_bible/handoff_2026-04-19/session_2026-04-19_complete.md,32864,,2026-05-18T00:08:38.296Z,3
session_2026-04-19_complete.md,1j3AmUmaIi_82Iz0paz-HgCrt4XwoPlcA,Trade_AI_Docs_v2/docs/archive/2026-04-27_pre_bible/handoff_2026-04-19/session_2026-04-19_complete.md,32864,,2026-05-17T22:50:53.381Z,3
session_commit_log_2026_05_22_stop_mgmt_atm_safe.md,12I8xlh8p7uebp8xYF9hgaUx_OWH8yNkO-Fx2F3QKSDw,Trade_AI_Docs_v2/docs/_archive/2026-05-26/session_commit_log_2026_05_22_stop_mgmt_atm_safe.md,7723,,2026-05-28T18:42:32.684Z,2
session_commit_log_2026_05_22_stop_mgmt_atm_safe.md,13ZRYZrKsa2GjWpI5NUX7S9IH_iO6BlvrsfIY7tVaIGE,Trade_AI_Docs_v2/docs/project/session_commit_log_2026_05_22_stop_mgmt_atm_safe.md,7720,,2026-05-22T21:25:32.797Z,2
shfs_860_pre_state.json,1IzoZfaRZmhcHQ7k4mzFXM_QPpgwZMOUu,Trade_AI_Docs_v2/docs/atm_lifecycle_v1_2026_05_29/shfs_860_dry_run/shfs_860_pre_state.json,1475,,2026-05-29T16:02:44.294Z,2
shfs_860_pre_state.json,1cFPvhDk3g_wPo8Eadof53HlAjhqqYN1L,Trade_AI_Docs_v2/docs/atm_lifecycle_v1_2026_05_29/proposal_backtest_enhancements/shfs_860_pre_state.json,2242,,2026-05-29T15:22:37.549Z,2
signals_baseline.txt,1So5e73WPbHb7f2IemKmvupcVs4X9HRm4,Trade_AI_Docs_v2/docs/_archive/phase_b1_baseline/signals_baseline.txt,390,,2026-05-17T23:59:29.049Z,3
signals_baseline.txt,19hLDcGbCDxl5Vqk8KJRvqVmhIN7oP29J,Trade_AI_Docs_v2/docs/phase_b1_baseline/signals_baseline.txt,390,,2026-05-17T22:41:36.911Z,3
signals_baseline.txt,1UIICkRsvphLACkBIamTG9Z3JFUjK4QX8,Trade_AI_Docs_v2/docs/phase_b1_baseline/signals_baseline.txt,390,,2026-05-17T22:37:11.580Z,3
sop_portfolio_data_and_accounting_2026-04-21.md,1lZ0b2lMCqyeX7qnhGV04xceRkwcdDJ8u4lrVFxou0TA,Trade_AI_Docs_v2/docs/_archive/archive/2026-04-27_pre_bible/handoff_2026-04-19/sop_portfolio_data_and_accounting_2026-04-21.md,9759,,2026-05-21T02:51:38.586Z,4
sop_portfolio_data_and_accounting_2026-04-21.md,11HBuIx5cosQ9xhhuGo2-9oJUaSgW6TSb,Trade_AI_Docs_v2/docs/_archive/archive/2026-04-27_pre_bible/handoff_2026-04-19/sop_portfolio_data_and_accounting_2026-04-21.md,8259,,2026-05-18T00:04:11.872Z,4
sop_portfolio_data_and_accounting_2026-04-21.md,1-ammepanBIOTwfkuz37vgUYNyO3h-gX9,Trade_AI_Docs_v2/docs/archive/2026-04-27_pre_bible/handoff_2026-04-19/sop_portfolio_data_and_accounting_2026-04-21.md,8259,,2026-05-17T23:03:36.463Z,4
sop_portfolio_data_and_accounting_2026-04-21.md,124p3IXy4v2cYx-hnI8YQb4lkCk1E4dlo,Trade_AI_Docs_v2/docs/archive/2026-04-27_pre_bible/handoff_2026-04-19/sop_portfolio_data_and_accounting_2026-04-21.md,8259,,2026-05-17T22:46:25.590Z,4
sp1_a5_strategy_readiness_report.md,1dEZn7IOFwmK1xQf8_Q2DlT6CLOMUffZL,Trade_AI_Docs_v2/docs/strategy_proof/phase_sp1_strategy_proof_governance/sp1_a5_strategy_readiness_report.md,533,,2026-05-18T02:47:41.322Z,2
sp1_a5_strategy_readiness_report.md,1V8soyyFs_7EmCEFZRhUsZAUEZQlyMo2T_3KyVULFACQ,Trade_AI_Docs_v2/docs/_archive/2026-05-24_cleanup/completed_phases/phase_sp1_strategy_proof_governance/sp1_a5_strategy_readiness_report.md,1448,,2026-05-28T18:12:36.814Z,2
sp1_strategy_evidence_funnel_report.md,1BkybUsDu5QpjU6p60b31JRBGPZ1YCRUe,Trade_AI_Docs_v2/docs/strategy_proof/phase_sp1_strategy_proof_governance/sp1_strategy_evidence_funnel_report.md,1787,,2026-05-18T02:47:39.462Z,2
sp1_strategy_evidence_funnel_report.md,1hfuTlCo5-Q2uAIvv9ZsLnEXpAy2-etPdr-Nf0O9N41Y,Trade_AI_Docs_v2/docs/_archive/2026-05-24_cleanup/completed_phases/phase_sp1_strategy_proof_governance/sp1_strategy_evidence_funnel_report.md,1780,,2026-05-28T18:12:33.557Z,2
sp2_finviz_screener_quality_report.md,1MkmMUyltV5SFXqrT2fHhA3Wy-lQH3QAA,Trade_AI_Docs_v2/docs/strategy_proof/phase_sp2_strategy_watch_horizon_finviz_audit/sp2_finviz_screener_quality_report.md,1976,,2026-05-18T13:16:21.094Z,2
sp2_finviz_screener_quality_report.md,1tHSyZi2-uKN9iP6c7dCE_f3zM_CoDisSwgkexgSxZAE,Trade_AI_Docs_v2/docs/_archive/2026-05-24_cleanup/completed_phases/phase_sp2_strategy_watch_horizon_finviz_audit/sp2_finviz_screener_quality_report.md,2902,,2026-05-28T18:39:08.175Z,2
sp2_preflight.md,11cTK41Embanj641zdVHzz5AjCOUK7utS,Trade_AI_Docs_v2/docs/strategy_proof/phase_sp2_strategy_watch_horizon_finviz_audit/sp2_preflight.md,1208,,2026-05-18T13:16:32.267Z,2
sp2_preflight.md,1nPaBD4FkyFfxgfE973ZgF6o4a5JV1t9AOLh5Kx2MI2w,Trade_AI_Docs_v2/docs/_archive/2026-05-24_cleanup/completed_phases/phase_sp2_strategy_watch_horizon_finviz_audit/sp2_preflight.md,2626,,2026-05-28T18:39:26.598Z,2
sp2_safety_audit.md,1IrIGC-TPnqVJHEknPr-gK8Rp8tW6H1xO,Trade_AI_Docs_v2/docs/strategy_proof/phase_sp2_strategy_watch_horizon_finviz_audit/sp2_safety_audit.md,1107,,2026-05-18T13:16:38.274Z,2
sp2_safety_audit.md,1jZsB40FoRnXvsO0QJ2XdBfjsMVQ4XVKJN2TwBSN4RMM,Trade_AI_Docs_v2/docs/_archive/2026-05-24_cleanup/completed_phases/phase_sp2_strategy_watch_horizon_finviz_audit/sp2_safety_audit.md,2280,,2026-05-28T18:39:35.830Z,2
sp2_scope.md,1PKJMERaKiL_559Lo-ojMD6wbNaES5nH7,Trade_AI_Docs_v2/docs/strategy_proof/phase_sp2_strategy_watch_horizon_finviz_audit/sp2_scope.md,2384,,2026-05-18T13:16:16.977Z,2
sp2_scope.md,1z_Vbrv_qx1LLjEct7Ajd-9jQjv2NoYv6bV5UFhofo3s,Trade_AI_Docs_v2/docs/_archive/2026-05-24_cleanup/completed_phases/phase_sp2_strategy_watch_horizon_finviz_audit/sp2_scope.md,2915,,2026-05-28T18:39:01.343Z,2
sp2_screener_optimization_design.md,1UGP5I83uR6YK_5UocVPUYJveBJEnOI_B,Trade_AI_Docs_v2/docs/strategy_proof/phase_sp2_strategy_watch_horizon_finviz_audit/sp2_screener_optimization_design.md,2165,,2026-05-18T13:16:36.320Z,2
sp2_screener_optimization_design.md,1tgBmx4A9IPMItwqKIA_IE_6uFwyAczmyzzsq0EJemYc,Trade_AI_Docs_v2/docs/_archive/2026-05-24_cleanup/completed_phases/phase_sp2_strategy_watch_horizon_finviz_audit/sp2_screener_optimization_design.md,3283,,2026-05-28T18:39:31.886Z,2
sp2_strategy_assignment_engine_audit_report.md,1CIEcK8nXtcm9mN5B2CHAwu-TLbBBEpWL,Trade_AI_Docs_v2/docs/strategy_proof/phase_sp2_strategy_watch_horizon_finviz_audit/sp2_strategy_assignment_engine_audit_report.md,622,,2026-05-18T13:16:19.147Z,2
sp2_strategy_assignment_engine_audit_report.md,15ZzErgpyBDPIeg4RxWlLmymm663aiEfjTofR-vCbTIo,Trade_AI_Docs_v2/docs/_archive/2026-05-24_cleanup/completed_phases/phase_sp2_strategy_watch_horizon_finviz_audit/sp2_strategy_assignment_engine_audit_report.md,2093,,2026-05-28T18:39:04.295Z,2
sp2_strategy_watch_horizon_report.md,12_rnRv0b4b69qORLDA5GfFBtBPMyu5l3,Trade_AI_Docs_v2/docs/strategy_proof/phase_sp2_strategy_watch_horizon_finviz_audit/sp2_strategy_watch_horizon_report.md,1288,,2026-05-18T13:16:30.361Z,2
sp2_strategy_watch_horizon_report.md,1cE2Vlo7G1QAfQd0x4NlxNbqRV3dVymh-l73IWdUIiCM,Trade_AI_Docs_v2/docs/_archive/2026-05-24_cleanup/completed_phases/phase_sp2_strategy_watch_horizon_finviz_audit/sp2_strategy_watch_horizon_report.md,2692,,2026-05-28T18:39:22.784Z,2
sp2_test_results.md,1O2p2QvODV8q7R8dcLyvm9Abf-fubCVFg,Trade_AI_Docs_v2/docs/strategy_proof/phase_sp2_strategy_watch_horizon_finviz_audit/sp2_test_results.md,963,,2026-05-18T13:16:26.708Z,2
sp2_test_results.md,1LEOxml-cDGdCP8VCpNzfc5bXVAI_oG6P4-vSqaE9R_w,Trade_AI_Docs_v2/docs/_archive/2026-05-24_cleanup/completed_phases/phase_sp2_strategy_watch_horizon_finviz_audit/sp2_test_results.md,2700,,2026-05-28T18:39:17.324Z,2
sp2b_invalid_strategy_assignments_report.md,1JoQDe6-CRR8FXfczly9t5Gj20Qf6jZSP,Trade_AI_Docs_v2/docs/strategy_proof/phase_sp2b_route_audit_repair/sp2b_invalid_strategy_assignments_report.md,586,,2026-05-18T13:28:03.693Z,2
sp2b_invalid_strategy_assignments_report.md,1WjA2qC_i9RXvj4YyU9LVJ89sg--VkS3FVhkuzXIBUIE,Trade_AI_Docs_v2/docs/_archive/2026-05-24_cleanup/completed_phases/phase_sp2b_route_audit_repair/sp2b_invalid_strategy_assignments_report.md,1449,,2026-05-28T18:10:13.071Z,2
sp2b_invalid_strategy_assignments_results.json,17N9NE21D9JsicLLwyZrX1mAXcLRifu-4,Trade_AI_Docs_v2/docs/strategy_proof/phase_sp2b_route_audit_repair/sp2b_invalid_strategy_assignments_results.json,2616,,2026-05-18T13:27:44.643Z,2
sp2b_invalid_strategy_assignments_results.json,1JPlV580JWUvt27x6WImgUKwAp8YSsFGP,Trade_AI_Docs_v2/docs/_archive/2026-05-24_cleanup/completed_phases/phase_sp2b_route_audit_repair/sp2b_invalid_strategy_assignments_results.json,2616,,2026-05-28T18:09:30.636Z,2
sp2b_post_apply_invalid_strategy_assignments_report.md,1bsFiVP2uFERdbCwqif80jf1A62TxvuPD,Trade_AI_Docs_v2/docs/strategy_proof/phase_sp2b_route_audit_repair/sp2b_post_apply_invalid_strategy_assignments_report.md,586,,2026-05-18T13:33:42.322Z,2
sp2b_post_apply_invalid_strategy_assignments_report.md,1Qblm_Fe4-q2wSyo3zXDJuujoAF6m7R1YlJk0vEOZ-mc,Trade_AI_Docs_v2/docs/_archive/2026-05-24_cleanup/completed_phases/phase_sp2b_route_audit_repair/sp2b_post_apply_invalid_strategy_assignments_report.md,1449,,2026-05-28T18:09:29.184Z,2
sp2b_post_apply_strategy_assignment_engine_audit_report.md,1-LVhC0B7CI788TUG5z4Z_BA08-cJV-3Y,Trade_AI_Docs_v2/docs/strategy_proof/phase_sp2b_route_audit_repair/sp2b_post_apply_strategy_assignment_engine_audit_report.md,610,,2026-05-18T13:33:44.358Z,2
sp2b_post_apply_strategy_assignment_engine_audit_report.md,1m0PMwxWsJ5hZknnntv0p2UWtU9IKpRqP4nmd8JaABhI,Trade_AI_Docs_v2/docs/_archive/2026-05-24_cleanup/completed_phases/phase_sp2b_route_audit_repair/sp2b_post_apply_strategy_assignment_engine_audit_report.md,2096,,2026-05-28T18:09:52.732Z,2
sp2b_preflight.md,18RbD8ZpRUoqniYWuGV1D8ZPMl2iXEvOZ,Trade_AI_Docs_v2/docs/strategy_proof/phase_sp2b_route_audit_repair/sp2b_preflight.md,1538,,2026-05-18T13:27:59.840Z,2
sp2b_preflight.md,1WhvEp8W3oL6eTwfS9YVawa_j-hJEt1Nzx0uuqqskgwc,Trade_AI_Docs_v2/docs/_archive/2026-05-24_cleanup/completed_phases/phase_sp2b_route_audit_repair/sp2b_preflight.md,2291,,2026-05-28T18:10:05.664Z,2
sp2b_readiness_blocker_update.md,1_1F6wvH3D0O99_wtmkdRMIUYsAzNgKGu,Trade_AI_Docs_v2/docs/strategy_proof/phase_sp2b_route_audit_repair/sp2b_readiness_blocker_update.md,962,,2026-05-18T13:27:57.987Z,2
sp2b_readiness_blocker_update.md,19RqbuDQT7uaKGCI08wFgHx0kbFlctThG6RPlTLG-1ro,Trade_AI_Docs_v2/docs/_archive/2026-05-24_cleanup/completed_phases/phase_sp2b_route_audit_repair/sp2b_readiness_blocker_update.md,2222,,2026-05-28T18:09:56.318Z,2
sp2b_route_audit_backfill_apply_report.md,1m-AzapZEesUuaZQIqkTUzhfbfKY41Fz9,Trade_AI_Docs_v2/docs/strategy_proof/phase_sp2b_route_audit_repair/sp2b_route_audit_backfill_apply_report.md,2637,,2026-05-18T13:33:48.680Z,2
sp2b_route_audit_backfill_apply_report.md,1vlrCrv8OBFHA0ptqembQj-z7lc6Cpk4IFHjMhi218zE,Trade_AI_Docs_v2/docs/_archive/2026-05-24_cleanup/completed_phases/phase_sp2b_route_audit_repair/sp2b_route_audit_backfill_apply_report.md,2280,,2026-05-28T18:10:01.588Z,2
sp2b_route_audit_backfill_design.md,1yXDwhgIVvWxnM70ytGKaFnts3BldTeSx,Trade_AI_Docs_v2/docs/strategy_proof/phase_sp2b_route_audit_repair/sp2b_route_audit_backfill_design.md,1498,,2026-05-18T13:27:46.624Z,2
sp2b_route_audit_backfill_design.md,1deFzaizM4F_x2IQWHT8Myeti7QxqyLBPb05u3_lKnnE,Trade_AI_Docs_v2/docs/_archive/2026-05-24_cleanup/completed_phases/phase_sp2b_route_audit_repair/sp2b_route_audit_backfill_design.md,2534,,2026-05-28T18:09:34.138Z,2
sp2b_route_audit_backfill_dry_run_report.md,1GRNfhiBVzjdUeJ3jW3Osi4fqv7E8Fzdd,Trade_AI_Docs_v2/docs/strategy_proof/phase_sp2b_route_audit_repair/sp2b_route_audit_backfill_dry_run_report.md,2636,,2026-05-18T13:27:40.791Z,2
sp2b_route_audit_backfill_dry_run_report.md,1x0TGOM8Xl-QtzC9NCZnifp60nNOupE4SVCGzM8Zx9M0,Trade_AI_Docs_v2/docs/_archive/2026-05-24_cleanup/completed_phases/phase_sp2b_route_audit_repair/sp2b_route_audit_backfill_dry_run_report.md,2288,,2026-05-28T18:09:19.792Z,2
sp2b_route_audit_backfill_dry_run_results.json,1v4KsajCWSirmdHHKMtASMTL2-lEJgi8U,Trade_AI_Docs_v2/docs/strategy_proof/phase_sp2b_route_audit_repair/sp2b_route_audit_backfill_dry_run_results.json,16953,,2026-05-18T13:27:54.253Z,2
sp2b_route_audit_backfill_dry_run_results.json,1BGflAvOKC6vy9I3Xacrc4jk_TZGuoRd3,Trade_AI_Docs_v2/docs/_archive/2026-05-24_cleanup/completed_phases/phase_sp2b_route_audit_repair/sp2b_route_audit_backfill_dry_run_results.json,16953,,2026-05-28T18:09:45.243Z,2
sp2b_route_audit_root_cause_report.md,1yqIqlmchdTyoVq0tVjobedMtFQGXPoHx,Trade_AI_Docs_v2/docs/strategy_proof/phase_sp2b_route_audit_repair/sp2b_route_audit_root_cause_report.md,799,,2026-05-18T13:27:52.373Z,2
sp2b_route_audit_root_cause_report.md,1XzlmgxeKSDbLxViJCYmwuJnzkBY0DSMXLpE-Ndx0O44,Trade_AI_Docs_v2/docs/_archive/2026-05-24_cleanup/completed_phases/phase_sp2b_route_audit_repair/sp2b_route_audit_root_cause_report.md,1759,,2026-05-28T18:09:43.658Z,2
sp2b_route_audit_root_cause_results.json,1Lx4nx4ZjunYREeY255-xvgNajK81iG8j,Trade_AI_Docs_v2/docs/strategy_proof/phase_sp2b_route_audit_repair/sp2b_route_audit_root_cause_results.json,1499,,2026-05-18T13:27:36.974Z,2
sp2b_route_audit_root_cause_results.json,1SHaxt3XeNEzwso6s3jV5JzzYKUYxe3e3,Trade_AI_Docs_v2/docs/_archive/2026-05-24_cleanup/completed_phases/phase_sp2b_route_audit_repair/sp2b_route_audit_root_cause_results.json,1499,,2026-05-28T18:09:12.371Z,2
sp2b_safety_audit.md,10iervGCeukcHU67qD-r42Fo0_O0pZvoW,Trade_AI_Docs_v2/docs/strategy_proof/phase_sp2b_route_audit_repair/sp2b_safety_audit.md,1168,,2026-05-18T13:27:56.066Z,2
sp2b_safety_audit.md,136RkgUCaG8mCQL8Nfur9z_Xv2rRbQqqVAHo2RslzIho,Trade_AI_Docs_v2/docs/_archive/2026-05-24_cleanup/completed_phases/phase_sp2b_route_audit_repair/sp2b_safety_audit.md,2331,,2026-05-28T18:09:49.017Z,2
sp2b_scope.md,1jXa9Dgl61QZBMUPvyFiNaEwF_jqKzwSp,Trade_AI_Docs_v2/docs/strategy_proof/phase_sp2b_route_audit_repair/sp2b_scope.md,1995,,2026-05-18T13:27:50.548Z,2
sp2b_scope.md,1OVSfY2Hd1muQRJQg-hFCQ7WhxKMTUp78xx26K3G50CI,Trade_AI_Docs_v2/docs/_archive/2026-05-24_cleanup/completed_phases/phase_sp2b_route_audit_repair/sp2b_scope.md,2666,,2026-05-28T18:09:40.651Z,2
sp2b_strategy_config_drift_report.md,1dENc1X9TEGzFy0MBYhJuJzPCynqSXEut,Trade_AI_Docs_v2/docs/strategy_proof/phase_sp2b_route_audit_repair/sp2b_strategy_config_drift_report.md,1104,,2026-05-18T13:27:38.923Z,2
sp2b_strategy_config_drift_report.md,1FQccgwPtv7gOGY1ICad_CSL98PuILzTOalyvFKoGl9Y,Trade_AI_Docs_v2/docs/_archive/2026-05-24_cleanup/completed_phases/phase_sp2b_route_audit_repair/sp2b_strategy_config_drift_report.md,2136,,2026-05-28T18:09:16.390Z,2
sp2b_strategy_config_drift_results.json,1Fnoh7P2ijYQV7NFO_xca7K_OhDAnaKNn,Trade_AI_Docs_v2/docs/strategy_proof/phase_sp2b_route_audit_repair/sp2b_strategy_config_drift_results.json,7454,,2026-05-18T13:27:42.662Z,2
sp2b_strategy_config_drift_results.json,1ju3133ApwRO66o10vo46_chpwKr_nZfO,Trade_AI_Docs_v2/docs/_archive/2026-05-24_cleanup/completed_phases/phase_sp2b_route_audit_repair/sp2b_strategy_config_drift_results.json,7454,,2026-05-28T18:09:23.482Z,2
sp2b_test_results.md,1Wgkz1r5Vq2jM2glanQOH5JiDtF9Mnj4V,Trade_AI_Docs_v2/docs/strategy_proof/phase_sp2b_route_audit_repair/sp2b_test_results.md,452,,2026-05-18T13:28:01.803Z,2
sp2b_test_results.md,1IGh6kRApIjk3KnJ7SydEnsheHPlnhw9WAzr4wOZ5e8Q,Trade_AI_Docs_v2/docs/_archive/2026-05-24_cleanup/completed_phases/phase_sp2b_route_audit_repair/sp2b_test_results.md,1652,,2026-05-28T18:10:09.866Z,2
sp2c_other_paths_review.md,12C8UvFaUMS9Aacn3oqSD1CSBA-J_euem,Trade_AI_Docs_v2/docs/strategy_proof/phase_sp2c_route_audit_pipeline_wiring/sp2c_other_paths_review.md,833,,2026-05-18T13:43:30.714Z,2
sp2c_other_paths_review.md,1aiPuLLnVeIRVMPX0eBH6ilIUu4TuregCwvKaebBN0ZE,Trade_AI_Docs_v2/docs/_archive/2026-05-24_cleanup/completed_phases/phase_sp2c_route_audit_pipeline_wiring/sp2c_other_paths_review.md,2121,,2026-05-28T18:08:37.138Z,2
sp2c_preflight.md,1Dlg5-NPFInz2KFNXNMXHi2xMt-MvGmmT,Trade_AI_Docs_v2/docs/strategy_proof/phase_sp2c_route_audit_pipeline_wiring/sp2c_preflight.md,569,,2026-05-18T13:43:40.834Z,2
sp2c_preflight.md,11XFgydkmJQ7bazOXnb_EfR_ae1G3_4_KieJSXlwxHPo,Trade_AI_Docs_v2/docs/_archive/2026-05-24_cleanup/completed_phases/phase_sp2c_route_audit_pipeline_wiring/sp2c_preflight.md,1731,,2026-05-28T18:08:52.842Z,2
sp2c_proposal_creation_paths_report.md,156a-nFbC8HpjzRaqZuB6uVcNu2bEd2JM,Trade_AI_Docs_v2/docs/strategy_proof/phase_sp2c_route_audit_pipeline_wiring/sp2c_proposal_creation_paths_report.md,493,,2026-05-18T13:43:51.665Z,2
sp2c_proposal_creation_paths_report.md,1ED6vyKog0Q9KfeYMhCY7B3TM7VBl4S9JemghcNcsfsI,Trade_AI_Docs_v2/docs/_archive/2026-05-24_cleanup/completed_phases/phase_sp2c_route_audit_pipeline_wiring/sp2c_proposal_creation_paths_report.md,1305,,2026-05-28T18:09:09.060Z,2
sp2c_readiness_blocker_review.md,1eTSZItlgxRjLXI9NfVRzy-1bdpq3hhXf,Trade_AI_Docs_v2/docs/strategy_proof/phase_sp2c_route_audit_pipeline_wiring/sp2c_readiness_blocker_review.md,1063,,2026-05-18T13:43:49.780Z,2
sp2c_readiness_blocker_review.md,1lj899j59TxDw11oI9LoutwlNIkBF9YyXlTJGbvw9UhQ,Trade_AI_Docs_v2/docs/_archive/2026-05-24_cleanup/completed_phases/phase_sp2c_route_audit_pipeline_wiring/sp2c_readiness_blocker_review.md,2285,,2026-05-28T18:09:05.237Z,2
sp2c_route_audit_pipeline_simulation_report.md,17OerT-P9LUyrK98t4WoZV07waQjRz9Cl,Trade_AI_Docs_v2/docs/strategy_proof/phase_sp2c_route_audit_pipeline_wiring/sp2c_route_audit_pipeline_simulation_report.md,114,,2026-05-18T13:43:32.648Z,2
sp2c_route_audit_pipeline_simulation_report.md,19IDeMewCNOQA5T3iDWOTsHDvtT-xZA6qukiIu1kHs5M,Trade_AI_Docs_v2/docs/_archive/2026-05-24_cleanup/completed_phases/phase_sp2c_route_audit_pipeline_wiring/sp2c_route_audit_pipeline_simulation_report.md,1024,,2026-05-28T18:08:40.126Z,2
sp2c_safety_audit.md,1mo3CC2oyujnuNrVapcVRTi93BvSWYko8,Trade_AI_Docs_v2/docs/strategy_proof/phase_sp2c_route_audit_pipeline_wiring/sp2c_safety_audit.md,785,,2026-05-18T13:43:45.177Z,2
sp2c_safety_audit.md,1ve--asKUWz220LYhiRyWmMQuqqlSTtpBXT4wbIXLdz0,Trade_AI_Docs_v2/docs/_archive/2026-05-24_cleanup/completed_phases/phase_sp2c_route_audit_pipeline_wiring/sp2c_safety_audit.md,1945,,2026-05-28T18:08:58.123Z,2
sp2c_scope.md,1sScCkKzQqshnuwdsuGzwGQ68EEP_TmOk,Trade_AI_Docs_v2/docs/strategy_proof/phase_sp2c_route_audit_pipeline_wiring/sp2c_scope.md,1260,,2026-05-18T13:43:47.085Z,2
sp2c_scope.md,1svCNhNK8q0bz1uJ09ZAWNStj_ffLioLPQPQq-OYxjfE,Trade_AI_Docs_v2/docs/_archive/2026-05-24_cleanup/completed_phases/phase_sp2c_route_audit_pipeline_wiring/sp2c_scope.md,2325,,2026-05-28T18:09:01.685Z,2
sp2c_test_results.md,1qDfb6Kn_ezOVESTOqxOpDlkrqP7Jb2W5,Trade_AI_Docs_v2/docs/strategy_proof/phase_sp2c_route_audit_pipeline_wiring/sp2c_test_results.md,642,,2026-05-18T13:43:34.747Z,2
sp2c_test_results.md,1-WKHi9cmKtE7UWSzg8Fh-4W1RvN_V95eEoVkvqCy-_o,Trade_AI_Docs_v2/docs/_archive/2026-05-24_cleanup/completed_phases/phase_sp2c_route_audit_pipeline_wiring/sp2c_test_results.md,1966,,2026-05-28T18:08:44.066Z,2
speculative_growth.yaml,1QlW9RzhwiMc7Rfp1oJF0VMcAxyhhhhyj,Trade_AI_Docs_v2/config/strategies/speculative_growth.yaml,4408,,2026-05-29T12:41:16.249Z,5
speculative_growth.yaml,1VKm9rMLakrJwucmo9UAKaz_5laCNCKVD,Trade_AI_Docs_v2/config/strategies/speculative_growth.yaml,4408,,2026-05-28T19:03:54.885Z,5
speculative_growth.yaml,1JX_OdX-WMVTfTALq4SOxipDF-luaNOH8,Trade_AI_Docs_v2/config/strategies/speculative_growth.yaml,4408,,2026-05-23T16:33:20.012Z,5
speculative_growth.yaml,14vseEdq17VOPjsWKFCZR0ya_t_h7x674,Trade_AI_Docs_v2/config/strategies/speculative_growth.yaml,4408,,2026-05-22T13:10:41.173Z,5
speculative_growth.yaml,1duU4NNjjuRQaY0lJD56XMZ6dQjxxejYQ,Trade_AI_Docs_v2/config/strategies/speculative_growth.yaml,4331,,2026-05-17T23:23:51.088Z,5
stop_v21_reconciliation_apply.md,1USxFVcPb6s4gveMGtx1H0JUtucFYcADU3tyJhT9WrXg,Trade_AI_Docs_v2/docs/risk_management/stop_management_v2_1_reconciliation_engine/stop_v21_reconciliation_apply.md,2178,,2026-05-22T21:05:21.956Z,2
stop_v21_reconciliation_apply.md,1Qs1lNpwt644RwYyOh1eaJSbVoeLBrXqTKqJ3EGkKuP4,Trade_AI_Docs_v2/docs/_archive/2026-05-24_cleanup/completed_phases/stop_management_v2_1_reconciliation_engine/stop_v21_reconciliation_apply.md,2179,,2026-05-28T18:12:25.323Z,2
stop_v21_reconciliation_dry_run.json,1pGXMQl0sKKz69zuSL_sXe2TGTcA_1Ajg,Trade_AI_Docs_v2/docs/risk_management/stop_management_v2_1_reconciliation_engine/stop_v21_reconciliation_dry_run.json,2751,,2026-05-22T21:05:18.417Z,2
stop_v21_reconciliation_dry_run.json,1M9u8P9XAiMW6Y0vL-MzVKJYr9mA4fBtH,Trade_AI_Docs_v2/docs/_archive/2026-05-24_cleanup/completed_phases/stop_management_v2_1_reconciliation_engine/stop_v21_reconciliation_dry_run.json,2751,,2026-05-28T18:12:21.590Z,2
stop_v22_unified_supervisor_dry_run.json,1_6RbWEV4K6OKaej0d_YPsxG3bng-mqzd,Trade_AI_Docs_v2/docs/risk_management/stop_management_v2_2_monitor_merge/stop_v22_unified_supervisor_dry_run.json,3167,,2026-05-22T21:13:30.483Z,2
stop_v22_unified_supervisor_dry_run.json,1qy-c-gnQXjSX9VIyaBK63dAz7MmvCPTE,Trade_AI_Docs_v2/docs/_archive/2026-05-24_cleanup/completed_phases/stop_management_v2_2_monitor_merge/stop_v22_unified_supervisor_dry_run.json,3167,,2026-05-28T18:16:30.622Z,2
stop_v23_dry_run.md,1R-qrRZXmGIgTWZqlHyTHjfA7AcKxYxcKvlUM-QLRI1I,Trade_AI_Docs_v2/docs/risk_management/stop_management_v2_3_strategy_trailing_tiers/stop_v23_dry_run.md,1629,,2026-05-23T00:06:18.525Z,11
stop_v23_dry_run.md,1gRA2czxrUBtHl_aEHpKo6ci40-wVGBXgc5Xat_-W9dg,Trade_AI_Docs_v2/docs/risk_management/stop_management_v2_3_strategy_trailing_tiers/stop_v23_dry_run.md,1626,,2026-05-23T00:02:45.934Z,11
stop_v23_dry_run.md,1017uyOy0Fr-YAGyvwCVHeDt2VVaA2lUtKFZ3Pr0UXpQ,Trade_AI_Docs_v2/docs/risk_management/stop_management_v2_3_strategy_trailing_tiers/stop_v23_dry_run.md,1631,,2026-05-22T23:34:20.448Z,11
stop_v23_dry_run.md,1Lr8YziwARTZWKNrai4fhiEVXYu4NbcPRD-UWI0q113w,Trade_AI_Docs_v2/docs/risk_management/stop_management_v2_3_strategy_trailing_tiers/stop_v23_dry_run.md,1647,,2026-05-22T23:28:55.076Z,11
stop_v23_dry_run.md,1Fbtn1T2qbwtH18o_B1LbfNq1IG0luNjysKSloXdlsTM,Trade_AI_Docs_v2/docs/risk_management/stop_management_v2_3_strategy_trailing_tiers/stop_v23_dry_run.md,1630,,2026-05-22T23:10:47.362Z,11
stop_v23_dry_run.md,1y03sQZp1MWiARhsyf5r_7Oa8KmkpQjI1r1ZAjq88RGc,Trade_AI_Docs_v2/docs/risk_management/stop_management_v2_3_strategy_trailing_tiers/stop_v23_dry_run.md,1649,,2026-05-22T23:01:19.250Z,11
stop_v23_dry_run.md,1wL0_X-l9dSiOYo7gRD019z1taOG8r_b6H-cFHaFrLI8,Trade_AI_Docs_v2/docs/risk_management/stop_management_v2_3_strategy_trailing_tiers/stop_v23_dry_run.md,1629,,2026-05-22T22:53:03.639Z,11
stop_v23_dry_run.md,19yNyXj6U1rkv6c8F2rMtOz9ex66995Wh7SrJBbRyDWY,Trade_AI_Docs_v2/docs/risk_management/stop_management_v2_3_strategy_trailing_tiers/stop_v23_dry_run.md,1630,,2026-05-22T21:43:36.541Z,11
stop_v23_dry_run.md,1dxex9vWHE9La42rh0yBoSbSYQji9PGrMuHvE_hZoxhw,Trade_AI_Docs_v2/docs/risk_management/stop_management_v2_3_strategy_trailing_tiers/stop_v23_dry_run.md,1630,,2026-05-22T21:32:49.054Z,11
stop_v23_dry_run.md,17sO8DB6u5d5pH44DhGn6PTJALnKkVFERpq8BR3GfwLA,Trade_AI_Docs_v2/docs/risk_management/stop_management_v2_3_strategy_trailing_tiers/stop_v23_dry_run.md,1630,,2026-05-22T21:25:44.007Z,11
stop_v23_dry_run.md,1FXN-UpdhlSNSVqTLAd8ho5z_bH5KvRsRxaD-_eYFjBw,Trade_AI_Docs_v2/docs/risk_management/stop_management_v2_3_strategy_trailing_tiers/stop_v23_dry_run.md,1627,,2026-05-22T21:21:24.633Z,11
stop_v23_safety_audit.md,1aPk3hYsFi_zI4HS5qXji51q2vasijr5TzcXJhfHmq2k,Trade_AI_Docs_v2/docs/risk_management/stop_management_v2_3_strategy_trailing_tiers/stop_v23_safety_audit.md,1530,,2026-05-23T00:06:15.006Z,11
stop_v23_safety_audit.md,1bEVg-W14wfP5Vbq3wcRt83dXEo8vd8vR3J6e_DczJCY,Trade_AI_Docs_v2/docs/risk_management/stop_management_v2_3_strategy_trailing_tiers/stop_v23_safety_audit.md,1531,,2026-05-23T00:02:42.943Z,11
stop_v23_safety_audit.md,1AER1gzdiHDUIzmGz56rsY5EhoahLoiIkHa300JaebHg,Trade_AI_Docs_v2/docs/risk_management/stop_management_v2_3_strategy_trailing_tiers/stop_v23_safety_audit.md,1529,,2026-05-22T23:34:18.758Z,11
stop_v23_safety_audit.md,1GVpyxMwUYXsgv6r-2LNwU-CyJ08dMMO7FgV96Rp6P_Q,Trade_AI_Docs_v2/docs/risk_management/stop_management_v2_3_strategy_trailing_tiers/stop_v23_safety_audit.md,1531,,2026-05-22T23:28:51.713Z,11
stop_v23_safety_audit.md,1m41tslS57Ll7sqmdMmqQZvJ46-wSekFPV9UakCWE_uo,Trade_AI_Docs_v2/docs/risk_management/stop_management_v2_3_strategy_trailing_tiers/stop_v23_safety_audit.md,1530,,2026-05-22T23:10:44.421Z,11
stop_v23_safety_audit.md,1eMSBHRe-6-0KcIT8dAsO28qfbUmz-z0UFx5XoyKWORo,Trade_AI_Docs_v2/docs/risk_management/stop_management_v2_3_strategy_trailing_tiers/stop_v23_safety_audit.md,1530,,2026-05-22T23:01:16.296Z,11
stop_v23_safety_audit.md,1Y6Xg1AiTrSK6JG2fRHiigHN1velA2OdiyLYmRQihh24,Trade_AI_Docs_v2/docs/risk_management/stop_management_v2_3_strategy_trailing_tiers/stop_v23_safety_audit.md,1530,,2026-05-22T22:53:00.273Z,11
stop_v23_safety_audit.md,14lQJF8zmUopgDaUMfziZEVrrQg_zqRykJ1a43SCfIpI,Trade_AI_Docs_v2/docs/risk_management/stop_management_v2_3_strategy_trailing_tiers/stop_v23_safety_audit.md,1531,,2026-05-22T21:43:33.444Z,11
stop_v23_safety_audit.md,1QgpjAdG3Oj-NDm7KvK8ocfHBDqZv3RWOmMCocrnD4j8,Trade_AI_Docs_v2/docs/risk_management/stop_management_v2_3_strategy_trailing_tiers/stop_v23_safety_audit.md,1529,,2026-05-22T21:32:45.530Z,11
stop_v23_safety_audit.md,1afwFE-oDMJyi6GmVw6Ea9JHReEO3HN1569ENxLdhxwA,Trade_AI_Docs_v2/docs/risk_management/stop_management_v2_3_strategy_trailing_tiers/stop_v23_safety_audit.md,1529,,2026-05-22T21:25:40.697Z,11
stop_v23_safety_audit.md,1OAGhwlrE-yT1xFb9vz_nXaV3uIv9nl23EzusAcHY0JE,Trade_AI_Docs_v2/docs/risk_management/stop_management_v2_3_strategy_trailing_tiers/stop_v23_safety_audit.md,1529,,2026-05-22T21:21:21.194Z,11
strat_arch1_diagnostic_report.md,13be_3roJjin7WRfdtQnDUsTF1OGmuim6,Trade_AI_Docs_v2/docs/strategy_architecture/phase_strat_arch1_due_diligence/strat_arch1_diagnostic_report.md,965,,2026-05-18T15:17:55.248Z,2
strat_arch1_diagnostic_report.md,15El04ra-A5x-hMBy90fPAa-TqddjLVObam5Wkzs0aJk,Trade_AI_Docs_v2/docs/_archive/2026-05-24_cleanup/completed_phases/phase_strat_arch1_due_diligence/strat_arch1_diagnostic_report.md,2552,,2026-05-28T18:20:44.955Z,2
strat_arch1_safety_audit.md,1W0Pi4qF2_K0VN9V2Dek-v7stqojwRD2j,Trade_AI_Docs_v2/docs/strategy_architecture/phase_strat_arch1_due_diligence/strat_arch1_safety_audit.md,489,,2026-05-18T15:17:53.266Z,2
strat_arch1_safety_audit.md,1O6T9ofjwSOv_xO1keuLVWuiFLFWXGApZNIw-R3fzArk,Trade_AI_Docs_v2/docs/_archive/2026-05-24_cleanup/completed_phases/phase_strat_arch1_due_diligence/strat_arch1_safety_audit.md,1700,,2026-05-28T18:20:41.578Z,2
strategy_categorization.md,1mAGZ3JI1WU8p-XSHDYWIGnnoXtxlGXuT_epiQdH1fmY,Trade_AI_Docs_v2/docs/_archive/session_A-5/strategy_categorization.md,3303,,2026-05-21T03:08:20.630Z,2
strategy_categorization.md,1pQwLWl32bCsP3n4nuADB-y2YoxQHkm6b,Trade_AI_Docs_v2/docs/_archive/session_A-5/strategy_categorization.md,1990,,2026-05-17T23:21:50.598Z,2
strategy_desk.png,1CsZxlIUDmJUNS9X8i3SLo0xj4FdGi7Eb,Trade_AI_Docs_v2/docs/_generated/ui_audit_screenshots/audit_7777_20260523_1921/7777/strategy_desk.png,253439,,2026-05-28T19:03:02.070Z,2
strategy_desk.png,1feIYVIEGUhZdDOggTbdsp-O3UonxPb3U,Trade_AI_Docs_v2/docs/atm_lifecycle_v1_2026_05_26/full_lifecycle_acceleration_v3_0/screenshots/strategy_desk.png,272264,,2026-05-28T17:53:49.285Z,2
strategy_rotation_engine.py,1U40BnGXpVsIWL7L4QBmKvcEfYPyGq1A6,Trade_AI_Docs_v2/docs/atm_audit_2026_05_26/source_snapshot/strategy_rotation_engine.py,8344,,2026-05-28T17:01:27.578Z,3
strategy_rotation_engine.py,1xxVvgKKewCiOqPbj8L6Bds_zbZRO_T3b,Trade_AI_Docs_v2/docs/_archive/archive/2026-04-27_pre_bible/v7_cio_intelligence/trade_ai_v7_cio_package/scripts/strategy_rotation_engine.py,397,,2026-05-18T00:09:31.385Z,3
strategy_rotation_engine.py,1pE1jkgG9nmwbKQnWSljZ02QBoDtXCxMC,Trade_AI_Docs_v2/strategy_rotation_engine.py,397,,2026-05-17T22:51:43.635Z,3
strategy_schema.yaml,1s0ztU-sNjd3YasICO_65U-Q5EeiSEoor,Trade_AI_Docs_v2/config/strategies/strategy_schema.yaml,1214,,2026-05-29T12:41:10.480Z,5
strategy_schema.yaml,1WXPqzI6Lk2CU98NBVu3mrMhevHIWFWjl,Trade_AI_Docs_v2/config/strategies/strategy_schema.yaml,1214,,2026-05-28T19:03:49.352Z,5
strategy_schema.yaml,1sbYSILlytSUs-HhwWH9BHplSLyPeS8WY,Trade_AI_Docs_v2/config/strategies/strategy_schema.yaml,1214,,2026-05-23T16:33:14.491Z,5
strategy_schema.yaml,14kbyAB8M6RrGQLuE2mO8WkVztz-b821P,Trade_AI_Docs_v2/config/strategies/strategy_schema.yaml,1214,,2026-05-22T13:10:35.720Z,5
strategy_schema.yaml,1vX_8RfKsxNwI2XMjTM1kC3P0D_rx-rt5,Trade_AI_Docs_v2/config/strategies/strategy_schema.yaml,1186,,2026-05-17T23:23:45.743Z,5
strategy_yaml_audit.md,1QY2wxsXYvE7jY4_ykE_vlpkzan_QyF4D8xoI6z857mY,Trade_AI_Docs_v2/docs/strategy_yaml_audit.md,105381,,2026-05-21T02:41:53.528Z,3
strategy_yaml_audit.md,1fZsBeRYAlqNWjZyfdIRUG0Jv25zT1Iel26NW0o58Ntw,Trade_AI_Docs_v2/docs/_archive/2026-05-24_cleanup/old_phase_reports/strategy_yaml_audit.md,105417,,2026-05-28T18:41:46.448Z,3
strategy_yaml_audit.md,1RmT5oODDfcbxE_s-35iR26RMz4ySkDEC,Trade_AI_Docs_v2/docs/strategy_yaml_audit.md,64360,,2026-05-17T23:16:54.954Z,3
sunday_audit_fixes_2026-05-25.md,1l-NvltKKx0LlKBEmlPJBBmNtPS8VK86W,Trade_AI_Docs_v2/sunday_audit_fixes_2026-05-25.md,3522,,2026-05-23T22:39:58.852Z,2
sunday_audit_fixes_2026-05-25.md,1nBuLdEeCmE-YP-TpsbJSTU-kS0Rx5-LBwg1Pitr_ezo,Trade_AI_Docs_v2/docs/_findings/sunday_audit_fixes_2026-05-25.md,3186,,2026-05-28T17:19:45.393Z,2
swing_breakout.yaml,1fjRFL5xNfd809t0DSXRFxR0E6v494yV9,Trade_AI_Docs_v2/config/strategies/swing_breakout.yaml,5608,,2026-05-29T12:40:55.958Z,5
swing_breakout.yaml,1scD71XalUwcotK0lpwBWzkTZgBXvNwV4,Trade_AI_Docs_v2/config/strategies/swing_breakout.yaml,5608,,2026-05-28T19:03:35.799Z,5
swing_breakout.yaml,1KIwmr39aVbg9SM3yxJXAxep8lZZr0lgg,Trade_AI_Docs_v2/config/strategies/swing_breakout.yaml,5608,,2026-05-23T16:33:01.522Z,5
swing_breakout.yaml,1BQs5LgpOgzy2B7_VXBtplx3IL_x2zDSN,Trade_AI_Docs_v2/config/strategies/swing_breakout.yaml,5608,,2026-05-22T13:10:22.358Z,5
swing_breakout.yaml,1OUiUADdT3iJDR3JZIx0t-mMWYumDgQlH,Trade_AI_Docs_v2/config/strategies/swing_breakout.yaml,5449,,2026-05-17T23:23:33.557Z,5
swing_trade.yaml,1qMscYG75Z6oGa2YKLcsyPdlEU1YsGZSs,Trade_AI_Docs_v2/config/strategies/swing_trade.yaml,4414,,2026-05-29T12:40:43.261Z,5
swing_trade.yaml,1yGl8eyPpLqkS5eC52DXRRVH7STP_8CfF,Trade_AI_Docs_v2/config/strategies/swing_trade.yaml,4414,,2026-05-28T19:03:24.764Z,5
swing_trade.yaml,1Lvx33mGsBxWofsFXdsS5VK0QZqYaQwFC,Trade_AI_Docs_v2/config/strategies/swing_trade.yaml,4414,,2026-05-23T16:32:50.464Z,5
swing_trade.yaml,1QfqIZLEj1c_WJ8lB0OyJOfi05Iyetcr5,Trade_AI_Docs_v2/config/strategies/swing_trade.yaml,4414,,2026-05-22T13:10:10.030Z,5
swing_trade.yaml,1iQ5meBv7D6l-ck8iF_d4rBLP0KtI1Loh,Trade_AI_Docs_v2/config/strategies/swing_trade.yaml,4320,,2026-05-17T23:23:20.911Z,5
sync_output.txt,1rCX1UY58Zpok-0Cay14kxpBvgJMdK8Hx,Trade_AI_Docs_v2/docs/_archive/sync_drift_2026-05-16/sync_output.txt,1439,,2026-05-17T23:59:36.720Z,2
sync_output.txt,1x5gcV5L-1jWPWeH_5sOvdYmSKNwV0jPR,Trade_AI_Docs_v2/sync_output.txt,1439,,2026-05-17T22:41:47.678Z,2
system-health.json,1N5JYxAzvkv3SC7X7VqhTJ5KQK9i8Me7U,Trade_AI_Docs_v2/ui_redesign/samples/system-health.json,2976,,2026-05-25T14:40:25.905Z,4
system-health.json,1lMcW053KVTlXlae1A23BQmmjfjB0C5ty,Trade_AI_Docs_v2/docs/ui_redesign/samples/system-health.json,2976,,2026-05-28T18:46:37.487Z,4
system-health.json,1cS2duW1bFiDhmP9EiXwgZlVfSI2SR8mW,Trade_AI_Docs_v2/docs/atm_lifecycle_v1_2026_05_26/full_lifecycle_acceleration_v3_0/api_payloads/system-health.json,2976,,2026-05-28T17:54:23.638Z,4
system-health.json,1k9czwB7Tbcbj2V2fNYEl3KST9lysu0CD,Trade_AI_Docs_v2/docs/ui_audits/post_8b348c3/endpoints/system-health.json,2901,,2026-05-28T16:58:05.640Z,4
system-health_desktop.png,1WSGWBBpiolTN1btPXhb_9ljTDT8Gbrhr,Trade_AI_Docs_v2/ui_redesign/screenshots/system-health_desktop.png,156698,,2026-05-25T15:09:03.738Z,2
system-health_desktop.png,1ezZkLTYTfeQJo4uFR4eC9wDopEkpLeYT,Trade_AI_Docs_v2/docs/ui_redesign/screenshots/system-health_desktop.png,157114,,2026-05-28T18:57:39.188Z,2
system_health.json,1NhfbhyiScraTOW4c3WLsJW-we-DNd0hu,Trade_AI_Docs_v2/docs/atm_lifecycle_v1_2026_05_26/api_samples/system_health.json,1475,,2026-05-28T17:25:32.988Z,2
system_health.json,1drfG-7xdrSWvoanGU4Eum-L3E2x1RI-_,Trade_AI_Docs_v2/docs/atm_audit_2026_05_26/api_samples/system_health.json,2978,,2026-05-28T17:00:30.301Z,2
system_health.png,1aviQiEZlRgszWVvN9_sZRjm8c1H3bI-k,Trade_AI_Docs_v2/docs/_generated/ui_audit_screenshots/audit_7777_20260523_1921/7777/system_health.png,159324,,2026-05-28T19:03:00.084Z,4
system_health.png,1RvIFVYcIWs4L_oVF5YpwowV8EueblTup,Trade_AI_Docs_v2/docs/atm_lifecycle_v1_2026_05_26/screenshots/system_health.png,105912,,2026-05-28T17:57:25.207Z,4
system_health.png,1cVNy1E3KR5Yi_yBNpAvqT9Jzr9HFa8xl,Trade_AI_Docs_v2/docs/atm_lifecycle_v1_2026_05_26/full_lifecycle_acceleration_v3_0/screenshots/system_health.png,332200,,2026-05-28T17:53:47.069Z,4
system_health.png,161mixGo-HRrUngbRR_sDZVT0wl1LP_Cq,Trade_AI_Docs_v2/docs/ui_audits/post_8b348c3/screenshots/system_health.png,172712,,2026-05-28T16:57:48.368Z,4
system_health_agent.py,1h6hTBRa3OP7IHa2JQ8osjwzGTtdcgGgv,Trade_AI_Docs_v2/docs/atm_lifecycle_v1_2026_05_26/backups/audit_fix_all_20260527_220110/system_health_agent.py,44643,,2026-05-28T17:23:19.072Z,2
system_health_agent.py,1vU_RoZtwx5Sl31OnE7n0Nrwki5SsgxF2,Trade_AI_Docs_v2/docs/atm_audit_2026_05_26/source_snapshot/system_health_agent.py,21896,,2026-05-28T17:03:24.933Z,2
system_interaction_map.mmd,1WoOSo1uZDJHzYFeCnljuS1DU3FXdn51d,Trade_AI_Docs_v2/docs/_archive/diagrams/system_interaction_map.mmd,1820,,2026-05-17T23:59:33.736Z,3
system_interaction_map.mmd,1HvgbtI05RGh_sEKCC9uj5j5ftbxtifq1,Trade_AI_Docs_v2/docs/diagrams/system_interaction_map.mmd,1820,,2026-05-17T22:41:42.693Z,3
system_interaction_map.mmd,1eY9GwbhFcaEB3qY5JlB16lYr1QP4Qcxc,Trade_AI_Docs_v2/docs/diagrams/system_interaction_map.mmd,1820,,2026-05-17T22:37:18.376Z,3
system_state_report_2026-04-18.md,1mUnjcJiOHjEpEhGUV-O-kVD_2crm7B0BpC9qBqPwQDg,Trade_AI_Docs_v2/docs/_archive/archive/2026-04-27_pre_bible/handoff_2026-04-19/system_state_report_2026-04-18.md,9778,,2026-05-21T02:53:02.335Z,4
system_state_report_2026-04-18.md,1QjUUl8Zr__pVoK3lYhR_xB2klATRB7Zw,Trade_AI_Docs_v2/docs/_archive/archive/2026-04-27_pre_bible/handoff_2026-04-19/system_state_report_2026-04-18.md,11581,,2026-05-18T00:04:57.013Z,4
system_state_report_2026-04-18.md,11id8vf7ONkbbuzT1zMNVjKdi1tPl6GdT,Trade_AI_Docs_v2/docs/archive/2026-04-27_pre_bible/handoff_2026-04-19/system_state_report_2026-04-18.md,11581,,2026-05-17T23:04:21.409Z,4
system_state_report_2026-04-18.md,1CgPAzTStbwu2gpwLaIeGfjYMDVANJRNo,Trade_AI_Docs_v2/docs/archive/2026-04-27_pre_bible/handoff_2026-04-19/system_state_report_2026-04-18.md,11581,,2026-05-17T22:47:09.772Z,4
system_units.txt,1vWEj9GfFArcJkQdwrRKowbDMJfsYgN6q,Trade_AI_Docs_v2/docs/_archive/v4_1_discovery/system_units.txt,505,,2026-05-18T00:10:54.652Z,2
system_units.txt,1QM_GGn9ZbPs_3DNtSdhtPAnicJYhtJCX,Trade_AI_Docs_v2/docs/v4_1_discovery/system_units.txt,505,,2026-05-17T23:17:05.188Z,2
task_10_phase1_audit.md,1hOQuvw86X5_sizMpBjnyf07NgQfNdcTBK2UtfgM_v-4,Trade_AI_Docs_v2/docs/_archive/archive/2026-04-27_pre_bible/handoff_2026-04-19/task_10_phase1_audit.md,9902,,2026-05-21T02:50:59.799Z,4
task_10_phase1_audit.md,1nOybSsRDPtAQ5AWZMghNDRBfUna2Kuei,Trade_AI_Docs_v2/docs/_archive/archive/2026-04-27_pre_bible/handoff_2026-04-19/task_10_phase1_audit.md,9449,,2026-05-18T00:03:51.216Z,4
task_10_phase1_audit.md,18bMzgzrEGYrfB2EZD6BNIYp-YRZ_XYb6,Trade_AI_Docs_v2/docs/archive/2026-04-27_pre_bible/handoff_2026-04-19/task_10_phase1_audit.md,9449,,2026-05-17T23:03:14.513Z,4
task_10_phase1_audit.md,1_qJD9MXzZ-8e4_J-kWIlZJb_tn0WK8Jd,Trade_AI_Docs_v2/docs/archive/2026-04-27_pre_bible/handoff_2026-04-19/task_10_phase1_audit.md,9449,,2026-05-17T22:46:04.326Z,4
task_11_phase4_caches.md,1Fi2TXh19hbONlrNm0EB_QeZyQxborM5OT620zue7ly0,Trade_AI_Docs_v2/docs/_archive/archive/2026-04-27_pre_bible/handoff_2026-04-19/task_11_phase4_caches.md,11696,,2026-05-21T02:53:27.763Z,4
task_11_phase4_caches.md,1MOzqrsR7R7do16tYgrF_lZqAK3g15JM7,Trade_AI_Docs_v2/docs/_archive/archive/2026-04-27_pre_bible/handoff_2026-04-19/task_11_phase4_caches.md,12567,,2026-05-18T00:05:08.618Z,4
task_11_phase4_caches.md,1itH-hqRb3ELr5OSpjWmvo5EWsiOSPraz,Trade_AI_Docs_v2/docs/archive/2026-04-27_pre_bible/handoff_2026-04-19/task_11_phase4_caches.md,12567,,2026-05-17T23:04:33.972Z,4
task_11_phase4_caches.md,1IlOm--s_gQ-WBFpW-EMEGqa5p1dRpdBX,Trade_AI_Docs_v2/docs/archive/2026-04-27_pre_bible/handoff_2026-04-19/task_11_phase4_caches.md,12567,,2026-05-17T22:47:22.196Z,4
task_11_phase4_verification.md,1yrZcvmYaOYUZjleoEbq4W81gxPRglWLtOOH1lM5_KAk,Trade_AI_Docs_v2/docs/_archive/archive/2026-04-27_pre_bible/handoff_2026-04-19/task_11_phase4_verification.md,10482,,2026-05-21T02:55:59.656Z,4
task_11_phase4_verification.md,1CtTlS7vy1TZg-5HdGkU7SqC-GyXD5PHI,Trade_AI_Docs_v2/docs/_archive/archive/2026-04-27_pre_bible/handoff_2026-04-19/task_11_phase4_verification.md,6376,,2026-05-18T00:06:26.617Z,4
task_11_phase4_verification.md,1NYHBtXPSYCTRa9QoUZ9f4kFoqmul4a6L,Trade_AI_Docs_v2/docs/archive/2026-04-27_pre_bible/handoff_2026-04-19/task_11_phase4_verification.md,6376,,2026-05-17T23:05:54.885Z,4
task_11_phase4_verification.md,1OhZbvauOPbcN6V3D9Ay_Ik-VygkX129D,Trade_AI_Docs_v2/docs/archive/2026-04-27_pre_bible/handoff_2026-04-19/task_11_phase4_verification.md,6376,,2026-05-17T22:48:43.680Z,4
task_12_p33_signals.md,1_HBINJbiR2wyLBN_Ndr-eGtTAmf8aKQhtIYFpNXicPQ,Trade_AI_Docs_v2/docs/_archive/archive/2026-04-27_pre_bible/handoff_2026-04-19/task_12_p33_signals.md,15050,,2026-05-21T02:57:47.494Z,4
task_12_p33_signals.md,1mFCy3YAHrSTQlAz3_phbpmZNha2eqwlc,Trade_AI_Docs_v2/docs/_archive/archive/2026-04-27_pre_bible/handoff_2026-04-19/task_12_p33_signals.md,10726,,2026-05-18T00:07:22.314Z,4
task_12_p33_signals.md,1Tf-P-D9e0jOQ0OeHyymt0HZChfR_ulCX,Trade_AI_Docs_v2/docs/archive/2026-04-27_pre_bible/handoff_2026-04-19/task_12_p33_signals.md,10726,,2026-05-17T23:06:49.679Z,4
task_12_p33_signals.md,1LP-6C4fdvm1eOEAVT0q5bCdBW1BGgchw,Trade_AI_Docs_v2/docs/archive/2026-04-27_pre_bible/handoff_2026-04-19/task_12_p33_signals.md,10726,,2026-05-17T22:49:38.246Z,4
task_12_p33_verification.md,118HMABY-oLI7Mw8md3dvh-WxTU5F5QNIY4WzWOX6ayQ,Trade_AI_Docs_v2/docs/_archive/archive/2026-04-27_pre_bible/handoff_2026-04-19/task_12_p33_verification.md,9763,,2026-05-21T02:54:59.316Z,4
task_12_p33_verification.md,1VOUrCumSoo_dX1a_kH5wswHw3vM3k7vO,Trade_AI_Docs_v2/docs/_archive/archive/2026-04-27_pre_bible/handoff_2026-04-19/task_12_p33_verification.md,6157,,2026-05-18T00:05:57.589Z,4
task_12_p33_verification.md,1XIHTujbJTfayOyW-zlU1dWOH6cpDqyTS,Trade_AI_Docs_v2/docs/archive/2026-04-27_pre_bible/handoff_2026-04-19/task_12_p33_verification.md,6157,,2026-05-17T23:05:24.369Z,4
task_12_p33_verification.md,1lhpXuymtvQt1BpHtK3oxknfV0RWh3aZz,Trade_AI_Docs_v2/docs/archive/2026-04-27_pre_bible/handoff_2026-04-19/task_12_p33_verification.md,6157,,2026-05-17T22:48:12.664Z,4
task_13_phase_p4_inventory.md,1N-MKXW1r8LKCdrC_7KUByzFGae7yqLuhhuux6OyC_ww,Trade_AI_Docs_v2/docs/_archive/archive/2026-04-27_pre_bible/handoff_2026-04-19/task_13_phase_p4_inventory.md,13276,,2026-05-21T02:59:08.305Z,4
task_13_phase_p4_inventory.md,1SPnElC5SVoZm8zH5Q7gqg-I5r_y4rgha,Trade_AI_Docs_v2/docs/_archive/archive/2026-04-27_pre_bible/handoff_2026-04-19/task_13_phase_p4_inventory.md,13594,,2026-05-18T00:08:04.834Z,4
task_13_phase_p4_inventory.md,14JGIMpskDTReNnKIGYBm_y2w5pzMHF9S,Trade_AI_Docs_v2/docs/archive/2026-04-27_pre_bible/handoff_2026-04-19/task_13_phase_p4_inventory.md,13594,,2026-05-17T23:07:32.627Z,4
task_13_phase_p4_inventory.md,1R71LdY0ZOsPzOhfoa8JsQfHaMu8pGcRu,Trade_AI_Docs_v2/docs/archive/2026-04-27_pre_bible/handoff_2026-04-19/task_13_phase_p4_inventory.md,13594,,2026-05-17T22:50:21.036Z,4
task_1_p21_verification.md,1WhPbzp88eoVzoQytNFSh1qdNpE9vJMzfl9Wz54xAwOc,Trade_AI_Docs_v2/docs/_archive/archive/2026-04-27_pre_bible/handoff_2026-04-19/task_1_p21_verification.md,9073,,2026-05-21T02:50:27.888Z,4
task_1_p21_verification.md,1rOba-fO6otrtAo5AFQtze2iE46ls-YZ9,Trade_AI_Docs_v2/docs/_archive/archive/2026-04-27_pre_bible/handoff_2026-04-19/task_1_p21_verification.md,6207,,2026-05-18T00:03:35.482Z,4
task_1_p21_verification.md,1-66AvMObZXAaXQ-vVcYXYItXBVt3S6HJ,Trade_AI_Docs_v2/docs/archive/2026-04-27_pre_bible/handoff_2026-04-19/task_1_p21_verification.md,6207,,2026-05-17T23:02:58.580Z,4
task_1_p21_verification.md,1EO2OVB2WUere8n1AJpkffo1HOrlvecet,Trade_AI_Docs_v2/docs/archive/2026-04-27_pre_bible/handoff_2026-04-19/task_1_p21_verification.md,6207,,2026-05-17T22:45:48.388Z,4
task_2_p22_investigation.md,1_R7AnUweUMoTcEFLdbq3v8RWfV5D7DqbRyVnrsC5etE,Trade_AI_Docs_v2/docs/_archive/archive/2026-04-27_pre_bible/handoff_2026-04-19/task_2_p22_investigation.md,16455,,2026-05-21T02:59:47.332Z,4
task_2_p22_investigation.md,1RwUdeDOHAH0RvuMfIeVkSzZc6jOrfwej,Trade_AI_Docs_v2/docs/_archive/archive/2026-04-27_pre_bible/handoff_2026-04-19/task_2_p22_investigation.md,16399,,2026-05-18T00:08:24.401Z,4
task_2_p22_investigation.md,1Je0TfbWDiCrVL1I78y6KQZXcstYfhuWR,Trade_AI_Docs_v2/docs/archive/2026-04-27_pre_bible/handoff_2026-04-19/task_2_p22_investigation.md,16399,,2026-05-17T23:07:52.443Z,4
task_2_p22_investigation.md,1BOnoV3tDezirtP4EQXNX1IGBD1M1U3VJ,Trade_AI_Docs_v2/docs/archive/2026-04-27_pre_bible/handoff_2026-04-19/task_2_p22_investigation.md,16399,,2026-05-17T22:50:40.774Z,4
task_2_p22_verification.md,17aUTf1y1NKUMpWrtIPfnZhFWjSbHf8JiqFnmsFsDggE,Trade_AI_Docs_v2/docs/_archive/archive/2026-04-27_pre_bible/handoff_2026-04-19/task_2_p22_verification.md,10239,,2026-05-21T02:52:52.147Z,4
task_2_p22_verification.md,1yR25ffXGjcXdswrVxfPeuKcxmOps-4q9,Trade_AI_Docs_v2/docs/_archive/archive/2026-04-27_pre_bible/handoff_2026-04-19/task_2_p22_verification.md,6696,,2026-05-18T00:04:51.758Z,4
task_2_p22_verification.md,1mBEioq-rRiTNkUBeQd63Fu6FNS-1KAVw,Trade_AI_Docs_v2/docs/archive/2026-04-27_pre_bible/handoff_2026-04-19/task_2_p22_verification.md,6696,,2026-05-17T23:04:16.300Z,4
task_2_p22_verification.md,1HPYHaAM9dgyawZot92YNadvKmkD4XTiB,Trade_AI_Docs_v2/docs/archive/2026-04-27_pre_bible/handoff_2026-04-19/task_2_p22_verification.md,6696,,2026-05-17T22:47:04.388Z,4
task_3_p51_investigation.md,1MFVodoLWzoDQ-uG7fP37DEYuKacVGuDzgGc-tPZZFrc,Trade_AI_Docs_v2/docs/_archive/archive/2026-04-27_pre_bible/handoff_2026-04-19/task_3_p51_investigation.md,11224,,2026-05-21T02:49:29.230Z,4
task_3_p51_investigation.md,1bOvjOQhZSJQvSQON82xdKhxUPF2LpL6m,Trade_AI_Docs_v2/docs/_archive/archive/2026-04-27_pre_bible/handoff_2026-04-19/task_3_p51_investigation.md,9186,,2026-05-18T00:03:07.171Z,4
task_3_p51_investigation.md,1lenCcao7vDXGil1GkrT22c1JxrFuCjV1,Trade_AI_Docs_v2/docs/archive/2026-04-27_pre_bible/handoff_2026-04-19/task_3_p51_investigation.md,9186,,2026-05-17T23:02:30.522Z,4
task_3_p51_investigation.md,1dmrRUzE74-waNOoKhU5lOqn-GREWGAh_,Trade_AI_Docs_v2/docs/archive/2026-04-27_pre_bible/handoff_2026-04-19/task_3_p51_investigation.md,9186,,2026-05-17T22:45:20.000Z,4
task_3_p51_verification.md,1YZ0-7fd4gdeY02a98GRsjxhfMuzk41jQXeP6WH8lPWY,Trade_AI_Docs_v2/docs/_archive/archive/2026-04-27_pre_bible/handoff_2026-04-19/task_3_p51_verification.md,11467,,2026-05-21T02:58:24.267Z,4
task_3_p51_verification.md,1fLAjnV0B4Wu6t8WT3R7X66IGm-tSUgYZ,Trade_AI_Docs_v2/docs/_archive/archive/2026-04-27_pre_bible/handoff_2026-04-19/task_3_p51_verification.md,7122,,2026-05-18T00:07:41.727Z,4
task_3_p51_verification.md,1m6FKM3NxGQI05RAIE5FUZYZSJahs_JqW,Trade_AI_Docs_v2/docs/archive/2026-04-27_pre_bible/handoff_2026-04-19/task_3_p51_verification.md,7122,,2026-05-17T23:07:08.758Z,4
task_3_p51_verification.md,1flScowcwnnSoEcGkNYfyhWIPZ6HFxrnw,Trade_AI_Docs_v2/docs/archive/2026-04-27_pre_bible/handoff_2026-04-19/task_3_p51_verification.md,7122,,2026-05-17T22:49:58.246Z,4
task_4_phase0_investigation.md,14j8v8fF_Hg5ARaUmvnExDSbqtslRL9RO1yOgN1ZhG5Q,Trade_AI_Docs_v2/docs/_archive/archive/2026-04-27_pre_bible/handoff_2026-04-19/task_4_phase0_investigation.md,17247,,2026-05-21T02:53:24.290Z,4
task_4_phase0_investigation.md,12jEqUf81kf_okytf6IRtdSHCRGi7bJTq,Trade_AI_Docs_v2/docs/_archive/archive/2026-04-27_pre_bible/handoff_2026-04-19/task_4_phase0_investigation.md,17695,,2026-05-18T00:05:06.930Z,4
task_4_phase0_investigation.md,1jZXqqe_E0fCHqknDSpZxC0Wkt2_nrl5N,Trade_AI_Docs_v2/docs/archive/2026-04-27_pre_bible/handoff_2026-04-19/task_4_phase0_investigation.md,17695,,2026-05-17T23:04:32.101Z,4
task_4_phase0_investigation.md,1kJh9crUvS6wWMFsVPNmQAgbgnIMapYU8,Trade_AI_Docs_v2/docs/archive/2026-04-27_pre_bible/handoff_2026-04-19/task_4_phase0_investigation.md,17695,,2026-05-17T22:47:20.251Z,4
task_4_phase0_verification.md,14bups19SNsz2vb7VUlo24PkmUGhlpqExzw4xkwTeEZ8,Trade_AI_Docs_v2/docs/_archive/archive/2026-04-27_pre_bible/handoff_2026-04-19/task_4_phase0_verification.md,12873,,2026-05-21T02:56:56.664Z,4
task_4_phase0_verification.md,11lHXdxJwR5b0yfq5tzKZVTHsg3o3m_WS,Trade_AI_Docs_v2/docs/_archive/archive/2026-04-27_pre_bible/handoff_2026-04-19/task_4_phase0_verification.md,9075,,2026-05-18T00:06:55.738Z,4
task_4_phase0_verification.md,1Kkj_e-tpCwMTQlDZALo4VmP8sTIhSLja,Trade_AI_Docs_v2/docs/archive/2026-04-27_pre_bible/handoff_2026-04-19/task_4_phase0_verification.md,9075,,2026-05-17T23:06:22.739Z,4
task_4_phase0_verification.md,19mrlSJ_UQqsaDGEtuKVT3VHubimZgNAQ,Trade_AI_Docs_v2/docs/archive/2026-04-27_pre_bible/handoff_2026-04-19/task_4_phase0_verification.md,9075,,2026-05-17T22:49:11.594Z,4
task_5_p23_investigation.md,19ZL3ahb407uUUWKASobaPoFZgNqHEoVuhlbGs_VJnSI,Trade_AI_Docs_v2/docs/_archive/archive/2026-04-27_pre_bible/handoff_2026-04-19/task_5_p23_investigation.md,10765,,2026-05-21T02:56:17.840Z,4
task_5_p23_investigation.md,1-8AaghIIEhTwoZ5hHJk3eSkFEX5K79Vp,Trade_AI_Docs_v2/docs/_archive/archive/2026-04-27_pre_bible/handoff_2026-04-19/task_5_p23_investigation.md,8511,,2026-05-18T00:06:35.904Z,4
task_5_p23_investigation.md,1NbyH-fnXyjK6a3D-POxz3H49PXXtRUDh,Trade_AI_Docs_v2/docs/archive/2026-04-27_pre_bible/handoff_2026-04-19/task_5_p23_investigation.md,8511,,2026-05-17T23:06:03.800Z,4
task_5_p23_investigation.md,1rWruXktYUThRNIQ-ArES875RJQ23m9Vq,Trade_AI_Docs_v2/docs/archive/2026-04-27_pre_bible/handoff_2026-04-19/task_5_p23_investigation.md,8511,,2026-05-17T22:48:52.530Z,4
task_5_p23_verification.md,1Bvmyn1nec0C4DHEYmjX0aAbw4191LQwlanTQHzwyPQE,Trade_AI_Docs_v2/docs/_archive/archive/2026-04-27_pre_bible/handoff_2026-04-19/task_5_p23_verification.md,7794,,2026-05-21T02:58:17.491Z,4
task_5_p23_verification.md,17_PB5NXedqDnZnZE_8RCc-82_U-xy-Am,Trade_AI_Docs_v2/docs/_archive/archive/2026-04-27_pre_bible/handoff_2026-04-19/task_5_p23_verification.md,4988,,2026-05-18T00:07:38.303Z,4
task_5_p23_verification.md,1cKN4fB8XR2n_2reIf2arnoL8xibNSRNZ,Trade_AI_Docs_v2/docs/archive/2026-04-27_pre_bible/handoff_2026-04-19/task_5_p23_verification.md,4988,,2026-05-17T23:07:05.283Z,4
task_5_p23_verification.md,19ZnZ0NXf0FQlwF_JLv1ifgRfN7elbqvK,Trade_AI_Docs_v2/docs/archive/2026-04-27_pre_bible/handoff_2026-04-19/task_5_p23_verification.md,4988,,2026-05-17T22:49:54.715Z,4
task_6_p24_investigation.md,15axa1kjkPahxiKYCpapdSAQApMNr21PvBcn_GkQfHro,Trade_AI_Docs_v2/docs/_archive/archive/2026-04-27_pre_bible/handoff_2026-04-19/task_6_p24_investigation.md,11184,,2026-05-21T02:49:44.498Z,4
task_6_p24_investigation.md,1bZaFGGh3lNqsaWqUFT6edQHuWGpNMFJk,Trade_AI_Docs_v2/docs/_archive/archive/2026-04-27_pre_bible/handoff_2026-04-19/task_6_p24_investigation.md,8595,,2026-05-18T00:03:14.097Z,4
task_6_p24_investigation.md,17pZkvfPZaaXA4aEjH7cCqcfxZHfvQwvY,Trade_AI_Docs_v2/docs/archive/2026-04-27_pre_bible/handoff_2026-04-19/task_6_p24_investigation.md,8595,,2026-05-17T23:02:37.218Z,4
task_6_p24_investigation.md,1RyCCyHMtIWCqzPqDLjOk40K5re0GDhwk,Trade_AI_Docs_v2/docs/archive/2026-04-27_pre_bible/handoff_2026-04-19/task_6_p24_investigation.md,8595,,2026-05-17T22:45:27.211Z,4
task_6_p24_verification.md,1-89-lcQjfCUvmal6QdwJY3iTHDOv9d_ffs-LW93n6JE,Trade_AI_Docs_v2/docs/_archive/archive/2026-04-27_pre_bible/handoff_2026-04-19/task_6_p24_verification.md,8436,,2026-05-21T02:59:01.490Z,4
task_6_p24_verification.md,1FH-n7YjxU8UG00sy9sIbFyd9mBo8EvBA,Trade_AI_Docs_v2/docs/_archive/archive/2026-04-27_pre_bible/handoff_2026-04-19/task_6_p24_verification.md,5327,,2026-05-18T00:08:00.995Z,4
task_6_p24_verification.md,13I0hZ_jEhgIzwhRQh3N35rCBDsZHgFt7,Trade_AI_Docs_v2/docs/archive/2026-04-27_pre_bible/handoff_2026-04-19/task_6_p24_verification.md,5327,,2026-05-17T23:07:29.022Z,4
task_6_p24_verification.md,1wB7buaNE79KikVyC3iC1Y3ZFFahGepVz,Trade_AI_Docs_v2/docs/archive/2026-04-27_pre_bible/handoff_2026-04-19/task_6_p24_verification.md,5327,,2026-05-17T22:50:17.628Z,4
task_7_p31_clarification.md,1d3Zu9GygtOlf2SR_CosOMbJPjkCwwepephHoQhsWCnw,Trade_AI_Docs_v2/docs/_archive/archive/2026-04-27_pre_bible/handoff_2026-04-19/task_7_p31_clarification.md,3315,,2026-05-21T02:49:55.238Z,4
task_7_p31_clarification.md,1y52FrI65ErFcnjxA3lOGEUAEmv5g-TB4,Trade_AI_Docs_v2/docs/_archive/archive/2026-04-27_pre_bible/handoff_2026-04-19/task_7_p31_clarification.md,1642,,2026-05-18T00:03:19.345Z,4
task_7_p31_clarification.md,1ckXL-YqwAtbThjSsxNQfKunfVUcFTPJI,Trade_AI_Docs_v2/docs/archive/2026-04-27_pre_bible/handoff_2026-04-19/task_7_p31_clarification.md,1642,,2026-05-17T23:02:42.272Z,4
task_7_p31_clarification.md,15okByoeoZuVl_l_TzAVpr-xynzCNbGB5,Trade_AI_Docs_v2/docs/archive/2026-04-27_pre_bible/handoff_2026-04-19/task_7_p31_clarification.md,1642,,2026-05-17T22:45:32.660Z,4
task_7_p31_investigation.md,1-i2Q_VcUxxfRbE7E2RvQ46WyTeWOLbqQdwGj7QIrygU,Trade_AI_Docs_v2/docs/_archive/archive/2026-04-27_pre_bible/handoff_2026-04-19/task_7_p31_investigation.md,12385,,2026-05-21T03:00:52.914Z,3
task_7_p31_investigation.md,1UexVVq_fn55OnaZYC5UeO3vWXVxCBgF0,Trade_AI_Docs_v2/docs/_archive/archive/2026-04-27_pre_bible/handoff_2026-04-19/task_7_p31_investigation.md,9520,,2026-05-18T00:08:53.480Z,3
task_7_p31_investigation.md,11BMFYHBSiF1ZsAvvbw03X9woYXiMHq4W,Trade_AI_Docs_v2/docs/archive/2026-04-27_pre_bible/handoff_2026-04-19/task_7_p31_investigation.md,9520,,2026-05-17T22:51:09.093Z,3
task_7_p31_verification.md,1GV6mqsRD8vpx5oxXSVxUiUSoCMCmfbNo0ZeVcSBM9E8,Trade_AI_Docs_v2/docs/_archive/archive/2026-04-27_pre_bible/handoff_2026-04-19/task_7_p31_verification.md,9928,,2026-05-21T02:54:10.769Z,4
task_7_p31_verification.md,1asdcXJzf2mF-feLOUQvkHv3cA1m4K1BV,Trade_AI_Docs_v2/docs/_archive/archive/2026-04-27_pre_bible/handoff_2026-04-19/task_7_p31_verification.md,6597,,2026-05-18T00:05:31.713Z,4
task_7_p31_verification.md,1_hIIOmxiMKhW1KFmfSwbtQy-E6IcPhWv,Trade_AI_Docs_v2/docs/archive/2026-04-27_pre_bible/handoff_2026-04-19/task_7_p31_verification.md,6597,,2026-05-17T23:04:57.460Z,4
task_7_p31_verification.md,1BJXhrFPIDaaf8Z1miAjeP0vTCbcVqJJ-,Trade_AI_Docs_v2/docs/archive/2026-04-27_pre_bible/handoff_2026-04-19/task_7_p31_verification.md,6597,,2026-05-17T22:47:45.433Z,4
task_8_p52_p53_investigation.md,1GzPsO448Cz8KqvxipwJBy_HoydFHzPIUDQ7vTu3KNvE,Trade_AI_Docs_v2/docs/_archive/archive/2026-04-27_pre_bible/handoff_2026-04-19/task_8_p52_p53_investigation.md,9491,,2026-05-21T02:55:23.391Z,4
task_8_p52_p53_investigation.md,1XR4TUBwo2WoGcv7tFL4lBqx24MtdfBix,Trade_AI_Docs_v2/docs/_archive/archive/2026-04-27_pre_bible/handoff_2026-04-19/task_8_p52_p53_investigation.md,8305,,2026-05-18T00:06:10.086Z,4
task_8_p52_p53_investigation.md,1mCkU7PGicPn8QzmmgoCtR9HaFa9XQLZb,Trade_AI_Docs_v2/docs/archive/2026-04-27_pre_bible/handoff_2026-04-19/task_8_p52_p53_investigation.md,8305,,2026-05-17T23:05:36.901Z,4
task_8_p52_p53_investigation.md,1mRlL9TkIAb719jeScq8f5OQPK0VGU7vO,Trade_AI_Docs_v2/docs/archive/2026-04-27_pre_bible/handoff_2026-04-19/task_8_p52_p53_investigation.md,8305,,2026-05-17T22:48:25.480Z,4
task_8_p52_p53_verification.md,1GrzArTLVxKFPQ0CllUnT28pKt719w0VB8kBwMbQlk8w,Trade_AI_Docs_v2/docs/_archive/archive/2026-04-27_pre_bible/handoff_2026-04-19/task_8_p52_p53_verification.md,8676,,2026-05-21T02:51:45.330Z,4
task_8_p52_p53_verification.md,1F5FlL26vQbqh3txEQv_R97X0JrOT4s-y,Trade_AI_Docs_v2/docs/_archive/archive/2026-04-27_pre_bible/handoff_2026-04-19/task_8_p52_p53_verification.md,5738,,2026-05-18T00:04:17.065Z,4
task_8_p52_p53_verification.md,1j38awPr0X9zm_NugFhsU71yNVkd_attD,Trade_AI_Docs_v2/docs/archive/2026-04-27_pre_bible/handoff_2026-04-19/task_8_p52_p53_verification.md,5738,,2026-05-17T23:03:42.044Z,4
task_8_p52_p53_verification.md,1aWSkLAWX43jreH6K9zwWINCyWI6YoyRT,Trade_AI_Docs_v2/docs/archive/2026-04-27_pre_bible/handoff_2026-04-19/task_8_p52_p53_verification.md,5738,,2026-05-17T22:46:30.814Z,4
task_9_p32_verification.md,1_AsOtsFX-w3Qs-EjcfViIW1Gdfv-InhPjhDkAbrs_dE,Trade_AI_Docs_v2/docs/_archive/archive/2026-04-27_pre_bible/handoff_2026-04-19/task_9_p32_verification.md,7831,,2026-05-21T03:01:02.796Z,3
task_9_p32_verification.md,1rSEayXUrCL1WfVnzA4wj5gQsxqSrHjxX,Trade_AI_Docs_v2/docs/_archive/archive/2026-04-27_pre_bible/handoff_2026-04-19/task_9_p32_verification.md,4897,,2026-05-18T00:08:59.868Z,3
task_9_p32_verification.md,1DpUfYAzUEJPg2MdZyU2Z07iREGwYkcLk,Trade_AI_Docs_v2/docs/archive/2026-04-27_pre_bible/handoff_2026-04-19/task_9_p32_verification.md,4897,,2026-05-17T22:51:14.608Z,3
task_scheduler_setup.md,1YGgwUj-n_WJC-RbYkcwGCcJQ_Kdg39B7_ZN9L2VROJs,Trade_AI_Docs_v2/docs/_archive/2026-05-08/task_scheduler_setup.md,5559,,2026-05-21T03:08:13.304Z,2
task_scheduler_setup.md,1gm7diZJAuUBPY2eR7SSzKxFiGliaI7yD,Trade_AI_Docs_v2/docs/_archive/2026-05-08/task_scheduler_setup.md,3673,,2026-05-17T23:21:44.365Z,2
tax.png,1OuiMyJNNLG2711kTvJqZRqfSK5kBUHIp,Trade_AI_Docs_v2/docs/_generated/ui_audit_screenshots/audit_7777_20260523_1921/7777/tax.png,180378,,2026-05-28T19:02:42.258Z,2
tax.png,1L3_FkoZfrg0teSbTqjHozjZuH37NAu4f,Trade_AI_Docs_v2/docs/ui_audits/post_8b348c3/screenshots/tax.png,180371,,2026-05-28T16:57:43.421Z,2
tax_loss_harvest.yaml,1QgazI4GKEW7NrhZ3q2ZF4BV14UNkd98L,Trade_AI_Docs_v2/config/strategies/tax_loss_harvest.yaml,4264,,2026-05-29T12:40:57.924Z,5
tax_loss_harvest.yaml,1gwPmvcPlpq3Um1HYiA34OPomV_vKE5Qo,Trade_AI_Docs_v2/config/strategies/tax_loss_harvest.yaml,4264,,2026-05-28T19:03:37.777Z,5
tax_loss_harvest.yaml,1eMoG7zuY4qLgYxHZ5bRy5wqyIOmwPdBx,Trade_AI_Docs_v2/config/strategies/tax_loss_harvest.yaml,4264,,2026-05-23T16:33:03.387Z,5
tax_loss_harvest.yaml,13EA1NMWHLJPOavMCltzXu2QD3Lq8gjwJ,Trade_AI_Docs_v2/config/strategies/tax_loss_harvest.yaml,4264,,2026-05-22T13:10:24.196Z,5
tax_loss_harvest.yaml,1bQ9LhgZ6VXmYJtmVD4Ez5vM8B6DatGLo,Trade_AI_Docs_v2/config/strategies/tax_loss_harvest.yaml,4260,,2026-05-17T23:23:35.387Z,5
technical.png,1YlseNbUagI2G1gm4TiPRO5HQo20Czw0I,Trade_AI_Docs_v2/docs/_generated/ui_audit_screenshots/audit_7777_20260523_1921/7777/technical.png,333475,,2026-05-28T19:01:16.224Z,2
technical.png,1MIOgXh72tGEOfSFqocsidQGIxcm0rNJw,Trade_AI_Docs_v2/docs/ui_audits/post_8b348c3/screenshots/technical.png,333527,,2026-05-28T16:57:25.585Z,2
theme.css,1YE2QtgveOpsegIGJENPpw53XS-HXx4IB,Trade_AI_Docs_v2/ui_redesign/source_snapshot/theme.css,4499,,2026-05-25T14:41:33.883Z,4
theme.css,1kmMhAriCmm8Ze_k3OIETq3UCsfg3li_Q,Trade_AI_Docs_v2/docs/ui_redesign/source_snapshot/theme.css,4499,,2026-05-28T18:45:07.246Z,4
theme.css,1dIsrDqAp2VcNsFEI3nTY3kq5q2eIqK-T,Trade_AI_Docs_v2/docs/_archive/archive/2026-04-27_pre_bible/morning_brief_redesign_kit/styles/theme.css,1732,,2026-05-18T00:02:11.763Z,4
theme.css,15YwQ45sNpsZKf7AMhwE5fwXtDYeKVq13,Trade_AI_Docs_v2/theme.css,1732,,2026-05-17T22:44:20.969Z,4
theme.css.md,1ncZyfbihWpEcVQo8DiuydALYNbE_UU8S,Trade_AI_Docs_v2/ui_redesign/designer_workspace/current_source_text/theme.css.md,4854,,2026-05-25T15:44:22.197Z,2
theme.css.md,1HFYy3loIzpe3T0RxnJKWSYBQYwmjTmYFTNc0Wr3Fi7k,Trade_AI_Docs_v2/docs/ui_redesign/designer_workspace/current_source_text/theme.css.md,11326,,2026-05-28T18:48:14.709Z,2
ticker_catalog_lifecycle_design.md,1SauZoZM-qDtqjRu-3HQl00AXUYMoaGrK,Trade_AI_Docs_v2/docs/screener_architecture/phase_screener_arch2_full_ingestion_catalog/ticker_catalog_lifecycle_design.md,1165,,2026-05-19T16:36:15.487Z,2
ticker_catalog_lifecycle_design.md,1SnbWRsPSJQWhi4jIFMz9jC45ourg0ZeUrRBgfHfOW9o,Trade_AI_Docs_v2/docs/_archive/2026-05-24_cleanup/completed_phases/phase_screener_arch2_full_ingestion_catalog/ticker_catalog_lifecycle_design.md,2475,,2026-05-28T18:37:08.636Z,2
ticker_catalog_status_report.md,14o0Jf541OBfmv1y4WmXlxldYOtv_Eg6b,Trade_AI_Docs_v2/docs/screener_architecture/phase_screener_arch3b_importer_membership_backfill/ticker_catalog_status_report.md,124,,2026-05-19T18:19:58.875Z,4
ticker_catalog_status_report.md,165YJ5_evjDHd-Ir7gfpRIpQtovf0EGTx,Trade_AI_Docs_v2/docs/screener_architecture/phase_screener_arch3_catalog_lifecycle/ticker_catalog_status_report.md,124,,2026-05-19T17:32:00.261Z,4
ticker_catalog_status_report.md,1o-TvbMUY6BuMM4WV68S37UwVUmZK7XlVqZXOD939T2Q,Trade_AI_Docs_v2/docs/_archive/2026-05-24_cleanup/completed_phases/phase_screener_arch3_catalog_lifecycle/ticker_catalog_status_report.md,1024,,2026-05-28T18:25:05.014Z,4
ticker_catalog_status_report.md,1HCp-WMQYp5Irbg_ahHIm7uYaPfd3GPEks5alBun-v7A,Trade_AI_Docs_v2/docs/_archive/2026-05-24_cleanup/completed_phases/phase_screener_arch3b_importer_membership_backfill/ticker_catalog_status_report.md,1024,,2026-05-28T18:11:50.824Z,4
ticker_catalog_status_results.json,1Nm1p8zpxATY9woB5Tun3oRmpSs7o_JUH,Trade_AI_Docs_v2/docs/_archive/2026-05-24_cleanup/completed_phases/phase_screener_arch3_catalog_lifecycle/ticker_catalog_status_results.json,1318,,2026-05-28T18:24:50.806Z,2
ticker_catalog_status_results.json,12oBC294ew92SDvWZ9Bgm0qYs3K5UHriU,Trade_AI_Docs_v2/docs/_archive/2026-05-24_cleanup/completed_phases/phase_screener_arch3b_importer_membership_backfill/ticker_catalog_status_results.json,1318,,2026-05-28T18:11:41.954Z,2
tier_1_handoff_2026-04-19.md,1VN7uZKUvWgsI9SSdqe_apUN0El9wIRqqNEzxcvZ9OA8,Trade_AI_Docs_v2/docs/_archive/archive/2026-04-27_pre_bible/handoff_2026-04-19/tier_1_handoff_2026-04-19.md,47182,,2026-05-21T03:00:02.522Z,4
tier_1_handoff_2026-04-19.md,1LdeHcHL5rAPySK-cP-QRhZ_vrDQ7JInr,Trade_AI_Docs_v2/docs/_archive/archive/2026-04-27_pre_bible/handoff_2026-04-19/tier_1_handoff_2026-04-19.md,27758,,2026-05-18T00:08:32.089Z,4
tier_1_handoff_2026-04-19.md,1wpqXueWxdo2V9ehjYEPfpJh0e7zlMMPB,Trade_AI_Docs_v2/docs/archive/2026-04-27_pre_bible/handoff_2026-04-19/tier_1_handoff_2026-04-19.md,27758,,2026-05-17T23:07:59.478Z,4
tier_1_handoff_2026-04-19.md,1_kH1RS6sQXKHZ9zpP32kZ9RtPxSw06K7,Trade_AI_Docs_v2/docs/archive/2026-04-27_pre_bible/handoff_2026-04-19/tier_1_handoff_2026-04-19.md,27758,,2026-05-17T22:50:48.051Z,4
tier_2_handoff_2026-04-19.md,1UM0_O8Ju4-dXITRwEJDmO809qLUk2OyqX9iYNxIT_ks,Trade_AI_Docs_v2/docs/_archive/archive/2026-04-27_pre_bible/handoff_2026-04-19/tier_2_handoff_2026-04-19.md,36402,,2026-05-21T02:56:53.346Z,4
tier_2_handoff_2026-04-19.md,1VTttmX7tzuq8CkOgAoLI5iq1r6T55ZbG,Trade_AI_Docs_v2/docs/_archive/archive/2026-04-27_pre_bible/handoff_2026-04-19/tier_2_handoff_2026-04-19.md,23125,,2026-05-18T00:06:53.942Z,4
tier_2_handoff_2026-04-19.md,1WerbRjrHz65IYnQCk1DyHDLgfAvqUltp,Trade_AI_Docs_v2/docs/archive/2026-04-27_pre_bible/handoff_2026-04-19/tier_2_handoff_2026-04-19.md,23125,,2026-05-17T23:06:21.114Z,4
tier_2_handoff_2026-04-19.md,1rjNnDOpZMTWTiC95KDw8O5PWT4XokVUF,Trade_AI_Docs_v2/docs/archive/2026-04-27_pre_bible/handoff_2026-04-19/tier_2_handoff_2026-04-19.md,23125,,2026-05-17T22:49:09.892Z,4
tier_3_handoff_2026-04-19.md,1U_GwIndwNBAWqN1UbHdOFq9CzNWaOWtTjl1GlaWUsrY,Trade_AI_Docs_v2/docs/_archive/archive/2026-04-27_pre_bible/handoff_2026-04-19/tier_3_handoff_2026-04-19.md,26165,,2026-05-21T02:52:41.342Z,4
tier_3_handoff_2026-04-19.md,1CiimqhQBbOOa_LdkIkTwGYnVtb0F48fT,Trade_AI_Docs_v2/docs/_archive/archive/2026-04-27_pre_bible/handoff_2026-04-19/tier_3_handoff_2026-04-19.md,14684,,2026-05-18T00:04:46.760Z,4
tier_3_handoff_2026-04-19.md,1FgKkz4gO3cmFAglUPcr1LGP9yLke5u9f,Trade_AI_Docs_v2/docs/archive/2026-04-27_pre_bible/handoff_2026-04-19/tier_3_handoff_2026-04-19.md,14684,,2026-05-17T23:04:10.942Z,4
tier_3_handoff_2026-04-19.md,18g1r8Qt_-5GCwoI9qLC6z-6VPvZAqtnV,Trade_AI_Docs_v2/docs/archive/2026-04-27_pre_bible/handoff_2026-04-19/tier_3_handoff_2026-04-19.md,14684,,2026-05-17T22:46:59.265Z,4
tier_4_handoff_2026-04-19.md,1e5sVfPbET51VdP-UpuVKs19INgrfv_15F-5z4AI5XVw,Trade_AI_Docs_v2/docs/_archive/archive/2026-04-27_pre_bible/handoff_2026-04-19/tier_4_handoff_2026-04-19.md,14101,,2026-05-21T02:54:55.980Z,4
tier_4_handoff_2026-04-19.md,1kVZITc6s8SVerFUiwXD8zIYiAmmeHKOe,Trade_AI_Docs_v2/docs/_archive/archive/2026-04-27_pre_bible/handoff_2026-04-19/tier_4_handoff_2026-04-19.md,12030,,2026-05-18T00:05:55.882Z,4
tier_4_handoff_2026-04-19.md,1QYcopjtvTMzK7odd1aGL_TVZgA6lXhQB,Trade_AI_Docs_v2/docs/archive/2026-04-27_pre_bible/handoff_2026-04-19/tier_4_handoff_2026-04-19.md,12030,,2026-05-17T23:05:22.612Z,4
tier_4_handoff_2026-04-19.md,1IBd-sQdLmrQdWbUOXUD2GhMdWtijDrrz,Trade_AI_Docs_v2/docs/archive/2026-04-27_pre_bible/handoff_2026-04-19/tier_4_handoff_2026-04-19.md,12030,,2026-05-17T22:48:10.962Z,4
tomorrow_crib_note.md,1k1LF42LXoKGYU-LwWyXI6XvoqHyh-89ifVuGx_qrzoA,Trade_AI_Docs_v2/docs/_archive/archive/2026-04-27_pre_bible/handoff_2026-04-19/tomorrow_crib_note.md,7767,,2026-05-21T02:54:27.408Z,4
tomorrow_crib_note.md,1TX7jpn-goAZy7EUzdanI39aLGOq1n8-u,Trade_AI_Docs_v2/docs/_archive/archive/2026-04-27_pre_bible/handoff_2026-04-19/tomorrow_crib_note.md,7266,,2026-05-18T00:05:40.603Z,4
tomorrow_crib_note.md,1i453rku4dem2jd1cl1WpcFTIMsE6tSxU,Trade_AI_Docs_v2/docs/archive/2026-04-27_pre_bible/handoff_2026-04-19/tomorrow_crib_note.md,7266,,2026-05-17T23:05:06.240Z,4
tomorrow_crib_note.md,1wMPPrS-oKfeSAhmEvKFL_lcVI4JvDubj,Trade_AI_Docs_v2/docs/archive/2026-04-27_pre_bible/handoff_2026-04-19/tomorrow_crib_note.md,7266,,2026-05-17T22:47:54.051Z,4
topic_monitor.png,105x_jlnAR2pmjkHiZkXU5BPyYY0H1Qdt,Trade_AI_Docs_v2/docs/_generated/ui_audit_screenshots/audit_7777_20260523_1921/7777/topic_monitor.png,464985,,2026-05-28T19:02:06.399Z,2
topic_monitor.png,1IUqDPKqGs9U9_IR7S64drY2GWCnqfsae,Trade_AI_Docs_v2/docs/ui_audits/post_8b348c3/screenshots/topic_monitor.png,464976,,2026-05-28T16:57:38.634Z,2
trade-ai.json,1GgLCCSuGyzsv9Nrevmfu_XycB4STLfJq,Trade_AI_Docs_v2/ui_redesign/samples/trade-ai.json,7702,,2026-05-25T14:40:27.191Z,3
trade-ai.json,1kRMmkqjEchHyUDLZiT1NA6b-Idmt_beX,Trade_AI_Docs_v2/docs/ui_redesign/samples/trade-ai.json,7702,,2026-05-28T18:46:33.474Z,3
trade-ai.json,1iBSFxxQYAz2bR99lS28pq224tirEm3eu,Trade_AI_Docs_v2/docs/atm_lifecycle_v1_2026_05_26/full_lifecycle_acceleration_v3_0/api_payloads/trade-ai.json,225799,,2026-05-28T17:54:19.925Z,3
trade-ai_desktop.png,1O8c7PMg8SBIlgExydDbbMLP1S_Eadtz4,Trade_AI_Docs_v2/ui_redesign/screenshots/trade-ai_desktop.png,216178,,2026-05-25T15:09:05.755Z,2
trade-ai_desktop.png,1i-pqWKIZOk1hGgZeoR9pkvBZhxwmH6u_,Trade_AI_Docs_v2/docs/ui_redesign/screenshots/trade-ai_desktop.png,227667,,2026-05-28T18:57:41.598Z,2
trade_ai.png,1V8DooHALafPfCoXMPb8Y7_Secy9e-Mj6,Trade_AI_Docs_v2/docs/_generated/ui_audit_screenshots/audit_7777_20260523_1921/7777/trade_ai.png,248221,,2026-05-28T19:02:10.929Z,3
trade_ai.png,13rqyvfSxiHR9OzixgdjO_XZDYbXq0XQX,Trade_AI_Docs_v2/docs/atm_lifecycle_v1_2026_05_26/screenshots/trade_ai.png,128165,,2026-05-28T17:57:04.927Z,3
trade_ai.png,1N_Yp5LuonhVIwCV4e6J0Gvle8sbpfdqg,Trade_AI_Docs_v2/docs/atm_lifecycle_v1_2026_05_26/full_lifecycle_acceleration_v3_0/screenshots/trade_ai.png,309585,,2026-05-28T17:53:36.761Z,3
trades_baseline.txt,1N6vdJQCG9iMZAHY5ug0YMKn_Yikrouli,Trade_AI_Docs_v2/docs/_archive/phase_b1_baseline/trades_baseline.txt,196,,2026-05-17T23:59:25.387Z,3
trades_baseline.txt,14EC4glrENNYLdCxR3mDQCeGZTbghBo0H,Trade_AI_Docs_v2/trades_baseline.txt,196,,2026-05-17T22:37:05.883Z,3
trades_baseline.txt,1y4rpiZlYVDKKe8CwLg2FB-e9apUXUDeq,Trade_AI_Docs_v2/docs/phase_b1_baseline/trades_baseline.txt,196,,2026-05-17T22:41:31.273Z,3
triggered_stops_2026-05-24_pre_schwab_check.md,1vLlEPE4ggFBpCcL5tEpVI7NeWoZwqkeu,Trade_AI_Docs_v2/triggered_stops_2026-05-24_pre_schwab_check.md,1484,,2026-05-23T23:20:33.187Z,2
triggered_stops_2026-05-24_pre_schwab_check.md,1rbRMSQf_omK4OYvnODfjXzeSBvsYERpfTAmrO0ignVI,Trade_AI_Docs_v2/docs/_findings/triggered_stops_2026-05-24_pre_schwab_check.md,2893,,2026-05-28T17:19:56.542Z,2
types.ts,1KoLoisq47w29AWrhifpatSyvKjQ-iu4j,Trade_AI_Docs_v2/docs/ui_redesign/source_snapshot/lib/types.ts,1898,,2026-05-28T18:46:03.270Z,4
types.ts,139o8scPHzvVkyBJABvaiRMxbMKmp1DKE,Trade_AI_Docs_v2/docs/ui_redesign/source_snapshot/components/morning-brief/types.ts,3285,,2026-05-28T18:44:12.843Z,4
types.ts,1EM04GdyAZMH8asJKGcbQ6-BiVSg3JJPU,Trade_AI_Docs_v2/docs/_archive/archive/2026-04-27_pre_bible/morning_brief_redesign_kit/lib/types.ts,1898,,2026-05-18T00:02:24.501Z,4
types.ts,1h5UIDJnwwd9pEuDP6RTSWJW7rKy89x1q,Trade_AI_Docs_v2/docs/archive/2026-04-27_pre_bible/morning_brief_redesign_kit/lib/types.ts,1898,,2026-05-17T22:44:35.177Z,4
types.ts.md,1QOtU5shbQWd9uVl-Jbbxb-qu0JiQn7y3,Trade_AI_Docs_v2/ui_redesign/designer_workspace/current_source_text/types.ts.md,2262,,2026-05-25T15:44:23.618Z,2
types.ts.md,1IaysD_j9SbVwA35KSKJvEP4GTNS4_IheGotX--B_KpM,Trade_AI_Docs_v2/docs/ui_redesign/designer_workspace/current_source_text/types.ts.md,5858,,2026-05-28T18:47:08.413Z,2
ui_redesign_trade_ai_command_center_full_20260525.tgz,1_PEFNmJbyFZTwxlxXOu3jCnuFXzN5HS8,Trade_AI_Docs_v2/ui_redesign/ui_redesign_trade_ai_command_center_full_20260525.tgz,8019316,,2026-05-25T15:08:46.067Z,3
ui_redesign_trade_ai_command_center_full_20260525.tgz,1SdMX1W1yKhbF3Er6ZUTtbiZfo_vq9wJR,Trade_AI_Docs_v2/ui_redesign/ui_redesign_trade_ai_command_center_full_20260525.tgz,885512,,2026-05-25T14:39:04.580Z,3
ui_redesign_trade_ai_command_center_full_20260525.tgz,1ZG9beOMbHzFbA0Lw_UT2srHNAiOcwQc9,Trade_AI_Docs_v2/docs/ui_redesign_trade_ai_command_center_full_20260525.tgz,8019316,,2026-05-28T17:19:23.506Z,3
unified_stop_supervisor.py,1ayXRg95zAQvLEMwb7g27WNbm-NWlZPaC,Trade_AI_Docs_v2/docs/atm_lifecycle_v1_2026_05_26/backups/v3_3_v3_4_pre_apply_20260527_095544/unified_stop_supervisor.py,10272,,2026-05-28T17:24:00.387Z,3
unified_stop_supervisor.py,1b2aUToiKcHwrA0nx1L_JXRQxecwu_VEy,Trade_AI_Docs_v2/docs/atm_lifecycle_v1_2026_05_26/backups/v3_5_pre_apply_20260527_161658/unified_stop_supervisor.py,10272,,2026-05-28T17:23:07.296Z,3
unified_stop_supervisor.py,1UtSK78S06_AxkNfOEFsuf8E-yz1zwEiN,Trade_AI_Docs_v2/docs/atm_audit_2026_05_26/source_snapshot/unified_stop_supervisor.py,10272,,2026-05-28T17:04:32.209Z,3
update_agent_performance_scores.py,1S_mCg8KA3TP74ynQAkTJxJ1V90jxaFcU,Trade_AI_Docs_v2/docs/_archive/archive/2026-04-27_pre_bible/v6_research_agent/trade_ai_v6_research_agent_package/scripts/update_agent_performance_scores.py,712,,2026-05-18T00:00:17.579Z,2
update_agent_performance_scores.py,1s1zQJij24dvti_lXLsMXdpkc_3yoNYCw,Trade_AI_Docs_v2/docs/archive/2026-04-27_pre_bible/v6_research_agent/trade_ai_v6_research_agent_package/scripts/update_agent_performance_scores.py,712,,2026-05-17T22:42:28.143Z,2
useApi.ts,14-qLjPdl0812ak0EhsOeOuZA075HAUJE,Trade_AI_Docs_v2/ui_redesign/source_snapshot/useApi.ts,2216,,2026-05-25T14:41:32.528Z,4
useApi.ts,12cbsaF0ktyR86lSvq-oPqtCq2vnXDfQo,Trade_AI_Docs_v2/docs/ui_redesign/source_snapshot/hooks/useApi.ts,2216,,2026-05-28T18:45:03.139Z,4
useApi.ts,1e5zTOyzx5gJM6ymHep-Q9DZfYgMU_27q,Trade_AI_Docs_v2/docs/_archive/archive/2026-04-27_pre_bible/morning_brief_redesign_kit/hooks/useApi.ts,1182,,2026-05-18T00:02:00.573Z,4
useApi.ts,1jRA2QoYXAzOoHM0GkCkp6YAdzqyVGz0x,Trade_AI_Docs_v2/docs/archive/2026-04-27_pre_bible/morning_brief_redesign_kit/hooks/useApi.ts,1182,,2026-05-17T22:44:10.959Z,4
useApi.ts.md,125xi8-EyeTTtbmspNfc2WzZ-bvxdTyqw,Trade_AI_Docs_v2/ui_redesign/designer_workspace/current_source_text/useApi.ts.md,2584,,2026-05-25T15:44:24.946Z,2
useApi.ts.md,1rU6Z8Ja2D9dZZYcG89KomuC6mQPTozc3u0xye__7CqE,Trade_AI_Docs_v2/docs/ui_redesign/designer_workspace/current_source_text/useApi.ts.md,6246,,2026-05-28T18:47:46.716Z,2
useFetch.ts,1N9sG5RIiXo0YlmXzhjiGCdeRIthBToIK,Trade_AI_Docs_v2/docs/ui_redesign/source_snapshot/hooks/useFetch.ts,720,,2026-05-28T18:45:01.268Z,3
useFetch.ts,13TFEQtQCUa2z7nMB4MNJJf5rDySn-s5T,Trade_AI_Docs_v2/docs/_archive/archive/2026-04-27_pre_bible/morning_brief_redesign_kit/hooks/useFetch.ts,720,,2026-05-18T00:01:58.519Z,3
useFetch.ts,1lE2zeDW9LmAMcyz0QGYOch18n6usftJ4,Trade_AI_Docs_v2/useFetch.ts,720,,2026-05-17T22:44:08.905Z,3
useFetch.ts.md,1C0sgwwb77T8dRKGFP4MjYl3OvsBTRxd7,Trade_AI_Docs_v2/ui_redesign/designer_workspace/current_source_text/useFetch.ts.md,1091,,2026-05-25T15:44:26.473Z,2
useFetch.ts.md,1QjKQOFrkSFGOiBqth6xj0S0eoMiA0ZqQs9UEZJeF3pA,Trade_AI_Docs_v2/docs/ui_redesign/designer_workspace/current_source_text/useFetch.ts.md,3675,,2026-05-28T18:47:53.535Z,2
v4_1_deployment_log.md,1j_OrYfVJUikIlGzl_UD_9L_jubk5okDZ88VF5BHDTps,Trade_AI_Docs_v2/docs/v4_1_deployment_log.md,92430,,2026-05-22T20:03:31.794Z,33
v4_1_deployment_log.md,1BVxEe6y1luTJwdyaVssLYyCdm5xKRMF3VVxhJWUL7ac,Trade_AI_Docs_v2/docs/v4_1_deployment_log.md,90817,,2026-05-21T03:19:20.593Z,33
v4_1_deployment_log.md,1V0B37KjdoYPj7aHku2by2Lm7_wtS3QiS,Trade_AI_Docs_v2/docs/v4_1_deployment_log.md,118365,,2026-05-19T18:20:05.091Z,33
v4_1_deployment_log.md,1BZSd1egMTf1Ga-jOwrrcw6xBSD2Ku_xO,Trade_AI_Docs_v2/docs/v4_1_deployment_log.md,118045,,2026-05-19T17:32:06.972Z,33
v4_1_deployment_log.md,1g7UAypM5XCAOQvSOS-wrgtazj1LBDQwy,Trade_AI_Docs_v2/docs/v4_1_deployment_log.md,117696,,2026-05-19T16:59:16.565Z,33
v4_1_deployment_log.md,1zlU66dvbzoquVzvlQ8_I8tcUpjsCbllf,Trade_AI_Docs_v2/docs/v4_1_deployment_log.md,117394,,2026-05-19T16:46:24.884Z,33
v4_1_deployment_log.md,1MEcgLJGR4ARW7YV7AAehZwVz3_TC6Pd6,Trade_AI_Docs_v2/docs/v4_1_deployment_log.md,117279,,2026-05-19T16:36:22.946Z,33
v4_1_deployment_log.md,12L0G_ykFHTALj3Vam9GnkqzvVffBmri-,Trade_AI_Docs_v2/docs/v4_1_deployment_log.md,116959,,2026-05-19T16:19:44.941Z,33
v4_1_deployment_log.md,1D_Wq52rgS5ITn8I83_ZIJFjJV_eXovao,Trade_AI_Docs_v2/docs/v4_1_deployment_log.md,116647,,2026-05-19T14:09:32.261Z,33
v4_1_deployment_log.md,1NSf6_SRHAno_117AuiDWBGvF7x9Toui5,Trade_AI_Docs_v2/docs/v4_1_deployment_log.md,116318,,2026-05-19T13:58:37.446Z,33
v4_1_deployment_log.md,1dRehZbcx81SxhlzDje2_h9sJmMIIz78r,Trade_AI_Docs_v2/docs/v4_1_deployment_log.md,116006,,2026-05-19T02:20:08.897Z,33
v4_1_deployment_log.md,1OJviK_KxHdvBdxkiCAcJP2-Iup4aPYJ1,Trade_AI_Docs_v2/docs/v4_1_deployment_log.md,115696,,2026-05-19T00:37:37.884Z,33
v4_1_deployment_log.md,1ooF0UTTCJ9UuDmd-SD57TJVyuXduLafY,Trade_AI_Docs_v2/docs/v4_1_deployment_log.md,115385,,2026-05-19T00:24:56.912Z,33
v4_1_deployment_log.md,19OE7OO_FlBH8ivwWKy1KsYpcW-93dbLV,Trade_AI_Docs_v2/docs/v4_1_deployment_log.md,115072,,2026-05-19T00:14:17.975Z,33
v4_1_deployment_log.md,1sU4mUbvnhqtA1ZmbkLs6OtaGRIpdwg3K,Trade_AI_Docs_v2/docs/v4_1_deployment_log.md,114773,,2026-05-18T17:41:09.667Z,33
v4_1_deployment_log.md,14yS_OsE0IGrvDow_V3VdN6H6-kDuGJ97,Trade_AI_Docs_v2/docs/v4_1_deployment_log.md,114459,,2026-05-18T17:26:31.636Z,33
v4_1_deployment_log.md,1yrGs6mdunt5ovsvSx2H5KwS9j8FtP_Rg,Trade_AI_Docs_v2/docs/v4_1_deployment_log.md,114073,,2026-05-18T17:11:13.255Z,33
v4_1_deployment_log.md,1muV0zAWGHnzsev5vdGMdqyD-1nawovJk,Trade_AI_Docs_v2/docs/v4_1_deployment_log.md,113766,,2026-05-18T17:03:41.271Z,33
v4_1_deployment_log.md,1-NnGzmnjfWLPBoYvmraE5i40unfXu8Rh,Trade_AI_Docs_v2/docs/v4_1_deployment_log.md,113376,,2026-05-18T16:13:25.893Z,33
v4_1_deployment_log.md,1ah3s3Qm64G0IoT0f_Dj4YS5t_EZqaA-J,Trade_AI_Docs_v2/docs/v4_1_deployment_log.md,112971,,2026-05-18T15:47:21.265Z,33
v4_1_deployment_log.md,1MqMoZ14yRYCIzo_lgRnG98-fcrSPM8uo,Trade_AI_Docs_v2/docs/v4_1_deployment_log.md,112602,,2026-05-18T15:18:11.265Z,33
v4_1_deployment_log.md,1wf9NgqywmioQ5TtyAkPDxbpJig8MMoh3,Trade_AI_Docs_v2/docs/v4_1_deployment_log.md,112081,,2026-05-18T14:35:09.392Z,33
v4_1_deployment_log.md,1mDmIE2vdbr3UohTRxKABlJZchtziAuLb,Trade_AI_Docs_v2/docs/v4_1_deployment_log.md,111601,,2026-05-18T14:17:09.517Z,33
v4_1_deployment_log.md,1sKjhKxI5tU-onuMBZd4D-4qHzwMzDnvr,Trade_AI_Docs_v2/docs/v4_1_deployment_log.md,111219,,2026-05-18T13:55:36.553Z,33
v4_1_deployment_log.md,14WWBglxkMJTvRaW58vhpbGCRptST15Ge,Trade_AI_Docs_v2/docs/v4_1_deployment_log.md,110664,,2026-05-18T13:43:55.345Z,33
v4_1_deployment_log.md,1NExreUN4hpUap7KGJ8VYyfsUQzsUZe62,Trade_AI_Docs_v2/docs/v4_1_deployment_log.md,110197,,2026-05-18T13:28:07.012Z,33
v4_1_deployment_log.md,1rL5UURNRpUlqQOud9VxO1SsLGPLRIFVI,Trade_AI_Docs_v2/docs/v4_1_deployment_log.md,109556,,2026-05-18T13:16:42.137Z,33
v4_1_deployment_log.md,1KVk4N4xxiJG0Z1Zi1Uo8BWUEGMq6Dqe9,Trade_AI_Docs_v2/docs/v4_1_deployment_log.md,108914,,2026-05-18T12:50:06.765Z,33
v4_1_deployment_log.md,1I6jMBwwnFQABGRQKGVsEMUF3FGuGWk9d,Trade_AI_Docs_v2/docs/v4_1_deployment_log.md,108277,,2026-05-18T12:25:41.698Z,33
v4_1_deployment_log.md,16sznwtidGhtEat75dOWNVNAuD9udCYtf,Trade_AI_Docs_v2/docs/v4_1_deployment_log.md,107413,,2026-05-18T02:48:07.332Z,33
v4_1_deployment_log.md,1pJx7pdtfqDnPYnqBr8FOtHY8YitLRowZ,Trade_AI_Docs_v2/docs/v4_1_deployment_log.md,105722,,2026-05-18T00:12:00.102Z,33
v4_1_deployment_log.md,1m81TF75QEkv8dd6sEt5TO5nd78poZwhW,Trade_AI_Docs_v2/docs/v4_1_deployment_log.md,105037,,2026-05-17T23:22:45.099Z,33
v4_1_deployment_log.md,1h2Mrko4Gh-uA6VRM_ZyLpLYzJ48yp_N-smfDAJVDotk,Trade_AI_Docs_v2/docs/_archive/2026-05-24_cleanup/old_phase_reports/v4_1_deployment_log.md,92390,,2026-05-28T18:42:11.340Z,33
v4_1_phase1_final_audit.md,1en6aack3y8iWsMg-zMyuzr9aApO4yllNa3Vn7vkPUVk,Trade_AI_Docs_v2/docs/v4_1_phase1_final_audit.md,8374,,2026-05-21T02:43:41.929Z,3
v4_1_phase1_final_audit.md,1jYPHBmIah5Vr2jVcoJEe_AZml-4_UL8j1JGZWdB15xU,Trade_AI_Docs_v2/docs/_archive/2026-05-24_cleanup/old_phase_reports/v4_1_phase1_final_audit.md,8357,,2026-05-28T18:41:57.056Z,3
v4_1_phase1_final_audit.md,1jkHG6K90Akb2p8OSNTome-Q38ErDFROt,Trade_AI_Docs_v2/docs/v4_1_phase1_final_audit.md,4794,,2026-05-17T23:17:47.724Z,3
v4_1_phase1_final_closeout_report.md,1XAwaO3dOlA2qNFg8LhkAN1loI2_RtKymcszFw5YxMj0,Trade_AI_Docs_v2/docs/v4_1_phase1_final_closeout_report.md,10370,,2026-05-21T03:08:33.452Z,3
v4_1_phase1_final_closeout_report.md,1B1ZHl4Wf5x8Xr855FucVb6-eHuY7oGsf,Trade_AI_Docs_v2/docs/v4_1_phase1_final_closeout_report.md,8511,,2026-05-17T23:22:08.202Z,3
v4_1_phase1_final_closeout_report.md,1rD928ghNT7_lZjt7qHDm9KCfsN5x3ESlDWVbQWDV-jk,Trade_AI_Docs_v2/docs/_archive/2026-05-24_cleanup/old_phase_reports/v4_1_phase1_final_closeout_report.md,10391,,2026-05-28T18:42:00.632Z,3
v4_1_phase1_pilot_report.md,1aYJA54iLDod_7Iu6btkxq9SggvypWGkrTJf4tSmFNN8,Trade_AI_Docs_v2/docs/v4_1_phase1_pilot_report.md,4985,,2026-05-21T02:31:40.798Z,3
v4_1_phase1_pilot_report.md,1HVtoqwhl_XAmf82-SbQtcM-CoqfJfNUEE3pvn4tdptc,Trade_AI_Docs_v2/docs/_archive/2026-05-24_cleanup/old_phase_reports/v4_1_phase1_pilot_report.md,4986,,2026-05-28T18:41:37.459Z,3
v4_1_phase1_pilot_report.md,1Qcjp2bh0T461ItNUl4Q8n6bFHttLREn4,Trade_AI_Docs_v2/docs/v4_1_phase1_pilot_report.md,3860,,2026-05-17T23:13:39.227Z,3
v4_1_phase1c_controlled_expansion_report.md,1xrKOLHAgR3nIR7JCfelT2SVccm8YYDd4gqoYfAXQp20,Trade_AI_Docs_v2/docs/v4_1_phase1c_controlled_expansion_report.md,5028,,2026-05-21T03:18:49.923Z,3
v4_1_phase1c_controlled_expansion_report.md,1P-g9ASJdnquR8yAM1wOrgJ9Gu-9R6edY,Trade_AI_Docs_v2/docs/v4_1_phase1c_controlled_expansion_report.md,3207,,2026-05-17T23:22:42.871Z,3
v4_1_phase1c_controlled_expansion_report.md,1n5K8XkkVTa-0xFl_tTnYfme6FNO_N9T-EmdZRe2m6EE,Trade_AI_Docs_v2/docs/_archive/2026-05-24_cleanup/old_phase_reports/v4_1_phase1c_controlled_expansion_report.md,5028,,2026-05-28T18:42:04.340Z,3
v4_1_phase1d_limit5_report.md,19ku_4cWrkalXA_snKTgFIzPXGCp2t_q4r3Qq0VofQ7w,Trade_AI_Docs_v2/docs/v4_1_phase1d_limit5_report.md,5923,,2026-05-21T02:20:34.199Z,5
v4_1_phase1d_limit5_report.md,1Ib3k68HqC3NdL0fUYOR2-h50VwnG2QsR2PvKAlHyRuE,Trade_AI_Docs_v2/docs/_archive/2026-05-24_cleanup/old_phase_reports/v4_1_phase1d_limit5_report.md,5940,,2026-05-28T18:41:33.366Z,5
v4_1_phase1d_limit5_report.md,1DtmFDr7gRO85Tf2r2qcO8uaenFvoJ02_,Trade_AI_Docs_v2/docs/v4_1_phase1d_limit5_report.md,4965,,2026-05-17T22:59:00.319Z,5
v4_1_phase1d_limit5_report.md,1dRTjtlICts7Ts3GIjAmKbGH_QuuSifKI,Trade_AI_Docs_v2/docs/v4_1_phase1d_limit5_report.md,4965,,2026-05-17T22:41:44.568Z,5
v4_1_phase1d_limit5_report.md,1t7TtZ3HdZMrXL82Z87P1AJbr8m1Yae_9,Trade_AI_Docs_v2/docs/v4_1_phase1d_limit5_report.md,4965,,2026-05-17T22:37:20.099Z,5
v4_1_phase1h_daily_deep_overnight_llm_window.md,1qYkPUwLYh_oKQk2ttBltVReaATFddjYp_x02p9PINAY,Trade_AI_Docs_v2/docs/v4_1_phase1h_daily_deep_overnight_llm_window.md,22017,,2026-05-21T02:43:37.896Z,3
v4_1_phase1h_daily_deep_overnight_llm_window.md,1DDrvQ3ljznaeaUm08KzYULh98cUEveTPPP3mHbsfp-A,Trade_AI_Docs_v2/docs/_archive/2026-05-24_cleanup/old_phase_reports/v4_1_phase1h_daily_deep_overnight_llm_window.md,22033,,2026-05-28T18:41:53.818Z,3
v4_1_phase1h_daily_deep_overnight_llm_window.md,1Bmvjg5jpA4N6x7ExtO1mwNdIVOxJ2IOn,Trade_AI_Docs_v2/docs/v4_1_phase1h_daily_deep_overnight_llm_window.md,22641,,2026-05-17T23:17:45.108Z,3
v4_1_phase2_a1a_scope.md,10EdPjO5idtlBcq7kHDERUecldrR7hROEio27cafVaqk,Trade_AI_Docs_v2/docs/_archive/2026-05-24_cleanup/completed_phases/phase2_embedding_ab/v4_1_phase2_a1a_scope.md,3293,,2026-05-28T18:05:31.020Z,3
v4_1_phase2_a1a_scope.md,1f2eH-PAL4m3GnguI2A3uHpJLtcuLZPKehvl_DreaJEA,Trade_AI_Docs_v2/docs/llm_fleet/phase2_embedding_ab/v4_1_phase2_a1a_scope.md,3310,,2026-05-21T02:28:58.783Z,3
v4_1_phase2_a1a_scope.md,1Kjkz0AShZ6My6hzVjsQxaDay3qakTt-E,Trade_AI_Docs_v2/docs/llm_fleet/phase2_embedding_ab/v4_1_phase2_a1a_scope.md,2569,,2026-05-17T23:11:39.942Z,3
v4_1_phase2_candidate_model_check.md,1y8GaQmcBTwqd6D26kgYigIrHjRP6HuPluSyM3EtN4xQ,Trade_AI_Docs_v2/docs/_archive/2026-05-24_cleanup/completed_phases/phase2_embedding_ab/v4_1_phase2_candidate_model_check.md,3762,,2026-05-28T18:04:24.558Z,4
v4_1_phase2_candidate_model_check.md,1dQ5yf5Y0ZNi0K4PO4mMoGzzkxyMa-rfFBr5HF_gbRhY,Trade_AI_Docs_v2/docs/llm_fleet/phase2_embedding_ab/v4_1_phase2_candidate_model_check.md,3740,,2026-05-21T02:28:07.438Z,4
v4_1_phase2_candidate_model_check.md,1K1EB8P3AOhD0S_vhv_4NnHB2hsxX8DA9,Trade_AI_Docs_v2/docs/llm_fleet/phase2_embedding_ab/v4_1_phase2_candidate_model_check.md,2066,,2026-05-17T23:10:36.471Z,4
v4_1_phase2_candidate_model_check.md,1HxKm_BHhTniarrhAJZPgcY3tX3-xCtyb,Trade_AI_Docs_v2/docs/llm_fleet/phase2_embedding_ab/v4_1_phase2_candidate_model_check.md,2066,,2026-05-17T22:53:23.933Z,4
v4_1_phase2_embedding_ab_queries.md,1ABf5LLcMr22BqglpXynJmLD0h731Dc94N-lZr3fn4Po,Trade_AI_Docs_v2/docs/_archive/2026-05-24_cleanup/completed_phases/phase2_embedding_ab/v4_1_phase2_embedding_ab_queries.md,4020,,2026-05-28T18:06:43.406Z,2
v4_1_phase2_embedding_ab_queries.md,1tm-idDMDa0ISWwTKGH14bMojnqTFR5zh,Trade_AI_Docs_v2/docs/llm_fleet/phase2_embedding_ab/v4_1_phase2_embedding_ab_queries.md,3243,,2026-05-17T23:12:25.142Z,2
v4_1_phase2_embedding_ab_report.md,1MP4uQIM5GaPwYAnmtTSXPaTE3NJHZQEcSdOscmnFkZs,Trade_AI_Docs_v2/docs/_archive/2026-05-24_cleanup/completed_phases/phase2_embedding_ab/v4_1_phase2_embedding_ab_report.md,3773,,2026-05-28T18:06:22.519Z,2
v4_1_phase2_embedding_ab_report.md,1P5Df_r5A7omC_GAneBKAPAzI-6kH9n1a,Trade_AI_Docs_v2/docs/llm_fleet/phase2_embedding_ab/v4_1_phase2_embedding_ab_report.md,2879,,2026-05-17T23:12:12.578Z,2
v4_1_phase2_embedding_ab_results.json,1hsBhYwghkZC5LQFKjl2w7W79MMYTVqGd,Trade_AI_Docs_v2/docs/_archive/2026-05-24_cleanup/completed_phases/phase2_embedding_ab/v4_1_phase2_embedding_ab_results.json,38015,,2026-05-28T18:06:52.004Z,2
v4_1_phase2_embedding_ab_results.json,1qCr4St1dS2o0bsMoW1ueBI3SD6PbqcUr,Trade_AI_Docs_v2/docs/llm_fleet/phase2_embedding_ab/v4_1_phase2_embedding_ab_results.json,38015,,2026-05-17T23:12:30.637Z,2
v4_1_phase2_final_closeout_report.md,15fGnZiUg_1pi6XeGjiCkKQiWRzTbKxJxkhzsPPSInH8,Trade_AI_Docs_v2/docs/_archive/2026-05-24_cleanup/completed_phases/phase2_embedding_ab/v4_1_phase2_final_closeout_report.md,4340,,2026-05-28T18:05:53.654Z,3
v4_1_phase2_final_closeout_report.md,1fzeonoKAWHAp1XeeAticeGW7F7ElhTf_BsvSH5U_i50,Trade_AI_Docs_v2/docs/llm_fleet/phase2_embedding_ab/v4_1_phase2_final_closeout_report.md,4314,,2026-05-21T02:29:19.294Z,3
v4_1_phase2_final_closeout_report.md,19nzUcCdDM6SKHiuTA3HSk_MHKxvFZ0De,Trade_AI_Docs_v2/docs/llm_fleet/phase2_embedding_ab/v4_1_phase2_final_closeout_report.md,3740,,2026-05-17T23:11:53.528Z,3
v4_1_phase2_preflight.md,1G0sG0_nFnhz8VXCrb2HRxKnEpMklMiujCul7wi5h69E,Trade_AI_Docs_v2/docs/_archive/2026-05-24_cleanup/completed_phases/phase2_embedding_ab/v4_1_phase2_preflight.md,4006,,2026-05-28T18:06:38.105Z,2
v4_1_phase2_preflight.md,15jicKpMj_0SMLAOR6YMkH3R5V9PlS95o,Trade_AI_Docs_v2/docs/llm_fleet/phase2_embedding_ab/v4_1_phase2_preflight.md,1870,,2026-05-17T23:12:21.617Z,2
v4_1_phase2_rag_embedding_discovery.md,1RaVMtESS-t5VrxktWLMYcHm9Xgm1H2q7NyrguVbuVTg,Trade_AI_Docs_v2/docs/_archive/2026-05-24_cleanup/completed_phases/phase2_embedding_ab/v4_1_phase2_rag_embedding_discovery.md,7503,,2026-05-28T18:05:34.424Z,3
v4_1_phase2_rag_embedding_discovery.md,1zX1q1_nE06GHBk6R0YfjiTocHtbFCqvpik-cZk53_bU,Trade_AI_Docs_v2/docs/llm_fleet/phase2_embedding_ab/v4_1_phase2_rag_embedding_discovery.md,7505,,2026-05-21T02:29:02.639Z,3
v4_1_phase2_rag_embedding_discovery.md,1Kwu-kk1nDBEw9b6bo_vyTFmd8f6JpnFZ,Trade_AI_Docs_v2/docs/llm_fleet/phase2_embedding_ab/v4_1_phase2_rag_embedding_discovery.md,5617,,2026-05-17T23:11:41.571Z,3
v4_1_phase2b2_expand_5000_evaluation_report.md,1-O6ofeVizONYpVKiW-bbQ72l-Fwj6zdSayxUF4rHFKM,Trade_AI_Docs_v2/docs/_archive/2026-05-24_cleanup/completed_phases/phase2_embedding_ab/v4_1_phase2b2_expand_5000_evaluation_report.md,6765,,2026-05-28T18:06:59.908Z,2
v4_1_phase2b2_expand_5000_evaluation_report.md,11r2tJBu8cSqlWOHcNH0x3eOnGhEMi3B-,Trade_AI_Docs_v2/docs/llm_fleet/phase2_embedding_ab/v4_1_phase2b2_expand_5000_evaluation_report.md,6222,,2026-05-17T23:12:34.045Z,2
v4_1_phase2b_evaluation_report.md,1_w5vFk5JEOYQ9cM6Lid_45dz_9NR-wO6AxSJYYRSPNs,Trade_AI_Docs_v2/docs/_archive/2026-05-24_cleanup/completed_phases/phase2_embedding_ab/v4_1_phase2b_evaluation_report.md,4348,,2026-05-28T18:05:38.676Z,3
v4_1_phase2b_evaluation_report.md,1EzYtO_Gd7kGCR9HRshjnRjCz2pja_g7sppx-9Dxra58,Trade_AI_Docs_v2/docs/llm_fleet/phase2_embedding_ab/v4_1_phase2b_evaluation_report.md,4324,,2026-05-21T02:29:05.865Z,3
v4_1_phase2b_evaluation_report.md,1h-_R_FhkqU7EimKmSTgPyHhsm9srl-xa,Trade_AI_Docs_v2/docs/llm_fleet/phase2_embedding_ab/v4_1_phase2b_evaluation_report.md,3619,,2026-05-17T23:11:44.632Z,3
v4_1_phase2b_execution_scope.md,1F6Vp2Kj3T9EMX5sypoKXSGVaqXiDkhnBpr5kKrUyIkc,Trade_AI_Docs_v2/docs/_archive/2026-05-24_cleanup/completed_phases/phase2_embedding_ab/v4_1_phase2b_execution_scope.md,2731,,2026-05-28T18:04:29.268Z,4
v4_1_phase2b_execution_scope.md,1G5szFoNB_GdSLImC84EznycyTKJ0k2Emze0GcIM4jvk,Trade_AI_Docs_v2/docs/llm_fleet/phase2_embedding_ab/v4_1_phase2b_execution_scope.md,2747,,2026-05-21T02:28:10.511Z,4
v4_1_phase2b_execution_scope.md,153m581kfWh-qQWEyoCrkpdWFBIABcoGG,Trade_AI_Docs_v2/docs/llm_fleet/phase2_embedding_ab/v4_1_phase2b_execution_scope.md,1291,,2026-05-17T23:10:40.006Z,4
v4_1_phase2b_execution_scope.md,1tnGhgzCQ61E_fFPr7L5RciGyJalBlr1z,Trade_AI_Docs_v2/docs/llm_fleet/phase2_embedding_ab/v4_1_phase2b_execution_scope.md,1291,,2026-05-17T22:53:27.412Z,4
v4_1_phase2b_expand_5000_build_report.md,1_mL1K74ahi_MDFzo2iPGJ1uO7zzJExUgJvfscJ7Z6z8,Trade_AI_Docs_v2/docs/_archive/2026-05-24_cleanup/completed_phases/phase2_embedding_ab/v4_1_phase2b_expand_5000_build_report.md,2663,,2026-05-28T18:06:17.452Z,2
v4_1_phase2b_expand_5000_build_report.md,1bM7CbA7WIV9Pn4yz1XFsPnIF1v_msnfs,Trade_AI_Docs_v2/docs/llm_fleet/phase2_embedding_ab/v4_1_phase2b_expand_5000_build_report.md,1118,,2026-05-17T23:12:09.208Z,2
v4_1_phase2b_expand_5000_build_results.json,1dF8QbmOHTZ3CwGNcUkCRJK61RSbXXWup,Trade_AI_Docs_v2/docs/_archive/2026-05-24_cleanup/completed_phases/phase2_embedding_ab/v4_1_phase2b_expand_5000_build_results.json,661,,2026-05-28T18:04:56.077Z,2
v4_1_phase2b_expand_5000_build_results.json,1xSEAXY9Mh3Rgke-FvXfxqxHZdrFmoY42,Trade_AI_Docs_v2/docs/llm_fleet/phase2_embedding_ab/v4_1_phase2b_expand_5000_build_results.json,661,,2026-05-17T23:11:13.711Z,2
v4_1_phase2b_expand_5000_coverage_gap.md,15hZAblncVGF3MylPoYPaU4qfDtoBav3qTiLfuUpwL3o,Trade_AI_Docs_v2/docs/_archive/2026-05-24_cleanup/completed_phases/phase2_embedding_ab/v4_1_phase2b_expand_5000_coverage_gap.md,3460,,2026-05-28T18:07:13.413Z,2
v4_1_phase2b_expand_5000_coverage_gap.md,1fSLFBz45AvrAke4E1Up8CY7sAcpUSjHK,Trade_AI_Docs_v2/docs/llm_fleet/phase2_embedding_ab/v4_1_phase2b_expand_5000_coverage_gap.md,2450,,2026-05-17T23:12:42.802Z,2
v4_1_phase2b_expand_5000_parallel_retrieval_report.md,1Uct_GORbiNxSO6vcmXQSU-N9dpMwq2O0ivvuA-stV-8,Trade_AI_Docs_v2/docs/_archive/2026-05-24_cleanup/completed_phases/phase2_embedding_ab/v4_1_phase2b_expand_5000_parallel_retrieval_report.md,8594,,2026-05-28T18:06:14.478Z,2
v4_1_phase2b_expand_5000_parallel_retrieval_report.md,1zNfY6JOA0j6uSs8N_8PTimijfdWgse_T,Trade_AI_Docs_v2/docs/llm_fleet/phase2_embedding_ab/v4_1_phase2b_expand_5000_parallel_retrieval_report.md,8492,,2026-05-17T23:12:07.530Z,2
v4_1_phase2b_expand_5000_parallel_retrieval_results.json,1XAEn3y0ZMATwG0fzq2jeKZ6cPnxHo-4p,Trade_AI_Docs_v2/docs/_archive/2026-05-24_cleanup/completed_phases/phase2_embedding_ab/v4_1_phase2b_expand_5000_parallel_retrieval_results.json,88172,,2026-05-28T18:04:40.819Z,3
v4_1_phase2b_expand_5000_parallel_retrieval_results.json,1WEkvfYU04ZR54m3NfFvmRxzOBKYKkWvb,Trade_AI_Docs_v2/docs/llm_fleet/phase2_embedding_ab/v4_1_phase2b_expand_5000_parallel_retrieval_results.json,88172,,2026-05-17T23:10:47.120Z,3
v4_1_phase2b_expand_5000_parallel_retrieval_results.json,1loReiORfrb5q400m90rzDo56bEOv1J5-,Trade_AI_Docs_v2/docs/llm_fleet/phase2_embedding_ab/v4_1_phase2b_expand_5000_parallel_retrieval_results.json,88172,,2026-05-17T22:53:34.702Z,3
v4_1_phase2b_expand_5000_preflight.md,1qDUDgdmc3R8_JV-SYeJtJmG8c4zdKTyXd1uDoc6pMAw,Trade_AI_Docs_v2/docs/_archive/2026-05-24_cleanup/completed_phases/phase2_embedding_ab/v4_1_phase2b_expand_5000_preflight.md,2994,,2026-05-28T18:07:23.733Z,2
v4_1_phase2b_expand_5000_preflight.md,1nxdGnVvGvlTk-3wYtdRV61gXHsSlP9T8,Trade_AI_Docs_v2/docs/llm_fleet/phase2_embedding_ab/v4_1_phase2b_expand_5000_preflight.md,1365,,2026-05-17T23:12:48.570Z,2
v4_1_phase2b_expand_5000_scope.md,1rANUZAT-DghBPOwQPohl4CwACISVKbrGDaELEBaAwk8,Trade_AI_Docs_v2/docs/_archive/2026-05-24_cleanup/completed_phases/phase2_embedding_ab/v4_1_phase2b_expand_5000_scope.md,2757,,2026-05-28T18:05:02.985Z,3
v4_1_phase2b_expand_5000_scope.md,1N3oglEjZugDb7z3pCcCecBBpDuTSJFrKQ0oQnOuH5w8,Trade_AI_Docs_v2/docs/llm_fleet/phase2_embedding_ab/v4_1_phase2b_expand_5000_scope.md,2757,,2026-05-21T02:28:38.068Z,3
v4_1_phase2b_expand_5000_scope.md,1hGoVbzbKugDI0HAIoA69FhogcTJlEX8z,Trade_AI_Docs_v2/docs/llm_fleet/phase2_embedding_ab/v4_1_phase2b_expand_5000_scope.md,1679,,2026-05-17T23:11:17.329Z,3
v4_1_phase2b_parallel_index_design.md,14EfhNK4SWNUiSK3zSGRjv4sH2AXrFXurtVhXSth6WLk,Trade_AI_Docs_v2/docs/_archive/2026-05-24_cleanup/completed_phases/phase2_embedding_ab/v4_1_phase2b_parallel_index_design.md,8971,,2026-05-28T18:04:59.328Z,3
v4_1_phase2b_parallel_index_design.md,16szB89mwl9G9_ct1tzX8MR4yr2slBHN4yZMVwlXW1sI,Trade_AI_Docs_v2/docs/llm_fleet/phase2_embedding_ab/v4_1_phase2b_parallel_index_design.md,8963,,2026-05-21T02:28:34.710Z,3
v4_1_phase2b_parallel_index_design.md,17dz-UtpXbHUcbfN2sEDbU5NzaZvYOZMt,Trade_AI_Docs_v2/docs/llm_fleet/phase2_embedding_ab/v4_1_phase2b_parallel_index_design.md,6025,,2026-05-17T23:11:15.385Z,3
v4_1_phase2b_parallel_retrieval_report.md,11LLJ8R_k4GuW3JQ3cwfShd7Sbt-Jkh93KlfXS817eOE,Trade_AI_Docs_v2/docs/_archive/2026-05-24_cleanup/completed_phases/phase2_embedding_ab/v4_1_phase2b_parallel_retrieval_report.md,8436,,2026-05-28T18:06:11.067Z,3
v4_1_phase2b_parallel_retrieval_report.md,1X-yb9sW23j1S85Q0w80OFabcoh2_k70Q38vSVz1eOfs,Trade_AI_Docs_v2/docs/llm_fleet/phase2_embedding_ab/v4_1_phase2b_parallel_retrieval_report.md,8322,,2026-05-21T02:29:35.495Z,3
v4_1_phase2b_parallel_retrieval_report.md,1phRT7L6uOHPG2t87CmON5AK2R4gW3kb8,Trade_AI_Docs_v2/docs/llm_fleet/phase2_embedding_ab/v4_1_phase2b_parallel_retrieval_report.md,8291,,2026-05-17T23:12:05.839Z,3
v4_1_phase2b_parallel_retrieval_results.json,1VImzWVLBf8k22X3U68SbVVSMP7qEZKi_,Trade_AI_Docs_v2/docs/_archive/2026-05-24_cleanup/completed_phases/phase2_embedding_ab/v4_1_phase2b_parallel_retrieval_results.json,86797,,2026-05-28T18:04:50.514Z,2
v4_1_phase2b_parallel_retrieval_results.json,1qIXHRG9J5iIS4xhO4p-9q4NXdmHjSJ1v,Trade_AI_Docs_v2/docs/llm_fleet/phase2_embedding_ab/v4_1_phase2b_parallel_retrieval_results.json,86797,,2026-05-17T23:11:03.040Z,2
v4_1_phase2b_preflight.md,1W_prEvccKqrB20nFapfImf0xG2bqOp3w5yd3rcrlchg,Trade_AI_Docs_v2/docs/_archive/2026-05-24_cleanup/completed_phases/phase2_embedding_ab/v4_1_phase2b_preflight.md,2434,,2026-05-28T18:05:46.535Z,3
v4_1_phase2b_preflight.md,15MoBLiqwFVct55RdKKFXi9R3muDSeUOZivq4JqcKMrc,Trade_AI_Docs_v2/docs/llm_fleet/phase2_embedding_ab/v4_1_phase2b_preflight.md,2430,,2026-05-21T02:29:12.610Z,3
v4_1_phase2b_preflight.md,1JjT9YaWqGFwrUnDtg66cq1vFsA41KrJZ,Trade_AI_Docs_v2/docs/llm_fleet/phase2_embedding_ab/v4_1_phase2b_preflight.md,844,,2026-05-17T23:11:50.018Z,3
v4_1_phase2b_schema_discovery.md,1nQlw-0JoxXINn3z33GwKT80-SRCJiYUPcbgb8h_JMOI,Trade_AI_Docs_v2/docs/_archive/2026-05-24_cleanup/completed_phases/phase2_embedding_ab/v4_1_phase2b_schema_discovery.md,3164,,2026-05-28T18:05:57.194Z,3
v4_1_phase2b_schema_discovery.md,1q5qbQ4307aHeTFLmvTJnWeL2E2S_KIUAwimeiKji1Bw,Trade_AI_Docs_v2/docs/llm_fleet/phase2_embedding_ab/v4_1_phase2b_schema_discovery.md,3142,,2026-05-21T02:29:22.286Z,3
v4_1_phase2b_schema_discovery.md,1Dcvf9LfdwGAOCkB_gd2dFN-cQE0wkN5S,Trade_AI_Docs_v2/docs/llm_fleet/phase2_embedding_ab/v4_1_phase2b_schema_discovery.md,1685,,2026-05-17T23:11:55.365Z,3
v4_1_phase2c_evaluation_report.md,1P4zmvdUi_EbU_hd21SHO0Yi5c9SwrWlto9BgTItHnw4,Trade_AI_Docs_v2/docs/_archive/2026-05-24_cleanup/completed_phases/phase2_embedding_ab/v4_1_phase2c_evaluation_report.md,5053,,2026-05-28T18:05:22.249Z,3
v4_1_phase2c_evaluation_report.md,1xLHLaJNMfJbh36P-oQV86ItcB5RuI_FCs8cDFZPUr4o,Trade_AI_Docs_v2/docs/llm_fleet/phase2_embedding_ab/v4_1_phase2c_evaluation_report.md,5014,,2026-05-21T02:28:52.037Z,3
v4_1_phase2c_evaluation_report.md,1hLz5eNx6LPHjQDJE3NZUJiOZjwQcocJ0,Trade_AI_Docs_v2/docs/llm_fleet/phase2_embedding_ab/v4_1_phase2c_evaluation_report.md,3923,,2026-05-17T23:11:34.111Z,3
v4_1_phase2c_execution_scope.md,1y3Jtmx5fSuOhWCl1doSpzF8M7CQDS40vU2vGDfhb4Ow,Trade_AI_Docs_v2/docs/_archive/2026-05-24_cleanup/completed_phases/phase2_embedding_ab/v4_1_phase2c_execution_scope.md,2755,,2026-05-28T18:04:54.537Z,3
v4_1_phase2c_execution_scope.md,19xdcVe53bUr-bH2wyf8BFMmZa9Na_T1WKPLw1AAeNqk,Trade_AI_Docs_v2/docs/llm_fleet/phase2_embedding_ab/v4_1_phase2c_execution_scope.md,2741,,2026-05-21T02:28:31.464Z,3
v4_1_phase2c_execution_scope.md,1sVhhvOgyDel3k-nFp6xCRnx2K14XUkBV,Trade_AI_Docs_v2/docs/llm_fleet/phase2_embedding_ab/v4_1_phase2c_execution_scope.md,1311,,2026-05-17T23:11:11.850Z,3
v4_1_phase2c_expand_5000_hybrid_retrieval_report.md,1N8Uoc15KY0XCjxatIKKFPu8ihjTUNrYpJKGlU69ga-g,Trade_AI_Docs_v2/docs/_archive/2026-05-24_cleanup/completed_phases/phase2_embedding_ab/v4_1_phase2c_expand_5000_hybrid_retrieval_report.md,7758,,2026-05-28T18:07:20.446Z,2
v4_1_phase2c_expand_5000_hybrid_retrieval_report.md,1pueEwjfFmdEDmRqRfFn8YegRWO8sy24Z,Trade_AI_Docs_v2/docs/llm_fleet/phase2_embedding_ab/v4_1_phase2c_expand_5000_hybrid_retrieval_report.md,8330,,2026-05-17T23:12:46.423Z,2
v4_1_phase2c_expand_5000_hybrid_retrieval_results.json,1BeuvagG-q4X_q2BS4ME16j-eGKfFSWcg,Trade_AI_Docs_v2/docs/_archive/2026-05-24_cleanup/completed_phases/phase2_embedding_ab/v4_1_phase2c_expand_5000_hybrid_retrieval_results.json,141198,,2026-05-28T18:05:16.096Z,2
v4_1_phase2c_expand_5000_hybrid_retrieval_results.json,1nwlRdbPwe9F8W922anP9OLDZfskRDCsb,Trade_AI_Docs_v2/docs/llm_fleet/phase2_embedding_ab/v4_1_phase2c_expand_5000_hybrid_retrieval_results.json,141198,,2026-05-17T23:11:29.430Z,2
v4_1_phase2c_friday_hybrid_enable.md,1Xysk_ZmglamZx-gkgvcu_d34rsph0MIrqOw1ccamldM,Trade_AI_Docs_v2/docs/_archive/2026-05-24_cleanup/completed_phases/phase2_embedding_ab/v4_1_phase2c_friday_hybrid_enable.md,2424,,2026-05-28T18:05:50.098Z,3
v4_1_phase2c_friday_hybrid_enable.md,1QUEeITnLf85G0ljI17ElH7LNgQVawKW-OLitUDyrCS4,Trade_AI_Docs_v2/docs/llm_fleet/phase2_embedding_ab/v4_1_phase2c_friday_hybrid_enable.md,2427,,2026-05-21T02:29:15.661Z,3
v4_1_phase2c_friday_hybrid_enable.md,1s3BFitUE82ccJXouKGGzXMWUianO3JI9,Trade_AI_Docs_v2/docs/llm_fleet/phase2_embedding_ab/v4_1_phase2c_friday_hybrid_enable.md,1008,,2026-05-17T23:11:51.814Z,3
v4_1_phase2c_hybrid_retrieval_design.md,1_Kf3B29UF-4-kY_YHvGPiyLcrhY6xkXRjuzMCWXCRlE,Trade_AI_Docs_v2/docs/_archive/2026-05-24_cleanup/completed_phases/phase2_embedding_ab/v4_1_phase2c_hybrid_retrieval_design.md,11477,,2026-05-28T18:04:44.565Z,4
v4_1_phase2c_hybrid_retrieval_design.md,1Ntbpl5bPQWTzFBCk_69N37ZMRc0ityDGrDPckPumT8w,Trade_AI_Docs_v2/docs/llm_fleet/phase2_embedding_ab/v4_1_phase2c_hybrid_retrieval_design.md,11505,,2026-05-21T02:28:24.869Z,4
v4_1_phase2c_hybrid_retrieval_design.md,1h-9meECl7ph5lNdgOagS4TJ2M2LQsoQi,Trade_AI_Docs_v2/docs/llm_fleet/phase2_embedding_ab/v4_1_phase2c_hybrid_retrieval_design.md,8557,,2026-05-17T23:10:48.867Z,4
v4_1_phase2c_hybrid_retrieval_design.md,1XzS4FGh-GiANb1ye-SaImKybi6W8iuU5,Trade_AI_Docs_v2/docs/llm_fleet/phase2_embedding_ab/v4_1_phase2c_hybrid_retrieval_design.md,8557,,2026-05-17T22:53:36.547Z,4
v4_1_phase2c_hybrid_retrieval_report.md,151i0zjdoq3IAsrJ3sbvBWNq0yyL61Jo_oAY_oTlp04k,Trade_AI_Docs_v2/docs/_archive/2026-05-24_cleanup/completed_phases/phase2_embedding_ab/v4_1_phase2c_hybrid_retrieval_report.md,7706,,2026-05-28T18:06:55.918Z,2
v4_1_phase2c_hybrid_retrieval_report.md,1g1UX39DY830u9zDlaUaqJdhFpVXcrEfp,Trade_AI_Docs_v2/docs/llm_fleet/phase2_embedding_ab/v4_1_phase2c_hybrid_retrieval_report.md,8094,,2026-05-17T23:12:32.312Z,2
v4_1_phase2c_hybrid_retrieval_results.json,1vhCBTbljqsLMN8nKomv-7eUwTVlfQO_A,Trade_AI_Docs_v2/docs/_archive/2026-05-24_cleanup/completed_phases/phase2_embedding_ab/v4_1_phase2c_hybrid_retrieval_results.json,139507,,2026-05-28T18:05:18.192Z,2
v4_1_phase2c_hybrid_retrieval_results.json,1lc30f98fd08Nj0LmWV20JbIaESsayLWP,Trade_AI_Docs_v2/docs/llm_fleet/phase2_embedding_ab/v4_1_phase2c_hybrid_retrieval_results.json,139507,,2026-05-17T23:11:31.104Z,2
v4_1_phase2c_monitoring_rollback_fix.md,14ylcZqPjltNYYAU_RsFzlYhRoJFkXd3tm1g4tR0w5eI,Trade_AI_Docs_v2/docs/_archive/2026-05-24_cleanup/completed_phases/phase2_embedding_ab/v4_1_phase2c_monitoring_rollback_fix.md,2754,,2026-05-28T18:06:50.306Z,2
v4_1_phase2c_monitoring_rollback_fix.md,1n4QyEk-ButyCnQAGpQXys8RJCI6OWA7M,Trade_AI_Docs_v2/docs/llm_fleet/phase2_embedding_ab/v4_1_phase2c_monitoring_rollback_fix.md,1461,,2026-05-17T23:12:28.716Z,2
v4_1_phase2c_nightly_enable_scope.md,1DLlMasFogQAnbusqlVv04HdgioF3cX0ZL6JgGFOFxow,Trade_AI_Docs_v2/docs/_archive/2026-05-24_cleanup/completed_phases/phase2_embedding_ab/v4_1_phase2c_nightly_enable_scope.md,4619,,2026-05-28T18:06:46.921Z,2
v4_1_phase2c_nightly_enable_scope.md,1NSzQtIrKW5Ey5Zz5raAtqdkIH2xtDPBW,Trade_AI_Docs_v2/docs/llm_fleet/phase2_embedding_ab/v4_1_phase2c_nightly_enable_scope.md,2792,,2026-05-17T23:12:26.909Z,2
v4_1_phase2c_offline_integration_pilot_report.md,1PUlj--yc-0AuRLkSbZT6w0ai6h5Bwgz3iBaMEXsdaTM,Trade_AI_Docs_v2/docs/_archive/2026-05-24_cleanup/completed_phases/phase2_embedding_ab/v4_1_phase2c_offline_integration_pilot_report.md,6008,,2026-05-28T18:07:30.736Z,2
v4_1_phase2c_offline_integration_pilot_report.md,10gvZ5B3P5Y57TvJKhXe9JQnTaYdtUXjM,Trade_AI_Docs_v2/docs/llm_fleet/phase2_embedding_ab/v4_1_phase2c_offline_integration_pilot_report.md,4911,,2026-05-17T23:12:52.197Z,2
v4_1_phase2c_offline_integration_pilot_results.json,1VVqYVBzzivAWDVk_g9joYkKgk5SPfkE0,Trade_AI_Docs_v2/docs/_archive/2026-05-24_cleanup/completed_phases/phase2_embedding_ab/v4_1_phase2c_offline_integration_pilot_results.json,1487,,2026-05-28T18:07:06.758Z,2
v4_1_phase2c_offline_integration_pilot_results.json,1DY0-m4n7k6itQZDYZpWuSVOJljCIbS_d,Trade_AI_Docs_v2/docs/llm_fleet/phase2_embedding_ab/v4_1_phase2c_offline_integration_pilot_results.json,1487,,2026-05-17T23:12:39.184Z,2
v4_1_phase2c_offline_integration_scope.md,154OUsaSsm4NiVafENcCfGoboIuvRwK-PoMxtfX6SdjI,Trade_AI_Docs_v2/docs/_archive/2026-05-24_cleanup/completed_phases/phase2_embedding_ab/v4_1_phase2c_offline_integration_scope.md,2820,,2026-05-28T18:04:20.558Z,4
v4_1_phase2c_offline_integration_scope.md,1NUDdzRkBofu1ehjzf6njj8Dd5ieKtGu0gCZDEAL6oHE,Trade_AI_Docs_v2/docs/llm_fleet/phase2_embedding_ab/v4_1_phase2c_offline_integration_scope.md,2796,,2026-05-21T02:28:04.209Z,4
v4_1_phase2c_offline_integration_scope.md,1WRskxKsaBvShb3EtApmv8znLc5Fk-YiN,Trade_AI_Docs_v2/docs/llm_fleet/phase2_embedding_ab/v4_1_phase2c_offline_integration_scope.md,1713,,2026-05-17T23:10:34.707Z,4
v4_1_phase2c_offline_integration_scope.md,1AaifuLmQZA9PFmvwmyqACdxkHXCAvnG-,Trade_AI_Docs_v2/docs/llm_fleet/phase2_embedding_ab/v4_1_phase2c_offline_integration_scope.md,1713,,2026-05-17T22:53:22.257Z,4
v4_1_phase2c_preflight.md,1A9Ovvfm8iljYmO1vuCUGGbcBjdRe1kRX4BA_U2Xz7zs,Trade_AI_Docs_v2/docs/_archive/2026-05-24_cleanup/completed_phases/phase2_embedding_ab/v4_1_phase2c_preflight.md,1930,,2026-05-28T18:04:48.596Z,4
v4_1_phase2c_preflight.md,1oK46iBLNiUZQ8lHLM3T44WwDC2am48lqqyTegiOa60A,Trade_AI_Docs_v2/docs/llm_fleet/phase2_embedding_ab/v4_1_phase2c_preflight.md,1927,,2026-05-21T02:28:28.278Z,4
v4_1_phase2c_preflight.md,1gidC7eT86OizBHYmDSFmKRD5KE2u5sml,Trade_AI_Docs_v2/docs/llm_fleet/phase2_embedding_ab/v4_1_phase2c_preflight.md,765,,2026-05-17T23:10:50.556Z,4
v4_1_phase2c_preflight.md,1fazADpjY2cfo_0qZCrD1-REh_NtHhP-x,Trade_AI_Docs_v2/docs/llm_fleet/phase2_embedding_ab/v4_1_phase2c_preflight.md,765,,2026-05-17T22:53:38.353Z,4
v4_1_phase2d_bounded_offline_promotion.md,1MraNN1q_-K7AZFJ9mJNb1XjCmbdTf8Amgb9xnZBL0-c,Trade_AI_Docs_v2/docs/_archive/2026-05-24_cleanup/completed_phases/phase2_embedding_ab/v4_1_phase2d_bounded_offline_promotion.md,2400,,2026-05-28T18:04:36.029Z,4
v4_1_phase2d_bounded_offline_promotion.md,128g2zgArHjqG79qswRym7j51VKWIkj5IAGsjKd3qap4,Trade_AI_Docs_v2/docs/llm_fleet/phase2_embedding_ab/v4_1_phase2d_bounded_offline_promotion.md,2409,,2026-05-21T02:28:17.289Z,4
v4_1_phase2d_bounded_offline_promotion.md,1rXqb5Xqm4muk_L9rNRFr_bvxV3Qc5AhD,Trade_AI_Docs_v2/docs/llm_fleet/phase2_embedding_ab/v4_1_phase2d_bounded_offline_promotion.md,1555,,2026-05-17T23:10:43.737Z,4
v4_1_phase2d_bounded_offline_promotion.md,1xBYYvRfoy5i4JH4udZXJCOgfVOrKSqe9,Trade_AI_Docs_v2/docs/llm_fleet/phase2_embedding_ab/v4_1_phase2d_bounded_offline_promotion.md,1555,,2026-05-17T22:53:31.092Z,4
v4_1_phase2d_embedding_promotion_checklist.md,1UMbCQKfB-VAVSr8uL7ePR3mgiiHNU8NWKZ3unhx0QZs,Trade_AI_Docs_v2/docs/_archive/2026-05-24_cleanup/completed_phases/phase2_embedding_ab/v4_1_phase2d_embedding_promotion_checklist.md,9254,,2026-05-28T18:05:10.500Z,3
v4_1_phase2d_embedding_promotion_checklist.md,1Mei96rBr7yB4us__xT_t5BG4q8DwwPczq35ChCr82tk,Trade_AI_Docs_v2/docs/llm_fleet/phase2_embedding_ab/v4_1_phase2d_embedding_promotion_checklist.md,9256,,2026-05-21T02:28:45.329Z,3
v4_1_phase2d_embedding_promotion_checklist.md,1FTKDbXgyNoai_fmslAxvdPBWz8nVoJX_,Trade_AI_Docs_v2/docs/llm_fleet/phase2_embedding_ab/v4_1_phase2d_embedding_promotion_checklist.md,6775,,2026-05-17T23:11:24.805Z,3
v4_1_phase2e_global_shadow_build_results.json,1y90fUJVLPP7RROCIIF6FbyTbC6PnwNOL,Trade_AI_Docs_v2/docs/_archive/2026-05-24_cleanup/completed_phases/phase2_embedding_ab/v4_1_phase2e_global_shadow_build_results.json,610,,2026-05-28T18:06:19.187Z,2
v4_1_phase2e_global_shadow_build_results.json,12HFkxukWi0YbqNdnzF7gJp0KYoXazvdA,Trade_AI_Docs_v2/docs/llm_fleet/phase2_embedding_ab/v4_1_phase2e_global_shadow_build_results.json,610,,2026-05-17T23:12:10.900Z,2
v4_1_phase2e_global_shadow_index_preflight.md,1HRKPa1bGh-P6-54jnlFD6IBc1rwZUaKh9oPEPMjT40s,Trade_AI_Docs_v2/docs/_archive/2026-05-24_cleanup/completed_phases/phase2_embedding_ab/v4_1_phase2e_global_shadow_index_preflight.md,1636,,2026-05-28T18:07:16.928Z,2
v4_1_phase2e_global_shadow_index_preflight.md,1ieB-ZeaTIaHjOsJWSOpNlr8Wyi--nE4-,Trade_AI_Docs_v2/docs/llm_fleet/phase2_embedding_ab/v4_1_phase2e_global_shadow_index_preflight.md,613,,2026-05-17T23:12:44.685Z,2
v4_1_phase2e_global_shadow_index_scope.md,1Y4JlRFzUd3XlsFIo8nIs8UdmUscthf-RCfMip_mNLaI,Trade_AI_Docs_v2/docs/_archive/2026-05-24_cleanup/completed_phases/phase2_embedding_ab/v4_1_phase2e_global_shadow_index_scope.md,2151,,2026-05-28T18:06:26.878Z,2
v4_1_phase2e_global_shadow_index_scope.md,15FkQDZIbMAXCNuBJxhwQ08VRh9axNziY,Trade_AI_Docs_v2/docs/llm_fleet/phase2_embedding_ab/v4_1_phase2e_global_shadow_index_scope.md,1194,,2026-05-17T23:12:14.475Z,2
v4_1_phase2e_shadow_schema_report.md,1NIyRpaqkQdB6vaLKV5dwJ6eCs3w9qK9uRKacas2AGj0,Trade_AI_Docs_v2/docs/_archive/2026-05-24_cleanup/completed_phases/phase2_embedding_ab/v4_1_phase2e_shadow_schema_report.md,2861,,2026-05-28T18:06:04.142Z,3
v4_1_phase2e_shadow_schema_report.md,1LfNo0ixNQsCKFtsyOSlhIzlAXkpYs7zK_ZLV2uWyzGY,Trade_AI_Docs_v2/docs/llm_fleet/phase2_embedding_ab/v4_1_phase2e_shadow_schema_report.md,2855,,2026-05-21T02:29:28.535Z,3
v4_1_phase2e_shadow_schema_report.md,1P2OkJolzsb7ngBKuBKKUsWRVb6-9veuX,Trade_AI_Docs_v2/docs/llm_fleet/phase2_embedding_ab/v4_1_phase2e_shadow_schema_report.md,1240,,2026-05-17T23:12:02.451Z,3
v4_1_phase2e_shadow_seed_report.md,1WZ9ms1DEATR3TWUbMVvGOTge9Z74qM5Dq-tvk_sfTsQ,Trade_AI_Docs_v2/docs/_archive/2026-05-24_cleanup/completed_phases/phase2_embedding_ab/v4_1_phase2e_shadow_seed_report.md,1896,,2026-05-28T18:05:42.795Z,3
v4_1_phase2e_shadow_seed_report.md,1MUlf12UqZ5vFK-q9t6vT6OQ6itjKBNyFrJzvWpE-OUg,Trade_AI_Docs_v2/docs/llm_fleet/phase2_embedding_ab/v4_1_phase2e_shadow_seed_report.md,1916,,2026-05-21T02:29:08.963Z,3
v4_1_phase2e_shadow_seed_report.md,12XnNs9SjF3suY3bh-JmRb8Hwm_RRZO6P,Trade_AI_Docs_v2/docs/llm_fleet/phase2_embedding_ab/v4_1_phase2e_shadow_seed_report.md,783,,2026-05-17T23:11:46.329Z,3
v4_1_phase2f_global_shadow_query_set.md,1hqQop1yfjdhkytL-zZO8ysv3NqWlUWml_Nv-UuqnyM0,Trade_AI_Docs_v2/docs/_archive/2026-05-24_cleanup/completed_phases/phase2_embedding_ab/v4_1_phase2f_global_shadow_query_set.md,6344,,2026-05-28T18:04:39.183Z,4
v4_1_phase2f_global_shadow_query_set.md,1_56r6shu2EDXbk85VVZ4-bJ0lu2FNorUKfMUJ2_She8,Trade_AI_Docs_v2/docs/llm_fleet/phase2_embedding_ab/v4_1_phase2f_global_shadow_query_set.md,6371,,2026-05-21T02:28:21.061Z,4
v4_1_phase2f_global_shadow_query_set.md,18h2LCnlv4yL4e0ERGJ62YN6fjB3yRbNt,Trade_AI_Docs_v2/docs/llm_fleet/phase2_embedding_ab/v4_1_phase2f_global_shadow_query_set.md,8068,,2026-05-17T23:10:45.456Z,4
v4_1_phase2f_global_shadow_query_set.md,134HsJQxsSCIAv5lptRre_lq_8ocGq9sK,Trade_AI_Docs_v2/docs/llm_fleet/phase2_embedding_ab/v4_1_phase2f_global_shadow_query_set.md,8068,,2026-05-17T22:53:32.983Z,4
v4_1_phase2f_global_shadow_retrieval_report.md,1Y2ztZmWzdqSFf-4Oe6Gvn39JblkzA-cOt8uI1J1CUvA,Trade_AI_Docs_v2/docs/_archive/2026-05-24_cleanup/completed_phases/phase2_embedding_ab/v4_1_phase2f_global_shadow_retrieval_report.md,15799,,2026-05-28T18:07:03.319Z,2
v4_1_phase2f_global_shadow_retrieval_report.md,10-JxRAnDWFwvBXaKdbwz4fgwxVz7dgG-,Trade_AI_Docs_v2/docs/llm_fleet/phase2_embedding_ab/v4_1_phase2f_global_shadow_retrieval_report.md,18678,,2026-05-17T23:12:35.842Z,2
v4_1_phase2f_global_shadow_retrieval_results.json,1SgNhKf1xeC8nT5u77OXUc-5Qp-1vYEpW,Trade_AI_Docs_v2/docs/_archive/2026-05-24_cleanup/completed_phases/phase2_embedding_ab/v4_1_phase2f_global_shadow_retrieval_results.json,355883,,2026-05-28T18:05:23.945Z,2
v4_1_phase2f_global_shadow_retrieval_results.json,131Btzw_6w6NpgVg2nV5WOfvlpHlRR92K,Trade_AI_Docs_v2/docs/llm_fleet/phase2_embedding_ab/v4_1_phase2f_global_shadow_retrieval_results.json,355883,,2026-05-17T23:11:36.359Z,2
v4_1_phase2f_global_shadow_retrieval_sample_report.md,1u7-vhyD46YWAsJQ5Z1rpTT6lMhVWYq47GTm0rjoObrM,Trade_AI_Docs_v2/docs/_archive/2026-05-24_cleanup/completed_phases/phase2_embedding_ab/v4_1_phase2f_global_shadow_retrieval_sample_report.md,11856,,2026-05-28T18:04:32.486Z,4
v4_1_phase2f_global_shadow_retrieval_sample_report.md,1YB41ARhair_kWnP1OpgphOiXO7uf1dAiUPSWyQA7eF8,Trade_AI_Docs_v2/docs/llm_fleet/phase2_embedding_ab/v4_1_phase2f_global_shadow_retrieval_sample_report.md,11862,,2026-05-21T02:28:14.358Z,4
v4_1_phase2f_global_shadow_retrieval_sample_report.md,1r5KRpIwpc2TwCS9TroDZ_orM-4kcUlk4,Trade_AI_Docs_v2/docs/llm_fleet/phase2_embedding_ab/v4_1_phase2f_global_shadow_retrieval_sample_report.md,13010,,2026-05-17T23:10:41.855Z,4
v4_1_phase2f_global_shadow_retrieval_sample_report.md,1sALlSgXOJ_RO2IKXDxX2J5ZXGlB9P6Ta,Trade_AI_Docs_v2/docs/llm_fleet/phase2_embedding_ab/v4_1_phase2f_global_shadow_retrieval_sample_report.md,13010,,2026-05-17T22:53:29.209Z,4
v4_1_phase2f_global_shadow_retrieval_sample_results.json,19_Oj7_zs4wchGHBkTjnFc-CepefqhA59,Trade_AI_Docs_v2/docs/_archive/2026-05-24_cleanup/completed_phases/phase2_embedding_ab/v4_1_phase2f_global_shadow_retrieval_sample_results.json,37506,,2026-05-28T18:06:31.853Z,2
v4_1_phase2f_global_shadow_retrieval_sample_results.json,12vEP7Ru4gp0B_6NTdCRs_zjGpUfz3pRd,Trade_AI_Docs_v2/docs/llm_fleet/phase2_embedding_ab/v4_1_phase2f_global_shadow_retrieval_sample_results.json,37506,,2026-05-17T23:12:18.152Z,2
v4_1_phase2f_global_shadow_retrieval_scope.md,18r9tvmu0P_mfTQBVAgpsqS3MBRVYygmYY62F0PxVlok,Trade_AI_Docs_v2/docs/_archive/2026-05-24_cleanup/completed_phases/phase2_embedding_ab/v4_1_phase2f_global_shadow_retrieval_scope.md,1807,,2026-05-28T18:05:27.808Z,3
v4_1_phase2f_global_shadow_retrieval_scope.md,1-iwgv9CZUNJoiwUAb7wbTLfa4pZC6c224wODzA5qfHI,Trade_AI_Docs_v2/docs/llm_fleet/phase2_embedding_ab/v4_1_phase2f_global_shadow_retrieval_scope.md,1805,,2026-05-21T02:28:55.419Z,3
v4_1_phase2f_global_shadow_retrieval_scope.md,1GdvuO-q16B-JEl4va69avhg8eNaMJ0W-,Trade_AI_Docs_v2/docs/llm_fleet/phase2_embedding_ab/v4_1_phase2f_global_shadow_retrieval_scope.md,696,,2026-05-17T23:11:38.163Z,3
v4_1_phase2g_blocked_workflow_test_report.md,189QvMyYrqf3WUUwEdwMfR4a-_pYOXWpmd8DYmElyzKk,Trade_AI_Docs_v2/docs/_archive/2026-05-24_cleanup/completed_phases/phase2_embedding_ab/v4_1_phase2g_blocked_workflow_test_report.md,1385,,2026-05-28T18:04:17.668Z,4
v4_1_phase2g_blocked_workflow_test_report.md,1I4O8XmjaHFcUo4n5TOiL8d9NmphKcd2-Vbk3wB3J9n4,Trade_AI_Docs_v2/docs/llm_fleet/phase2_embedding_ab/v4_1_phase2g_blocked_workflow_test_report.md,1370,,2026-05-21T02:28:00.792Z,4
v4_1_phase2g_blocked_workflow_test_report.md,1dSb_6FfsQQbBMddfUe-Lyte7hU4ix4GD,Trade_AI_Docs_v2/docs/llm_fleet/phase2_embedding_ab/v4_1_phase2g_blocked_workflow_test_report.md,415,,2026-05-17T23:10:32.895Z,4
v4_1_phase2g_blocked_workflow_test_report.md,1OptPegBeCOC1vKRRhg_7FLnye_UlB_Z_,Trade_AI_Docs_v2/v4_1_phase2g_blocked_workflow_test_report.md,415,,2026-05-17T22:53:20.101Z,4
v4_1_phase2g_canary_observation_report.md,1GD-PPd_yTJ5iCEeS_qcrbF7TqvioZwkGZb8cXlJ7WbE,Trade_AI_Docs_v2/docs/_archive/2026-05-24_cleanup/completed_phases/phase2_embedding_ab/v4_1_phase2g_canary_observation_report.md,1319,,2026-05-28T18:06:00.767Z,3
v4_1_phase2g_canary_observation_report.md,1FITSWcUYYz7k65pHU1bqqKRFAF4tnns2Z_XuoBPJzgI,Trade_AI_Docs_v2/docs/llm_fleet/phase2_embedding_ab/v4_1_phase2g_canary_observation_report.md,1315,,2026-05-21T02:29:25.342Z,3
v4_1_phase2g_canary_observation_report.md,1MIf119qjHx1FX2T9OWD3CEexy4VgOWgW,Trade_AI_Docs_v2/docs/llm_fleet/phase2_embedding_ab/v4_1_phase2g_canary_observation_report.md,346,,2026-05-17T23:11:57.248Z,3
v4_1_phase2g_canary_observation_results.json,1pHd-DZtuGOPMSAHBVMqlZsB4Yzb1O6NI,Trade_AI_Docs_v2/docs/_archive/2026-05-24_cleanup/completed_phases/phase2_embedding_ab/v4_1_phase2g_canary_observation_results.json,188,,2026-05-28T18:06:33.668Z,2
v4_1_phase2g_canary_observation_results.json,1nGgrZ9r0ZTCAmrCTzw-ojZvIDJUpl2_A,Trade_AI_Docs_v2/docs/llm_fleet/phase2_embedding_ab/v4_1_phase2g_canary_observation_results.json,188,,2026-05-17T23:12:19.941Z,2
v4_1_phase2g_continuation_evaluation_report.md,1lld83jlEbLg_uNHF8n6IzhOcElxpSVWN2AWaMWqJJsI,Trade_AI_Docs_v2/docs/_archive/2026-05-24_cleanup/completed_phases/phase2_embedding_ab/v4_1_phase2g_continuation_evaluation_report.md,3271,,2026-05-28T18:06:30.211Z,2
v4_1_phase2g_continuation_evaluation_report.md,1syrj3p9220RkOHW-XpkI1Mm1Lx27vrEm,Trade_AI_Docs_v2/docs/llm_fleet/phase2_embedding_ab/v4_1_phase2g_continuation_evaluation_report.md,2087,,2026-05-17T23:12:16.365Z,2
v4_1_phase2g_expanded_canary_report.md,1ETspxv8SIWUI0OpEX1hZx0UzEn9eMNPjdFBi79gdFuM,Trade_AI_Docs_v2/docs/_archive/2026-05-24_cleanup/completed_phases/phase2_embedding_ab/v4_1_phase2g_expanded_canary_report.md,1567,,2026-05-28T18:07:34.049Z,2
v4_1_phase2g_expanded_canary_report.md,1BV1IONd9Wpcwzt6fLLUUzA13slJnTirv,Trade_AI_Docs_v2/docs/llm_fleet/phase2_embedding_ab/v4_1_phase2g_expanded_canary_report.md,613,,2026-05-17T23:12:54.026Z,2
v4_1_phase2g_expanded_canary_results.json,1kuiqGdiJHAI2a3TpHQzv5WBfJkFZm6F5,Trade_AI_Docs_v2/docs/_archive/2026-05-24_cleanup/completed_phases/phase2_embedding_ab/v4_1_phase2g_expanded_canary_results.json,16273,,2026-05-28T18:07:04.861Z,2
v4_1_phase2g_expanded_canary_results.json,1pRdgoU377Kdg1aXjSDcDLNr7Q_JpyHcA,Trade_AI_Docs_v2/docs/llm_fleet/phase2_embedding_ab/v4_1_phase2g_expanded_canary_results.json,16273,,2026-05-17T23:12:37.530Z,2
v4_1_phase2g_limited_canary_report.md,1bk4bgQMl2L8hfiELzYFcth_gMthAggfMznx144YFA4I,Trade_AI_Docs_v2/docs/_archive/2026-05-24_cleanup/completed_phases/phase2_embedding_ab/v4_1_phase2g_limited_canary_report.md,1522,,2026-05-28T18:05:14.276Z,3
v4_1_phase2g_limited_canary_report.md,1EYRT1-s4bFMgj7A08lzvrcqcH5NONP-NxI2O-_2BZXo,Trade_AI_Docs_v2/docs/llm_fleet/phase2_embedding_ab/v4_1_phase2g_limited_canary_report.md,1537,,2026-05-21T02:28:48.913Z,3
v4_1_phase2g_limited_canary_report.md,1_Meoikk49duCYJucQc2cxofLxoiVtFIz,Trade_AI_Docs_v2/docs/llm_fleet/phase2_embedding_ab/v4_1_phase2g_limited_canary_report.md,517,,2026-05-17T23:11:27.420Z,3
v4_1_phase2g_limited_canary_results.json,1T189bJ-vhjaMytvt_xA1tUmVwityJqJi,Trade_AI_Docs_v2/docs/_archive/2026-05-24_cleanup/completed_phases/phase2_embedding_ab/v4_1_phase2g_limited_canary_results.json,6854,,2026-05-28T18:04:26.187Z,3
v4_1_phase2g_limited_canary_results.json,1XLe-9jkhmCeiGqEH2kuI38GtSYbWtnzB,Trade_AI_Docs_v2/docs/llm_fleet/phase2_embedding_ab/v4_1_phase2g_limited_canary_results.json,6854,,2026-05-17T23:10:38.220Z,3
v4_1_phase2g_limited_canary_results.json,1iOALZ_Ka8VIyeOgvDOZV_MOkgE4abJFw,Trade_AI_Docs_v2/docs/llm_fleet/phase2_embedding_ab/v4_1_phase2g_limited_canary_results.json,6854,,2026-05-17T22:53:25.683Z,3
v4_1_phase2g_limited_canary_scope.md,1vs7SAE-HXZGNBr5yDq4Msvc1Maj1wOAusO3HtbRYlFs,Trade_AI_Docs_v2/docs/_archive/2026-05-24_cleanup/completed_phases/phase2_embedding_ab/v4_1_phase2g_limited_canary_scope.md,2358,,2026-05-28T18:07:27.567Z,2
v4_1_phase2g_limited_canary_scope.md,1RIbiveeYwtNBL57DGRSlISf641eS4l6D,Trade_AI_Docs_v2/docs/llm_fleet/phase2_embedding_ab/v4_1_phase2g_limited_canary_scope.md,1257,,2026-05-17T23:12:50.516Z,2
v4_1_phase2h_bounded_approval_audit_report.md,14l-RGbirVDHghd9tdVkABNZEszksUpd4VzQwInmG_4M,Trade_AI_Docs_v2/docs/_archive/2026-05-24_cleanup/completed_phases/phase2_embedding_ab/v4_1_phase2h_bounded_approval_audit_report.md,2038,,2026-05-28T18:07:10.289Z,2
v4_1_phase2h_bounded_approval_audit_report.md,1WLNA0leMLTn43zrEhTeeEKqWvT6gcgbb,Trade_AI_Docs_v2/docs/llm_fleet/phase2_embedding_ab/v4_1_phase2h_bounded_approval_audit_report.md,592,,2026-05-17T23:12:40.979Z,2
v4_1_phase2h_bounded_approval_audit_results.json,18cVXg49GyZ3KetNaG52aYMkNc7QQGkK3,Trade_AI_Docs_v2/docs/_archive/2026-05-24_cleanup/completed_phases/phase2_embedding_ab/v4_1_phase2h_bounded_approval_audit_results.json,1488,,2026-05-28T18:06:39.777Z,2
v4_1_phase2h_bounded_approval_audit_results.json,1Rg_QYoz50jqLINcKc7PNXAIyihbY8iEx,Trade_AI_Docs_v2/docs/llm_fleet/phase2_embedding_ab/v4_1_phase2h_bounded_approval_audit_results.json,1488,,2026-05-17T23:12:23.409Z,2
v4_1_phase2h_bounded_offline_hybrid_approval.md,1bNSXg4Lno5P_imsa8d3xIcC455cNpMHWp5bae0Lf9o0,Trade_AI_Docs_v2/docs/_archive/2026-05-24_cleanup/completed_phases/phase2_embedding_ab/v4_1_phase2h_bounded_offline_hybrid_approval.md,3099,,2026-05-28T18:05:06.750Z,3
v4_1_phase2h_bounded_offline_hybrid_approval.md,1z7hpFMJOSyWkCZb_xQ8MF4aA7IsRSxpVKi0fSeEcHis,Trade_AI_Docs_v2/docs/llm_fleet/phase2_embedding_ab/v4_1_phase2h_bounded_offline_hybrid_approval.md,3101,,2026-05-21T02:28:41.759Z,3
v4_1_phase2h_bounded_offline_hybrid_approval.md,1tbICfUeYJBDYsYDeGJXwMwLRN4SSbdcC,Trade_AI_Docs_v2/docs/llm_fleet/phase2_embedding_ab/v4_1_phase2h_bounded_offline_hybrid_approval.md,2239,,2026-05-17T23:11:19.253Z,3
v4_1_phase3_candidate_model_check.md,1HIcIv-5foPUpo-XtrpXxI1lBWKmQnpqZBdJBs-jFKYI,Trade_AI_Docs_v2/docs/_archive/2026-05-24_cleanup/completed_phases/phase3_media_prose/v4_1_phase3_candidate_model_check.md,3158,,2026-05-28T18:18:06.834Z,2
v4_1_phase3_candidate_model_check.md,1Qdhb2JHOsc7L1mlLWr63_RP-QaCp-qkG,Trade_AI_Docs_v2/docs/llm_fleet/phase3_media_prose/v4_1_phase3_candidate_model_check.md,1788,,2026-05-17T23:13:04.506Z,2
v4_1_phase3_evaluation_report.md,1ulA8MTUqtgIogytSr2aQ5OO-7xkHJ70Q16BTEoQGmnA,Trade_AI_Docs_v2/docs/_archive/2026-05-24_cleanup/completed_phases/phase3_media_prose/v4_1_phase3_evaluation_report.md,2801,,2026-05-28T18:18:25.295Z,2
v4_1_phase3_evaluation_report.md,1vX1EYZ8-8Y2r9irnun0NuPtwrOhf18hW,Trade_AI_Docs_v2/docs/llm_fleet/phase3_media_prose/v4_1_phase3_evaluation_report.md,1500,,2026-05-17T23:13:15.850Z,2
v4_1_phase3_scope.md,1E930f_BY3sFvoW1CCX-Pn19mt1tl3AkNDMidj7zHS5s,Trade_AI_Docs_v2/docs/_archive/2026-05-24_cleanup/completed_phases/phase3_media_prose/v4_1_phase3_scope.md,2383,,2026-05-28T18:18:13.537Z,2
v4_1_phase3_scope.md,1JtKZc9LYJvRTEp31SN0V78SAlUgjyOKw,Trade_AI_Docs_v2/docs/llm_fleet/phase3_media_prose/v4_1_phase3_scope.md,1199,,2026-05-17T23:13:07.994Z,2
v4_1_phase3_workflow_discovery.md,1IYs958AhTWI6QSSFWGjAteC3Z6BgcPZ5ihyrSIIo9mE,Trade_AI_Docs_v2/docs/_archive/2026-05-24_cleanup/completed_phases/phase3_media_prose/v4_1_phase3_workflow_discovery.md,3078,,2026-05-28T18:18:01.310Z,2
v4_1_phase3_workflow_discovery.md,1OrETJmXSaMbd6iyNaxXEqqqvhoN8VQ2j,Trade_AI_Docs_v2/docs/llm_fleet/phase3_media_prose/v4_1_phase3_workflow_discovery.md,1806,,2026-05-17T23:13:00.521Z,2
v4_1_phase3a_gemma4_smoke_report.md,1ixzivj2pIo0sfu8pF9mEB8dK4FfEqws1wXaRbAdh65Q,Trade_AI_Docs_v2/docs/_archive/2026-05-24_cleanup/completed_phases/phase3_media_prose/v4_1_phase3a_gemma4_smoke_report.md,1452,,2026-05-28T18:18:22.135Z,2
v4_1_phase3a_gemma4_smoke_report.md,1PrkP-oa85QC15yWiIyQfs3xBr7oop5In,Trade_AI_Docs_v2/docs/llm_fleet/phase3_media_prose/v4_1_phase3a_gemma4_smoke_report.md,424,,2026-05-17T23:13:13.868Z,2
v4_1_phase3b_gemma3_4b_evaluation_report.md,1X3fBwWwK_1vMgDGXGZN2e3kaGV7X6m5sLEdwhDnMNEU,Trade_AI_Docs_v2/docs/_archive/2026-05-24_cleanup/completed_phases/phase3_media_prose/v4_1_phase3b_gemma3_4b_evaluation_report.md,3378,,2026-05-28T18:17:53.966Z,2
v4_1_phase3b_gemma3_4b_evaluation_report.md,1CsQkqmrEXYuwyfIkIVBWtPzbDjOlYxEO,Trade_AI_Docs_v2/docs/llm_fleet/phase3_media_prose/v4_1_phase3b_gemma3_4b_evaluation_report.md,1926,,2026-05-17T23:12:56.939Z,2
v4_1_phase3b_gemma3_4b_smoke_report.md,198Rl3YNxynjoRml0bSslmAhtcPULHo0fWaDWmQ8NHjU,Trade_AI_Docs_v2/docs/_archive/2026-05-24_cleanup/completed_phases/phase3_media_prose/v4_1_phase3b_gemma3_4b_smoke_report.md,1466,,2026-05-28T18:18:10.085Z,2
v4_1_phase3b_gemma3_4b_smoke_report.md,1qd9_cuNjGMKr1_MiJXpFAaMpG3LM6--M,Trade_AI_Docs_v2/docs/llm_fleet/phase3_media_prose/v4_1_phase3b_gemma3_4b_smoke_report.md,434,,2026-05-17T23:13:06.131Z,2
v4_1_phase3b_gemma3_4b_smoke_results.json,1fuw8EC09_6lya-E6Roa5JNnaaT_jE_NI,Trade_AI_Docs_v2/docs/_archive/2026-05-24_cleanup/completed_phases/phase3_media_prose/v4_1_phase3b_gemma3_4b_smoke_results.json,10283,,2026-05-28T18:18:03.069Z,2
v4_1_phase3b_gemma3_4b_smoke_results.json,1EA_bxZtOlkM-JqxcYmkTA8sp3nc9n2B6,Trade_AI_Docs_v2/docs/llm_fleet/phase3_media_prose/v4_1_phase3b_gemma3_4b_smoke_results.json,10283,,2026-05-17T23:13:02.358Z,2
v4_1_phase3d_expanded_pilot_report.md,1aebbR5gbK1uLm59AMOoks4jXpbczXXkct7C0LhjpZxo,Trade_AI_Docs_v2/docs/_archive/2026-05-24_cleanup/completed_phases/phase3_media_prose/v4_1_phase3d_expanded_pilot_report.md,1216,,2026-05-28T18:18:30.578Z,2
v4_1_phase3d_expanded_pilot_report.md,1OcAmWx4lbx9baoQDrV-LJIUNP_Bq9jpS,Trade_AI_Docs_v2/docs/llm_fleet/phase3_media_prose/v4_1_phase3d_expanded_pilot_report.md,214,,2026-05-17T23:13:19.434Z,2
v4_1_phase3d_usage_report.md,1so63bGGosC4wH3sXzAZoJNBXKxttEmudJGsKgVD7S_g,Trade_AI_Docs_v2/docs/_archive/2026-05-24_cleanup/completed_phases/phase3_media_prose/v4_1_phase3d_usage_report.md,1024,,2026-05-28T18:17:57.666Z,2
v4_1_phase3d_usage_report.md,1Zf6lG8rvytf3Cmn3SnUGawyPT4tz2AQw,Trade_AI_Docs_v2/docs/llm_fleet/phase3_media_prose/v4_1_phase3d_usage_report.md,227,,2026-05-17T23:12:58.712Z,2
v4_1_phase4_alert_check_report.md,1N24TiYWw0vUs1zXZG3K15zjM2NDnYnpwCC-sJ8JbVsQ,Trade_AI_Docs_v2/docs/_archive/2026-05-24_cleanup/completed_phases/phase4_observability/v4_1_phase4_alert_check_report.md,1024,,2026-05-28T18:41:13.726Z,2
v4_1_phase4_alert_check_report.md,1pPhkLx9LTxYCdTMtnIvxjLeIlPjQm_6l,Trade_AI_Docs_v2/docs/llm_fleet/phase4_observability/v4_1_phase4_alert_check_report.md,106,,2026-05-17T23:13:27.491Z,2
v4_1_phase4_fleet_status_report.md,1keLl5e6DDikTYfUqtju6DXJSByE3Qd2gz1yEkmUCGrQ,Trade_AI_Docs_v2/docs/_archive/2026-05-24_cleanup/completed_phases/phase4_observability/v4_1_phase4_fleet_status_report.md,1536,,2026-05-28T18:41:28.947Z,2
v4_1_phase4_fleet_status_report.md,1Gi-ecy_3QSOgusB4gp0TzR-2UzH3BcEM,Trade_AI_Docs_v2/docs/llm_fleet/phase4_observability/v4_1_phase4_fleet_status_report.md,262,,2026-05-17T23:13:37.627Z,2
v4_1_phase5_human_queue_review.md,1TiYGCE4WTIF1YGpIAkgyBBZFCh-cJnojaBlXkC_v5wI,Trade_AI_Docs_v2/docs/_archive/2026-05-24_cleanup/completed_phases/phase5_feedback_learning/v4_1_phase5_human_queue_review.md,4171,,2026-05-28T18:04:13.222Z,3
v4_1_phase5_human_queue_review.md,1q60Tg824C10YSAeJ6pFfasNmEXK5jAaV,Trade_AI_Docs_v2/docs/llm_fleet/phase5_feedback_learning/v4_1_phase5_human_queue_review.md,3138,,2026-05-17T23:10:29.938Z,3
v4_1_phase5_human_queue_review.md,1jfZjzPJ2auefqnFHAAZIzOrlUpqKU8pE,Trade_AI_Docs_v2/v4_1_phase5_human_queue_review.md,3138,,2026-05-17T22:53:17.197Z,3
v4_1_phase6a_api_validation_report.md,1m3cdoXb47nVahDwanFupdv70C8OhZdNMHx_kbnv6uqQ,Trade_AI_Docs_v2/docs/_archive/2026-05-24_cleanup/completed_phases/phase6_market_revalidation/v4_1_phase6a_api_validation_report.md,2448,,2026-05-28T18:33:58.858Z,2
v4_1_phase6a_api_validation_report.md,1GqTyBTUuGL0ESf5praUqJu7a_-Opbvbv,Trade_AI_Docs_v2/docs/execution_safety/phase6_market_revalidation/v4_1_phase6a_api_validation_report.md,922,,2026-05-17T23:15:49.794Z,2
v4_1_phase6a_api_validation_results.json,1TkFPdgwnr33OrsogYWgABdZb5TR5F8HU,Trade_AI_Docs_v2/docs/_archive/2026-05-24_cleanup/completed_phases/phase6_market_revalidation/v4_1_phase6a_api_validation_results.json,4157,,2026-05-28T18:34:49.392Z,2
v4_1_phase6a_api_validation_results.json,1DkK0lc-tDUnDhKqpZT5v_BePQR4WjsFq,Trade_AI_Docs_v2/docs/execution_safety/phase6_market_revalidation/v4_1_phase6a_api_validation_results.json,4157,,2026-05-17T23:16:19.139Z,2
v4_1_phase6a_code_review.md,1Y6zzTnUtdqeBUcG9hLFPr4CjB7IMtYAvYPeRRjQi4qE,Trade_AI_Docs_v2/docs/_archive/2026-05-24_cleanup/completed_phases/phase6_market_revalidation/v4_1_phase6a_code_review.md,8540,,2026-05-28T18:33:04.705Z,3
v4_1_phase6a_code_review.md,1BngyI25Lc69ePEWSClQT-_Ggl_OAMM7H2kEuij21ZP4,Trade_AI_Docs_v2/docs/execution_safety/phase6_market_revalidation/v4_1_phase6a_code_review.md,8541,,2026-05-21T02:34:56.713Z,3
v4_1_phase6a_code_review.md,18fSNM-HtjjQ6P_AsQwa8kS1eKed0oCmm,Trade_AI_Docs_v2/docs/execution_safety/phase6_market_revalidation/v4_1_phase6a_code_review.md,6366,,2026-05-17T23:15:20.979Z,3
v4_1_phase6a_dashboard_response_audit.md,13HFwMe-MoDE-k89N6gQROam87Ez6p3bdYxQBfPo44as,Trade_AI_Docs_v2/docs/_archive/2026-05-24_cleanup/completed_phases/phase6_market_revalidation/v4_1_phase6a_dashboard_response_audit.md,5448,,2026-05-28T18:33:51.840Z,2
v4_1_phase6a_dashboard_response_audit.md,1bXvDN6UPCEnzlXtP3rfpInls0Ul5mURI,Trade_AI_Docs_v2/docs/execution_safety/phase6_market_revalidation/v4_1_phase6a_dashboard_response_audit.md,3087,,2026-05-17T23:15:46.466Z,2
v4_1_phase6a_operator_runbook.md,13b1FV-SkPEmuu3EtdigWRBeJifBA8i8iMCm5tN6j1u0,Trade_AI_Docs_v2/docs/_archive/2026-05-24_cleanup/completed_phases/phase6_market_revalidation/v4_1_phase6a_operator_runbook.md,9115,,2026-05-28T18:34:22.492Z,2
v4_1_phase6a_operator_runbook.md,18vNsjjDHKt-yQGY6BCr8Su_OCCw2uMB5,Trade_AI_Docs_v2/docs/execution_safety/phase6_market_revalidation/v4_1_phase6a_operator_runbook.md,5322,,2026-05-17T23:16:05.099Z,2
v4_1_phase6a_preflight.md,16AAA2z_Kan_q3sq1BpSUXnTnM5xcmpsqa5ukYf3nlWs,Trade_AI_Docs_v2/docs/_archive/2026-05-24_cleanup/completed_phases/phase6_market_revalidation/v4_1_phase6a_preflight.md,4143,,2026-05-28T18:33:12.012Z,3
v4_1_phase6a_preflight.md,1Sdm-m7Xm5olbxb3xQ2CsKLLl9-u7tOceK2hVYaxvJOM,Trade_AI_Docs_v2/docs/execution_safety/phase6_market_revalidation/v4_1_phase6a_preflight.md,4140,,2026-05-21T02:35:03.427Z,3
v4_1_phase6a_preflight.md,1waM29sXMgkFHKBw4wUhiamU47FQDhDWa,Trade_AI_Docs_v2/docs/execution_safety/phase6_market_revalidation/v4_1_phase6a_preflight.md,1975,,2026-05-17T23:15:24.373Z,3
v4_1_phase6a_safety_audit.md,1w-xKtsmxTOrQE9ncAmreaNKiZraoVE1MiG37pzyQsgA,Trade_AI_Docs_v2/docs/_archive/2026-05-24_cleanup/completed_phases/phase6_market_revalidation/v4_1_phase6a_safety_audit.md,3799,,2026-05-28T18:33:15.812Z,3
v4_1_phase6a_safety_audit.md,1CadAuJkh4PpJSDUHXC38KZRdGpuPSE8B3fOl0eYjaQM,Trade_AI_Docs_v2/docs/execution_safety/phase6_market_revalidation/v4_1_phase6a_safety_audit.md,3798,,2026-05-21T02:35:06.320Z,3
v4_1_phase6a_safety_audit.md,1IXTC8k0mQyGY7tZZRo-rbY6FEhOFhwiu,Trade_AI_Docs_v2/docs/execution_safety/phase6_market_revalidation/v4_1_phase6a_safety_audit.md,3021,,2026-05-17T23:15:26.173Z,3
v4_1_phase6a_scope.md,1eszw-jcy1wu2WJI8r3UCid37ScOtYT0nyn9LApdRlfo,Trade_AI_Docs_v2/docs/_archive/2026-05-24_cleanup/completed_phases/phase6_market_revalidation/v4_1_phase6a_scope.md,7048,,2026-05-28T18:32:34.424Z,3
v4_1_phase6a_scope.md,1HH1VUzYeFPP5tFL_mdHZVIPDkQbBTsZy-ZH7-lOsHkc,Trade_AI_Docs_v2/docs/execution_safety/phase6_market_revalidation/v4_1_phase6a_scope.md,7077,,2026-05-21T02:34:31.998Z,3
v4_1_phase6a_scope.md,1f8TNyqFEUPsv4Xcym-xIt24to0i84p1G,Trade_AI_Docs_v2/docs/execution_safety/phase6_market_revalidation/v4_1_phase6a_scope.md,5187,,2026-05-17T23:15:04.330Z,3
v4_1_phase6a_test_results.md,1uz7dvQZvk_PVwVuAkis527qHS3yXzKnzl1ud32e66XA,Trade_AI_Docs_v2/docs/_archive/2026-05-24_cleanup/completed_phases/phase6_market_revalidation/v4_1_phase6a_test_results.md,3183,,2026-05-28T18:33:27.549Z,3
v4_1_phase6a_test_results.md,14jz5h9qa2-eLNYaRiV7icm4_0tjPBeXTSr-2dMfOu5M,Trade_AI_Docs_v2/docs/execution_safety/phase6_market_revalidation/v4_1_phase6a_test_results.md,3183,,2026-05-21T02:35:16.473Z,3
v4_1_phase6a_test_results.md,11sHDi8ESTtm1BsF5XK6RvB1LVcbVOzEJ,Trade_AI_Docs_v2/docs/execution_safety/phase6_market_revalidation/v4_1_phase6a_test_results.md,1786,,2026-05-17T23:15:33.302Z,3
v4_1_phase6b_dashboard_response_audit.md,1puhkjQTKyv_sFLF9BqhZH-Yuzt-SF_7J8rGk3PsTpb8,Trade_AI_Docs_v2/docs/_archive/2026-05-24_cleanup/completed_phases/phase6_market_revalidation/v4_1_phase6b_dashboard_response_audit.md,2765,,2026-05-28T18:32:40.007Z,3
v4_1_phase6b_dashboard_response_audit.md,16jmCGe-ffQJ9nAiHgqHkQCuE1LthqfVe561J-CWZjYs,Trade_AI_Docs_v2/docs/execution_safety/phase6_market_revalidation/v4_1_phase6b_dashboard_response_audit.md,2766,,2026-05-21T02:34:35.843Z,3
v4_1_phase6b_dashboard_response_audit.md,1XAgQFfFFitSyfVO5aWPXXvyKK_nnfmfb,Trade_AI_Docs_v2/docs/execution_safety/phase6_market_revalidation/v4_1_phase6b_dashboard_response_audit.md,1284,,2026-05-17T23:15:07.750Z,3
v4_1_phase6b_session_policy_api_report.md,1GN3XJsp_BnQ7ZZ-0PG2ugYHPr-24-DjFpLvI1Yy_Y6Y,Trade_AI_Docs_v2/docs/_archive/2026-05-24_cleanup/completed_phases/phase6_market_revalidation/v4_1_phase6b_session_policy_api_report.md,1024,,2026-05-28T18:33:01.380Z,3
v4_1_phase6b_session_policy_api_report.md,1kX8WNcp6xxjuCTS8_uByQeNPVo2dk3QM1lS0WRaKZSQ,Trade_AI_Docs_v2/docs/execution_safety/phase6_market_revalidation/v4_1_phase6b_session_policy_api_report.md,1024,,2026-05-21T02:34:53.034Z,3
v4_1_phase6b_session_policy_api_report.md,1w5cxaL-Wdmija9UcCAnj7tK2SlVfP9Kt,Trade_AI_Docs_v2/docs/execution_safety/phase6_market_revalidation/v4_1_phase6b_session_policy_api_report.md,194,,2026-05-17T23:15:19.315Z,3
v4_1_phase6b_session_policy_api_results.json,1PJsyO8Rb5L5F_DQWrzjP29yZstLiyuvu,Trade_AI_Docs_v2/docs/_archive/2026-05-24_cleanup/completed_phases/phase6_market_revalidation/v4_1_phase6b_session_policy_api_results.json,2451,,2026-05-28T18:32:26.826Z,2
v4_1_phase6b_session_policy_api_results.json,1xeod0eiBBybGZJHk8jynRom9xHZBy9lI,Trade_AI_Docs_v2/docs/execution_safety/phase6_market_revalidation/v4_1_phase6b_session_policy_api_results.json,2451,,2026-05-17T23:15:00.728Z,2
v4_1_phase6b_session_policy_preflight.md,1GDlKLZdQG__r3a6hsFSQalS7MyEUvSopB59Q0UWbajs,Trade_AI_Docs_v2/docs/_archive/2026-05-24_cleanup/completed_phases/phase6_market_revalidation/v4_1_phase6b_session_policy_preflight.md,3120,,2026-05-28T18:34:44.187Z,2
v4_1_phase6b_session_policy_preflight.md,1PaJc9I6Cm0r8i-dmjrDVijQZpoLC5YEf,Trade_AI_Docs_v2/docs/execution_safety/phase6_market_revalidation/v4_1_phase6b_session_policy_preflight.md,1288,,2026-05-17T23:16:15.511Z,2
v4_1_phase6b_session_policy_runbook.md,1rT33a_y6kn0GN5k0-gLf4onRFF1gOPMkoBvkKT9kz4E,Trade_AI_Docs_v2/docs/_archive/2026-05-24_cleanup/completed_phases/phase6_market_revalidation/v4_1_phase6b_session_policy_runbook.md,3182,,2026-05-28T18:33:48.376Z,2
v4_1_phase6b_session_policy_runbook.md,1YuS46bVrizjRpzwr9FsjTjKiLFfA_Fce,Trade_AI_Docs_v2/docs/execution_safety/phase6_market_revalidation/v4_1_phase6b_session_policy_runbook.md,1637,,2026-05-17T23:15:44.627Z,2
v4_1_phase6b_session_policy_safety_audit.md,1jXUof0hOajrgGVKc3kbqcH6YrZV-5_dVzwZnJwMLM_I,Trade_AI_Docs_v2/docs/_archive/2026-05-24_cleanup/completed_phases/phase6_market_revalidation/v4_1_phase6b_session_policy_safety_audit.md,2097,,2026-05-28T18:34:15.791Z,2
v4_1_phase6b_session_policy_safety_audit.md,1Mh99J2qO3AJHEXN99JH5JgezMTwY90cA,Trade_AI_Docs_v2/docs/execution_safety/phase6_market_revalidation/v4_1_phase6b_session_policy_safety_audit.md,1215,,2026-05-17T23:16:00.565Z,2
v4_1_phase6b_session_policy_scope.md,1XKYDfYtJ-ANaUrHB58KsjeuP0g8D6E7fooby6N92djE,Trade_AI_Docs_v2/docs/_archive/2026-05-24_cleanup/completed_phases/phase6_market_revalidation/v4_1_phase6b_session_policy_scope.md,2650,,2026-05-28T18:33:08.172Z,3
v4_1_phase6b_session_policy_scope.md,1wuGgyurXlXQyyHq9y6t5eUCXk0PeQZvNkjdJCwG9xJw,Trade_AI_Docs_v2/docs/execution_safety/phase6_market_revalidation/v4_1_phase6b_session_policy_scope.md,2663,,2026-05-21T02:34:59.901Z,3
v4_1_phase6b_session_policy_scope.md,192ql63XmAWbEPKNLqsJkiV3TDCb1F9Ta,Trade_AI_Docs_v2/docs/execution_safety/phase6_market_revalidation/v4_1_phase6b_session_policy_scope.md,1793,,2026-05-17T23:15:22.721Z,3
v4_1_phase6b_session_policy_test_results.md,17hLzOAGIo2zkaWes3zn0R4e2q8HjM7SyAldQQgKMYG8,Trade_AI_Docs_v2/docs/_archive/2026-05-24_cleanup/completed_phases/phase6_market_revalidation/v4_1_phase6b_session_policy_test_results.md,2462,,2026-05-28T18:33:19.148Z,3
v4_1_phase6b_session_policy_test_results.md,1im9zdpDyC3v4QOyVAimw0v6PgFX81fl-LIGUvY-6SnI,Trade_AI_Docs_v2/docs/execution_safety/phase6_market_revalidation/v4_1_phase6b_session_policy_test_results.md,2481,,2026-05-21T02:35:09.676Z,3
v4_1_phase6b_session_policy_test_results.md,1zXy4cMq0Otdl3ovfm6PV8tGvwKEpDF4C,Trade_AI_Docs_v2/docs/execution_safety/phase6_market_revalidation/v4_1_phase6b_session_policy_test_results.md,1495,,2026-05-17T23:15:27.892Z,3
v4_1_phase6c_audit_api_report.md,1Zesd04AJyfdaZmkp6_dgU9B7TMz7lr4ZtjL4Hiy68PY,Trade_AI_Docs_v2/docs/_archive/2026-05-24_cleanup/completed_phases/phase6_market_revalidation/v4_1_phase6c_audit_api_report.md,1081,,2026-05-28T18:32:46.178Z,3
v4_1_phase6c_audit_api_report.md,1uz66PUgCZV9G7n0fFrJhmBnT2iUyRYfkRDPgk_wkcB0,Trade_AI_Docs_v2/docs/execution_safety/phase6_market_revalidation/v4_1_phase6c_audit_api_report.md,1081,,2026-05-21T02:34:42.163Z,3
v4_1_phase6c_audit_api_report.md,1H4EowiRNTdWzK4cIEGxKBhpep1qXZo4e,Trade_AI_Docs_v2/docs/execution_safety/phase6_market_revalidation/v4_1_phase6c_audit_api_report.md,309,,2026-05-17T23:15:11.972Z,3
v4_1_phase6c_audit_api_results.json,1zt6x8AEULc6AXkFqbG8bCjvdf1lWxb_P,Trade_AI_Docs_v2/docs/_archive/2026-05-24_cleanup/completed_phases/phase6_market_revalidation/v4_1_phase6c_audit_api_results.json,1035,,2026-05-28T18:32:50.456Z,2
v4_1_phase6c_audit_api_results.json,1Vjb5Mcux7TVK0CVeLudsmLPVSLPz8TrG,Trade_AI_Docs_v2/docs/execution_safety/phase6_market_revalidation/v4_1_phase6c_audit_api_results.json,1035,,2026-05-17T23:15:13.938Z,2
v4_1_phase6c_audit_schema_report.md,1O8i4Q1EjIXCfjQhTey70Y_oTQrXfg-qur5BvVm-cadc,Trade_AI_Docs_v2/docs/_archive/2026-05-24_cleanup/completed_phases/phase6_market_revalidation/v4_1_phase6c_audit_schema_report.md,3603,,2026-05-28T18:32:54.539Z,3
v4_1_phase6c_audit_schema_report.md,1Z7ZZ4con1geFnua5lg2Actf2QCTBLhbONvo-DEj6TTE,Trade_AI_Docs_v2/docs/execution_safety/phase6_market_revalidation/v4_1_phase6c_audit_schema_report.md,3607,,2026-05-21T02:34:45.207Z,3
v4_1_phase6c_audit_schema_report.md,1Q8t4SFjXNkCRVSUHxpKi0yaIPMgTmDg5,Trade_AI_Docs_v2/docs/execution_safety/phase6_market_revalidation/v4_1_phase6c_audit_schema_report.md,2043,,2026-05-17T23:15:15.657Z,3
v4_1_phase6c_audit_summary_report.md,1yDfELTxqYhcktpJQc_ddMvVdGcpMVof4rXL1lKggzu0,Trade_AI_Docs_v2/docs/_archive/2026-05-24_cleanup/completed_phases/phase6_market_revalidation/v4_1_phase6c_audit_summary_report.md,1881,,2026-05-28T18:34:26.366Z,2
v4_1_phase6c_audit_summary_report.md,18QeNBdn_oCM_UTCPeoT1Jj6L5NERuQWE,Trade_AI_Docs_v2/docs/execution_safety/phase6_market_revalidation/v4_1_phase6c_audit_summary_report.md,398,,2026-05-17T23:16:06.859Z,2
v4_1_phase6c_audit_summary_results.json,1iMSQ9ZEAWVika7_wFZ8aDS4U6a01Y5tO,Trade_AI_Docs_v2/docs/_archive/2026-05-24_cleanup/completed_phases/phase6_market_revalidation/v4_1_phase6c_audit_summary_results.json,469,,2026-05-28T18:32:36.040Z,2
v4_1_phase6c_audit_summary_results.json,1vlrT7DnqSZl1RKNovdG3cDXx9lN8zSeP,Trade_AI_Docs_v2/docs/execution_safety/phase6_market_revalidation/v4_1_phase6c_audit_summary_results.json,469,,2026-05-17T23:15:06.024Z,2
v4_1_phase6c_audit_trail_preflight.md,1fzy6-V5DFa0wR3kr1DLR9lZfLjRUC75lTgUMlv5doog,Trade_AI_Docs_v2/docs/_archive/2026-05-24_cleanup/completed_phases/phase6_market_revalidation/v4_1_phase6c_audit_trail_preflight.md,2666,,2026-05-28T18:33:33.023Z,3
v4_1_phase6c_audit_trail_preflight.md,1Y1o6jSj8zgcm97uJhW70-Wz7r5QJAP4m4VNDnnANNcc,Trade_AI_Docs_v2/docs/execution_safety/phase6_market_revalidation/v4_1_phase6c_audit_trail_preflight.md,2683,,2026-05-21T02:35:20.419Z,3
v4_1_phase6c_audit_trail_preflight.md,1XoWOQJbtUYF5gKBMrthVEo3ahiD_5f1g,Trade_AI_Docs_v2/docs/execution_safety/phase6_market_revalidation/v4_1_phase6c_audit_trail_preflight.md,1419,,2026-05-17T23:15:36.736Z,3
v4_1_phase6c_audit_trail_runbook.md,1HEz57rK3DU9jm85V6-ME76M-fUKJHmREhlpupLWBZiE,Trade_AI_Docs_v2/docs/_archive/2026-05-24_cleanup/completed_phases/phase6_market_revalidation/v4_1_phase6c_audit_trail_runbook.md,5471,,2026-05-28T18:32:44.203Z,3
v4_1_phase6c_audit_trail_runbook.md,10poKIB9QBArgTpjUhlExZrwaypQmSx_6HlUAAAFQZo0,Trade_AI_Docs_v2/docs/execution_safety/phase6_market_revalidation/v4_1_phase6c_audit_trail_runbook.md,5475,,2026-05-21T02:34:39.039Z,3
v4_1_phase6c_audit_trail_runbook.md,1qBSuqHCvyYRrKph8Os-anWbYccW-mhGx,Trade_AI_Docs_v2/docs/execution_safety/phase6_market_revalidation/v4_1_phase6c_audit_trail_runbook.md,3204,,2026-05-17T23:15:09.506Z,3
v4_1_phase6c_audit_trail_safety_audit.md,1vHH_XZw0-_9OOm17iSenHT2D76QOhp8SqZlobb30D4U,Trade_AI_Docs_v2/docs/_archive/2026-05-24_cleanup/completed_phases/phase6_market_revalidation/v4_1_phase6c_audit_trail_safety_audit.md,2297,,2026-05-28T18:35:00.396Z,2
v4_1_phase6c_audit_trail_safety_audit.md,1cIeIjfpEoPachGUATwiG_HtOkwOl25IA,Trade_AI_Docs_v2/docs/execution_safety/phase6_market_revalidation/v4_1_phase6c_audit_trail_safety_audit.md,1469,,2026-05-17T23:16:24.463Z,2
v4_1_phase6c_audit_trail_scope.md,1f-rpSb7PHp4LDoVbNsA8DJJOJQfqH0pAG2i0XqDDtJU,Trade_AI_Docs_v2/docs/_archive/2026-05-24_cleanup/completed_phases/phase6_market_revalidation/v4_1_phase6c_audit_trail_scope.md,4403,,2026-05-28T18:34:06.460Z,2
v4_1_phase6c_audit_trail_scope.md,1nBFNG3e6yxnmNkdmVv5A8GBC02e4ywGb,Trade_AI_Docs_v2/docs/execution_safety/phase6_market_revalidation/v4_1_phase6c_audit_trail_scope.md,3208,,2026-05-17T23:15:55.351Z,2
v4_1_phase6c_audit_trail_test_results.md,1c1P3_RC7s6XfefcHdvVnJqCfmLMi4GHMBUqQOAKh1j0,Trade_AI_Docs_v2/docs/_archive/2026-05-24_cleanup/completed_phases/phase6_market_revalidation/v4_1_phase6c_audit_trail_test_results.md,2442,,2026-05-28T18:34:19.175Z,2
v4_1_phase6c_audit_trail_test_results.md,18ngubOAxtgGn679kotKIv7up9nBSiubi,Trade_AI_Docs_v2/docs/execution_safety/phase6_market_revalidation/v4_1_phase6c_audit_trail_test_results.md,1598,,2026-05-17T23:16:02.466Z,2
v4_1_phase6c_dashboard_response_audit.md,16Ok0ue-xMtEMrjgt4mhwh4xD_LtyDT5O3cdVlnQ9yn8,Trade_AI_Docs_v2/docs/_archive/2026-05-24_cleanup/completed_phases/phase6_market_revalidation/v4_1_phase6c_dashboard_response_audit.md,3274,,2026-05-28T18:34:03.030Z,2
v4_1_phase6c_dashboard_response_audit.md,1xFrCnxARgnZVtjUvFb4QlMq_CXRZc-EV,Trade_AI_Docs_v2/docs/execution_safety/phase6_market_revalidation/v4_1_phase6c_dashboard_response_audit.md,1529,,2026-05-17T23:15:51.748Z,2
v4_1_phase6d_stale_proposal_summary_report.md,1ATjWCpplCidQXDSCPGzEFqKjahSXMl81V5HHh-1Q-P4,Trade_AI_Docs_v2/docs/_archive/2026-05-24_cleanup/completed_phases/phase6_market_revalidation/v4_1_phase6d_stale_proposal_summary_report.md,1024,,2026-05-28T18:32:57.980Z,3
v4_1_phase6d_stale_proposal_summary_report.md,1NZonMvRM6uukRA3kj15H4mR5BlDI3ij_1KM6Yuwq7oo,Trade_AI_Docs_v2/docs/execution_safety/phase6_market_revalidation/v4_1_phase6d_stale_proposal_summary_report.md,1024,,2026-05-21T02:34:49.329Z,3
v4_1_phase6d_stale_proposal_summary_report.md,1VfSKypyy6vYzJzgrW-dlJ8Nw8pcbdAeP,Trade_AI_Docs_v2/docs/execution_safety/phase6_market_revalidation/v4_1_phase6d_stale_proposal_summary_report.md,131,,2026-05-17T23:15:17.510Z,3
v4_1_phase6d_stale_proposal_summary_results.json,1KucGXb4k9cWHAbFM1zPwjgrZS7oz23bm,Trade_AI_Docs_v2/docs/_archive/2026-05-24_cleanup/completed_phases/phase6_market_revalidation/v4_1_phase6d_stale_proposal_summary_results.json,497,,2026-05-28T18:33:29.047Z,2
v4_1_phase6d_stale_proposal_summary_results.json,1cSQiLaFUW5g56KWVVZojP2CFzoibTQPJ,Trade_AI_Docs_v2/docs/execution_safety/phase6_market_revalidation/v4_1_phase6d_stale_proposal_summary_results.json,497,,2026-05-17T23:15:34.963Z,2
v4_1_phase6d_stale_sweeper_dry_run_report.md,1qYOYNOsou3-Tqbj2CyRwSKquzwIFK2tyPOQkpDDxbvU,Trade_AI_Docs_v2/docs/_archive/2026-05-24_cleanup/completed_phases/phase6_market_revalidation/v4_1_phase6d_stale_sweeper_dry_run_report.md,1524,,2026-05-28T18:34:56.404Z,2
v4_1_phase6d_stale_sweeper_dry_run_report.md,1qnbqGjtMxfiYA_Ri5o9pVxoVb6bKxHvX,Trade_AI_Docs_v2/docs/execution_safety/phase6_market_revalidation/v4_1_phase6d_stale_sweeper_dry_run_report.md,434,,2026-05-17T23:16:22.651Z,2
v4_1_phase6d_stale_sweeper_dry_run_results.json,1bxNGhjKvt2xLCvRjePwosdsmq60NEa8l,Trade_AI_Docs_v2/docs/_archive/2026-05-24_cleanup/completed_phases/phase6_market_revalidation/v4_1_phase6d_stale_sweeper_dry_run_results.json,550,,2026-05-28T18:34:11.233Z,2
v4_1_phase6d_stale_sweeper_dry_run_results.json,11hayqwxNmZx1St6I8iLA2WMpThK_SoC8,Trade_AI_Docs_v2/docs/execution_safety/phase6_market_revalidation/v4_1_phase6d_stale_sweeper_dry_run_results.json,550,,2026-05-17T23:15:58.752Z,2
v4_1_phase6d_stale_sweeper_preflight.md,1h8EblEsiog86RUPC8UeL2vV_a9iUEHqa4EGtw57VLA0,Trade_AI_Docs_v2/docs/_archive/2026-05-24_cleanup/completed_phases/phase6_market_revalidation/v4_1_phase6d_stale_sweeper_preflight.md,2665,,2026-05-28T18:33:36.123Z,3
v4_1_phase6d_stale_sweeper_preflight.md,1Fj42y9MXomc_sxIQSZI4TFkJYXnAv4su_qXTAKYG-gM,Trade_AI_Docs_v2/docs/execution_safety/phase6_market_revalidation/v4_1_phase6d_stale_sweeper_preflight.md,2660,,2026-05-21T02:35:23.942Z,3
v4_1_phase6d_stale_sweeper_preflight.md,11LUupzlEmA1HdKyNCAOm1yxJirdQRcTV,Trade_AI_Docs_v2/docs/execution_safety/phase6_market_revalidation/v4_1_phase6d_stale_sweeper_preflight.md,1136,,2026-05-17T23:15:38.329Z,3
v4_1_phase6d_stale_sweeper_runbook.md,1mSU2aAggna-QpIc_NKZqvzpt5VSAAI4Iny8ktNB4LC8,Trade_AI_Docs_v2/docs/_archive/2026-05-24_cleanup/completed_phases/phase6_market_revalidation/v4_1_phase6d_stale_sweeper_runbook.md,2575,,2026-05-28T18:32:30.852Z,3
v4_1_phase6d_stale_sweeper_runbook.md,1WxFPIBSVLmukE_40zekBdqXFBgZ_TQQIdx9OPfBqI_Q,Trade_AI_Docs_v2/docs/execution_safety/phase6_market_revalidation/v4_1_phase6d_stale_sweeper_runbook.md,2552,,2026-05-21T02:34:28.484Z,3
v4_1_phase6d_stale_sweeper_runbook.md,1Ijc4QCqyFrdOW4lcrk6LObd7aFy2IAYX,Trade_AI_Docs_v2/docs/execution_safety/phase6_market_revalidation/v4_1_phase6d_stale_sweeper_runbook.md,1376,,2026-05-17T23:15:02.593Z,3
v4_1_phase6d_stale_sweeper_safety_audit.md,1a0zZ_uGAAUgV1s4y0hB_tr90iyHWsTYfZArasIP7iAo,Trade_AI_Docs_v2/docs/_archive/2026-05-24_cleanup/completed_phases/phase6_market_revalidation/v4_1_phase6d_stale_sweeper_safety_audit.md,2124,,2026-05-28T18:34:30.433Z,2
v4_1_phase6d_stale_sweeper_safety_audit.md,1s_SKTn_QNJKtMc9YrSvINNOJRJLavaZm,Trade_AI_Docs_v2/docs/execution_safety/phase6_market_revalidation/v4_1_phase6d_stale_sweeper_safety_audit.md,1227,,2026-05-17T23:16:08.570Z,2
v4_1_phase6d_stale_sweeper_scope.md,1miwQFqQs_n1Q29b4U5wZeSOKrKWjCM1M2RGgrJPrcCk,Trade_AI_Docs_v2/docs/_archive/2026-05-24_cleanup/completed_phases/phase6_market_revalidation/v4_1_phase6d_stale_sweeper_scope.md,2289,,2026-05-28T18:34:37.434Z,2
v4_1_phase6d_stale_sweeper_scope.md,1dUTOGJ0mUxR2L578EBPY6jidLFRTtOt-,Trade_AI_Docs_v2/docs/execution_safety/phase6_market_revalidation/v4_1_phase6d_stale_sweeper_scope.md,1157,,2026-05-17T23:16:12.064Z,2
v4_1_phase6d_stale_sweeper_test_results.md,1kCXy-FfQArcmnpgY16yuVs0I0ig692RAbVFQ59zEjyg,Trade_AI_Docs_v2/docs/_archive/2026-05-24_cleanup/completed_phases/phase6_market_revalidation/v4_1_phase6d_stale_sweeper_test_results.md,1984,,2026-05-28T18:34:09.683Z,2
v4_1_phase6d_stale_sweeper_test_results.md,12zsti326Lzsq5EHp2xXltEBIGMDld94M,Trade_AI_Docs_v2/docs/execution_safety/phase6_market_revalidation/v4_1_phase6d_stale_sweeper_test_results.md,949,,2026-05-17T23:15:56.949Z,2
v4_1_phase6e_scheduled_sweeper_preflight.md,1KeAmJxFmk2Qcl941x09wkn45SdL6MJwySDs6Tf4BZK8,Trade_AI_Docs_v2/docs/_archive/2026-05-24_cleanup/completed_phases/phase6_market_revalidation/v4_1_phase6e_scheduled_sweeper_preflight.md,1515,,2026-05-28T18:34:47.824Z,2
v4_1_phase6e_scheduled_sweeper_preflight.md,1ZRuZz-KLNNwVDRBo-MWiPsy4LRan4THM,Trade_AI_Docs_v2/docs/execution_safety/phase6_market_revalidation/v4_1_phase6e_scheduled_sweeper_preflight.md,519,,2026-05-17T23:16:17.457Z,2
v4_1_phase6e_scheduled_sweeper_runbook.md,1Pd4tGgZ0LxOY3BkXQ4b0kUgVRcm5yo6_BijEnvQJYms,Trade_AI_Docs_v2/docs/_archive/2026-05-24_cleanup/completed_phases/phase6_market_revalidation/v4_1_phase6e_scheduled_sweeper_runbook.md,2991,,2026-05-28T18:33:24.478Z,3
v4_1_phase6e_scheduled_sweeper_runbook.md,1ueps_TKJfm4ZYvRmX9NPFbHR1dXiUkasdaZSmPXwDfQ,Trade_AI_Docs_v2/docs/execution_safety/phase6_market_revalidation/v4_1_phase6e_scheduled_sweeper_runbook.md,2965,,2026-05-21T02:35:13.018Z,3
v4_1_phase6e_scheduled_sweeper_runbook.md,1UYtc7-Mc5Gqd3B1tVFYbjVQqd2esZj7z,Trade_AI_Docs_v2/docs/execution_safety/phase6_market_revalidation/v4_1_phase6e_scheduled_sweeper_runbook.md,1315,,2026-05-17T23:15:31.308Z,3
v4_1_phase6e_scheduled_sweeper_safety_audit.md,1_f9ZwF_-EaNUxM2ke19VyoBxyLAwn3rRzvXR7JcYzQs,Trade_AI_Docs_v2/docs/_archive/2026-05-24_cleanup/completed_phases/phase6_market_revalidation/v4_1_phase6e_scheduled_sweeper_safety_audit.md,1853,,2026-05-28T18:34:52.931Z,2
v4_1_phase6e_scheduled_sweeper_safety_audit.md,1j0FQxkviJSFqlnWmUK29ObAnM_666Me2,Trade_AI_Docs_v2/docs/execution_safety/phase6_market_revalidation/v4_1_phase6e_scheduled_sweeper_safety_audit.md,906,,2026-05-17T23:16:20.873Z,2
v4_1_phase6e_scheduled_sweeper_scope.md,1IiPT6tbPPhVfMz3aimnzA0PcWpMAYWWyAenfOVgH6mk,Trade_AI_Docs_v2/docs/_archive/2026-05-24_cleanup/completed_phases/phase6_market_revalidation/v4_1_phase6e_scheduled_sweeper_scope.md,2442,,2026-05-28T18:34:40.683Z,2
v4_1_phase6e_scheduled_sweeper_scope.md,12kuVRw-Er-rfL5kseUzU6_MBv9NQBiXc,Trade_AI_Docs_v2/docs/execution_safety/phase6_market_revalidation/v4_1_phase6e_scheduled_sweeper_scope.md,993,,2026-05-17T23:16:13.758Z,2
v4_1_phase6e_scheduled_sweeper_status_results.json,1JCirfpAJv9TcvZ68GK8XXk6DHZnYA4VO,Trade_AI_Docs_v2/docs/_archive/2026-05-24_cleanup/completed_phases/phase6_market_revalidation/v4_1_phase6e_scheduled_sweeper_status_results.json,497,,2026-05-28T18:33:20.878Z,2
v4_1_phase6e_scheduled_sweeper_status_results.json,1j6BD8wOOf2Y-gA0BPkY19sWes4XZV89O,Trade_AI_Docs_v2/docs/execution_safety/phase6_market_revalidation/v4_1_phase6e_scheduled_sweeper_status_results.json,497,,2026-05-17T23:15:29.597Z,2
v4_1_phase6e_scheduled_sweeper_test_results.md,1rt6iPHpt0T0qbNGDFUQ_1TGcfilf-ncGAOZ0cFUUJBg,Trade_AI_Docs_v2/docs/_archive/2026-05-24_cleanup/completed_phases/phase6_market_revalidation/v4_1_phase6e_scheduled_sweeper_test_results.md,1702,,2026-05-28T18:34:33.811Z,2
v4_1_phase6e_scheduled_sweeper_test_results.md,1EoNgf2UjTbDMnvD364W1lGZh9KszUsKc,Trade_AI_Docs_v2/docs/execution_safety/phase6_market_revalidation/v4_1_phase6e_scheduled_sweeper_test_results.md,654,,2026-05-17T23:16:10.158Z,2
v4_1_phase7_safety_audit.md,1x48Qo7_SMtn5eeOjEO5ohR6qLguaQN58ywBprmVRhzY,Trade_AI_Docs_v2/docs/_archive/2026-05-24_cleanup/completed_phases/phase7_approval_simulator/v4_1_phase7_safety_audit.md,1508,,2026-05-28T18:16:04.988Z,2
v4_1_phase7_safety_audit.md,1fu-rg9ZWOv5zSw3iPd1eUHPXwDTXe0iT,Trade_AI_Docs_v2/docs/execution_safety/phase7_approval_simulator/v4_1_phase7_safety_audit.md,614,,2026-05-17T23:14:55.957Z,2
v4_1_phase7_scope.md,1hcCbdIr1wOBFRZ_H1OBoVXxu-7Xl_-nDASlEwVlCi0U,Trade_AI_Docs_v2/docs/_archive/2026-05-24_cleanup/completed_phases/phase7_approval_simulator/v4_1_phase7_scope.md,1576,,2026-05-28T18:16:01.484Z,2
v4_1_phase7_scope.md,1Ebzkq7njz_aMXU7Td_H0S9HgTAFqPx40,Trade_AI_Docs_v2/docs/execution_safety/phase7_approval_simulator/v4_1_phase7_scope.md,425,,2026-05-17T23:14:54.266Z,2
v4_1_phase8a_gap_analysis.md,1QkBH7eAKdDGpKGiv-U0bhDkYSI6N8vuFwZWJz3jSf5Y,Trade_AI_Docs_v2/docs/_archive/2026-05-24_cleanup/completed_phases/phase8_lifecycle_audit/v4_1_phase8a_gap_analysis.md,2248,,2026-05-28T18:39:47.814Z,2
v4_1_phase8a_gap_analysis.md,19CkHxmKJamc460rZhFkGPzfrmWYGD-I6,Trade_AI_Docs_v2/docs/execution_safety/phase8_lifecycle_audit/v4_1_phase8a_gap_analysis.md,1452,,2026-05-17T23:16:30.658Z,2
v4_1_phase8a_lifecycle_linkage_report.md,1uSLa7bys_d9xMaMTQoGYBUqm622lxssC9t-CDoe2XW0,Trade_AI_Docs_v2/docs/_archive/2026-05-24_cleanup/completed_phases/phase8_lifecycle_audit/v4_1_phase8a_lifecycle_linkage_report.md,1483,,2026-05-28T18:39:51.424Z,2
v4_1_phase8a_lifecycle_linkage_report.md,1_WKonElWT99p-QObJXXgNLjIoVBl8xXM,Trade_AI_Docs_v2/docs/execution_safety/phase8_lifecycle_audit/v4_1_phase8a_lifecycle_linkage_report.md,559,,2026-05-17T23:16:32.410Z,2
v4_1_phase8a_lifecycle_map.md,1Wen03v19Kkm6kEr-ePa7u8e96gP-xeJmn2iX9VlO-LI,Trade_AI_Docs_v2/docs/_archive/2026-05-24_cleanup/completed_phases/phase8_lifecycle_audit/v4_1_phase8a_lifecycle_map.md,3540,,2026-05-28T18:40:02.962Z,2
v4_1_phase8a_lifecycle_map.md,18-6KbnNPCFZ0-60-Io4A-pPjpmdxFyeS,Trade_AI_Docs_v2/docs/execution_safety/phase8_lifecycle_audit/v4_1_phase8a_lifecycle_map.md,1685,,2026-05-17T23:16:37.836Z,2
v4_1_phase8a_phase8b_readiness.md,1QD9XqvqCQtf1k2IVroOn-1WoOM1pkVKFGUznf6YW8xU,Trade_AI_Docs_v2/docs/_archive/2026-05-24_cleanup/completed_phases/phase8_lifecycle_audit/v4_1_phase8a_phase8b_readiness.md,3021,,2026-05-28T18:39:55.041Z,2
v4_1_phase8a_phase8b_readiness.md,1aUVKLID0DBnY__uN0wY5kS60pyICyHfJ,Trade_AI_Docs_v2/docs/execution_safety/phase8_lifecycle_audit/v4_1_phase8a_phase8b_readiness.md,1519,,2026-05-17T23:16:34.134Z,2
v4_1_phase8b_outcome_backfill_report.md,1QCAu8GuJHQAJksdheB9KYsbywTsJQXoQc8yWDITUS4k,Trade_AI_Docs_v2/docs/_archive/2026-05-24_cleanup/completed_phases/phase8_lifecycle_audit/v4_1_phase8b_outcome_backfill_report.md,2235,,2026-05-28T18:39:44.287Z,2
v4_1_phase8b_outcome_backfill_report.md,1h9TweIHKGsGUMYDbmpKNl0FE2Z-hjcwB,Trade_AI_Docs_v2/docs/execution_safety/phase8_lifecycle_audit/v4_1_phase8b_outcome_backfill_report.md,1051,,2026-05-17T23:16:29.005Z,2
v4_1_phase8b_strategy_scorecards_report.md,1Iq2veS6yiGZbGfDNF5RbjNZ8PAANV9f4r1scR4eHpSY,Trade_AI_Docs_v2/docs/_archive/2026-05-24_cleanup/completed_phases/phase8_lifecycle_audit/v4_1_phase8b_strategy_scorecards_report.md,1585,,2026-05-28T18:40:13.263Z,2
v4_1_phase8b_strategy_scorecards_report.md,16Re8I0jrQSwvwGSy158kfFkNr4joALuN,Trade_AI_Docs_v2/docs/execution_safety/phase8_lifecycle_audit/v4_1_phase8b_strategy_scorecards_report.md,599,,2026-05-17T23:16:44.792Z,2
v4_1_phase8c_dashboard_readiness_report.md,1uTmMaDp0-NP0quLtfZenkHLbBg-SQqUh7uMfpcK35Go,Trade_AI_Docs_v2/docs/_archive/2026-05-24_cleanup/completed_phases/phase8_lifecycle_audit/v4_1_phase8c_dashboard_readiness_report.md,1733,,2026-05-28T18:39:40.518Z,2
v4_1_phase8c_dashboard_readiness_report.md,1U7b1uijjzlPeQMnq6xguguCPeIm7K41i,Trade_AI_Docs_v2/docs/execution_safety/phase8_lifecycle_audit/v4_1_phase8c_dashboard_readiness_report.md,642,,2026-05-17T23:16:27.356Z,2
v4_1_phase9a_agent_learning_evidence_report.md,1tVscGaQj5589GIQMe5VAFay0DDA_PzJKwOczk-cFkCA,Trade_AI_Docs_v2/docs/_archive/2026-05-24_cleanup/completed_phases/phase9a_proof_reliability_governance/v4_1_phase9a_agent_learning_evidence_report.md,1395,,2026-05-28T18:35:40.448Z,4
v4_1_phase9a_agent_learning_evidence_report.md,1JH9Rvr8zuMxuUFsfofwlY2uw9rdpiqXY,Trade_AI_Docs_v2/docs/maturity_hardening/phase9a_proof_reliability_governance/v4_1_phase9a_agent_learning_evidence_report.md,183,,2026-05-17T22:58:33.007Z,4
v4_1_phase9a_agent_learning_evidence_report.md,1hjMwGcZKKpWPrbiIBjsjRDN4hOKtomeO,Trade_AI_Docs_v2/v4_1_phase9a_agent_learning_evidence_report.md,183,,2026-05-17T22:36:48.913Z,4
v4_1_phase9a_agent_learning_evidence_report.md,1hJsvoxLeVOxMbpLA4Q1xDipbL1vxshDO,Trade_AI_Docs_v2/docs/maturity_hardening/phase9a_proof_reliability_governance/v4_1_phase9a_agent_learning_evidence_report.md,183,,2026-05-17T22:41:18.262Z,4
v4_1_phase9a_agent_learning_evidence_results.json,1eEDHMHrpgHPoIVECI0oBeuacyHcwtzZ7,Trade_AI_Docs_v2/docs/_archive/2026-05-24_cleanup/completed_phases/phase9a_proof_reliability_governance/v4_1_phase9a_agent_learning_evidence_results.json,348,,2026-05-28T18:35:54.832Z,3
v4_1_phase9a_agent_learning_evidence_results.json,1g207RRpOjXzn3eSQWG7GKQAVtxjRv7hA,Trade_AI_Docs_v2/docs/maturity_hardening/phase9a_proof_reliability_governance/v4_1_phase9a_agent_learning_evidence_results.json,348,,2026-05-17T22:41:27.314Z,3
v4_1_phase9a_agent_learning_evidence_results.json,1UtKnG3fxGmXzYrwNyrUkGeQ7hTtyzcfN,Trade_AI_Docs_v2/docs/maturity_hardening/phase9a_proof_reliability_governance/v4_1_phase9a_agent_learning_evidence_results.json,348,,2026-05-17T22:37:01.540Z,3
v4_1_phase9a_data_source_fragility_report.md,1trrfCO4ie_DFvu1GU7Sxtybp6KRPsrzrnG-LoIXWnfE,Trade_AI_Docs_v2/docs/_archive/2026-05-24_cleanup/completed_phases/phase9a_proof_reliability_governance/v4_1_phase9a_data_source_fragility_report.md,1242,,2026-05-28T18:35:47.341Z,4
v4_1_phase9a_data_source_fragility_report.md,1gDj_bQCCgOOkzxNWUNoqxDPENV6SSMot,Trade_AI_Docs_v2/docs/maturity_hardening/phase9a_proof_reliability_governance/v4_1_phase9a_data_source_fragility_report.md,266,,2026-05-17T22:58:36.600Z,4
v4_1_phase9a_data_source_fragility_report.md,16Y6B0Br4r-A7HLMx4xvVPd6vhWQj594m,Trade_AI_Docs_v2/v4_1_phase9a_data_source_fragility_report.md,266,,2026-05-17T22:36:55.742Z,4
v4_1_phase9a_data_source_fragility_report.md,1CzWic9JHca5nk3eLztnJn6u4NLuKBR17,Trade_AI_Docs_v2/docs/maturity_hardening/phase9a_proof_reliability_governance/v4_1_phase9a_data_source_fragility_report.md,266,,2026-05-17T22:41:21.741Z,4
v4_1_phase9a_data_source_fragility_results.json,1YCgusoujWefhMXVBMWEm7PFT_Tim1QJX,Trade_AI_Docs_v2/docs/_archive/2026-05-24_cleanup/completed_phases/phase9a_proof_reliability_governance/v4_1_phase9a_data_source_fragility_results.json,935,,2026-05-28T18:35:56.941Z,3
v4_1_phase9a_data_source_fragility_results.json,1MhXOOxKoTrhZ3T86s_V_mWVmPZZa7bYz,Trade_AI_Docs_v2/docs/maturity_hardening/phase9a_proof_reliability_governance/v4_1_phase9a_data_source_fragility_results.json,935,,2026-05-17T22:41:29.043Z,3
v4_1_phase9a_data_source_fragility_results.json,1th-Cz7hoyz92FDg2xdQ6zyf0i_pES7_o,Trade_AI_Docs_v2/docs/maturity_hardening/phase9a_proof_reliability_governance/v4_1_phase9a_data_source_fragility_results.json,935,,2026-05-17T22:37:03.167Z,3
v4_1_phase9a_strategy_sample_governance_report.md,1Hf_3iwti0dathihqDQnNjaOQ5v-8UdPfHX22QUQ2kQQ,Trade_AI_Docs_v2/docs/_archive/2026-05-24_cleanup/completed_phases/phase9a_proof_reliability_governance/v4_1_phase9a_strategy_sample_governance_report.md,1521,,2026-05-28T18:35:43.597Z,4
v4_1_phase9a_strategy_sample_governance_report.md,1SCGvWCRlikI_vpUC_4243rjcIBlVq0CT,Trade_AI_Docs_v2/docs/maturity_hardening/phase9a_proof_reliability_governance/v4_1_phase9a_strategy_sample_governance_report.md,774,,2026-05-17T22:58:34.863Z,4
v4_1_phase9a_strategy_sample_governance_report.md,1Z4fsdRi5XoeaRY4NMnrW-K8yrfZrspvE,Trade_AI_Docs_v2/v4_1_phase9a_strategy_sample_governance_report.md,774,,2026-05-17T22:36:52.476Z,4
v4_1_phase9a_strategy_sample_governance_report.md,1WmBOvU3Low9RhGzay0hU9jJDF49tLfYM,Trade_AI_Docs_v2/docs/maturity_hardening/phase9a_proof_reliability_governance/v4_1_phase9a_strategy_sample_governance_report.md,774,,2026-05-17T22:41:19.937Z,4
v4_1_phase9a_strategy_sample_governance_results.json,1ljZkC6b-XRR9XxT44yqcNQkxsKUBMjjV,Trade_AI_Docs_v2/docs/_archive/2026-05-24_cleanup/completed_phases/phase9a_proof_reliability_governance/v4_1_phase9a_strategy_sample_governance_results.json,1892,,2026-05-28T18:35:52.826Z,3
v4_1_phase9a_strategy_sample_governance_results.json,1yuF1sjaZWvJzhM_0an5uQZfW33S-uxz9,Trade_AI_Docs_v2/docs/maturity_hardening/phase9a_proof_reliability_governance/v4_1_phase9a_strategy_sample_governance_results.json,1892,,2026-05-17T22:41:25.597Z,3
v4_1_phase9a_strategy_sample_governance_results.json,11i55EI37ZtqD5XEnLKie7IktnssuFIWr,Trade_AI_Docs_v2/docs/maturity_hardening/phase9a_proof_reliability_governance/v4_1_phase9a_strategy_sample_governance_results.json,1892,,2026-05-17T22:36:59.764Z,3
validate_strategy_yamls.py,1WSaVcxO45WLAISLkMZmYAZ2ebbBlv8hp,Trade_AI_Docs_v2/docs/atm_audit_2026_05_26/source_snapshot/validate_strategy_yamls.py,8930,,2026-05-28T17:04:10.909Z,2
validate_strategy_yamls.py,1JSFJsysDoVjTlKdF0bCj27PL85QlzszY,Trade_AI_Docs_v2/docs/_archive/yaml_patches/scripts/validate_strategy_yamls.py,8930,,2026-05-18T00:11:51.698Z,2
validate_v6_research_agent.py,1Ml131J2ERYGNIc3X8-OdG-1ew_mn2K3o,Trade_AI_Docs_v2/docs/_archive/archive/2026-04-27_pre_bible/v6_research_agent/trade_ai_v6_research_agent_package/scripts/validate_v6_research_agent.py,783,,2026-05-18T00:00:15.864Z,2
validate_v6_research_agent.py,1t4-RGqa9VwJCzzDGXP_3cWG2Pp2kMDdD,Trade_AI_Docs_v2/docs/archive/2026-04-27_pre_bible/v6_research_agent/trade_ai_v6_research_agent_package/scripts/validate_v6_research_agent.py,783,,2026-05-17T22:42:26.241Z,2
validate_v7_cio_intelligence.py,1c13jDKC-x64PPtQGUUc1l2dzifd7qkMt,Trade_AI_Docs_v2/docs/_archive/archive/2026-04-27_pre_bible/v7_cio_intelligence/trade_ai_v7_cio_package/scripts/validate_v7_cio_intelligence.py,611,,2026-05-18T00:09:34.822Z,2
validate_v7_cio_intelligence.py,1P1VNSjctAklBym5gS7Y0HoEZeK_KqJCb,Trade_AI_Docs_v2/validate_v7_cio_intelligence.py,611,,2026-05-17T22:51:50.337Z,2
watch2_alert_dry_run_report.md,1KqFyv3jVIpWEzzcxcASMH4FR4sguOSY7,Trade_AI_Docs_v2/docs/alerts/phase_watch2_watchpool_maturity_alerts/watch2_alert_dry_run_report.md,79,,2026-05-19T13:58:26.439Z,2
watch2_alert_dry_run_report.md,1PJ93e_MuNmwq66I9SPv1G-IFEKUvR-8i44P-EvvqjP4,Trade_AI_Docs_v2/docs/_archive/2026-05-24_cleanup/completed_phases/phase_watch2_watchpool_maturity_alerts/watch2_alert_dry_run_report.md,1024,,2026-05-28T18:20:16.693Z,2
watch2_maturity_audit_report.md,1DvBWcW7j5A5bsf3hww1QxDpTSAb5RVvm,Trade_AI_Docs_v2/docs/alerts/phase_watch2_watchpool_maturity_alerts/watch2_maturity_audit_report.md,233,,2026-05-19T13:58:22.422Z,2
watch2_maturity_audit_report.md,1ZD3OO_ZBzDx8oFoPji4_KrIU2MJCuqw3RP4g3Mm3p9Q,Trade_AI_Docs_v2/docs/_archive/2026-05-24_cleanup/completed_phases/phase_watch2_watchpool_maturity_alerts/watch2_maturity_audit_report.md,1215,,2026-05-28T18:20:09.684Z,2
watch2_no_leads_diagnostic_dry_run_report.md,1y9Cu3bjAPb3ex9lr7HQyfoHWEI_PFkov,Trade_AI_Docs_v2/docs/alerts/phase_watch2_watchpool_maturity_alerts/watch2_no_leads_diagnostic_dry_run_report.md,211,,2026-05-19T13:58:24.404Z,2
watch2_no_leads_diagnostic_dry_run_report.md,1JisNte2tS8y773IiGaBsE4xUSyoS0Md0vXtSNc7TaKE,Trade_AI_Docs_v2/docs/_archive/2026-05-24_cleanup/completed_phases/phase_watch2_watchpool_maturity_alerts/watch2_no_leads_diagnostic_dry_run_report.md,1024,,2026-05-28T18:20:12.967Z,2
watch2_no_leads_root_cause_report.md,1ra1so62iyYvrTFSHPKK0HAqFr8qlCKbp,Trade_AI_Docs_v2/docs/alerts/phase_watch2_watchpool_maturity_alerts/watch2_no_leads_root_cause_report.md,211,,2026-05-19T13:58:32.228Z,2
watch2_no_leads_root_cause_report.md,1Zjbqug1OmgWBlkolq7WzCI5q-C8XPRSHtsdtrVxvjLM,Trade_AI_Docs_v2/docs/_archive/2026-05-24_cleanup/completed_phases/phase_watch2_watchpool_maturity_alerts/watch2_no_leads_root_cause_report.md,1024,,2026-05-28T18:20:25.348Z,2
watch2_safety_audit.md,1SpTjCZHf8CfR0ZJQxquSJbrDCt06PIE_,Trade_AI_Docs_v2/docs/alerts/phase_watch2_watchpool_maturity_alerts/watch2_safety_audit.md,460,,2026-05-19T13:58:28.372Z,2
watch2_safety_audit.md,18QdKvoVcnsg6XR8OYD_xBhF6rYIX-6sNjtscxZ8Ou18,Trade_AI_Docs_v2/docs/_archive/2026-05-24_cleanup/completed_phases/phase_watch2_watchpool_maturity_alerts/watch2_safety_audit.md,1688,,2026-05-28T18:20:19.949Z,2
weekend_checkpoint.md,1Pt5WFV2Insv1pi6mL9pqeHo7byczFleK8zQw_Wn8fcs,Trade_AI_Docs_v2/docs/_archive/2026-05-24_cleanup/completed_phases/phase_b1_baseline/weekend_checkpoint.md,2667,,2026-05-28T18:02:42.879Z,4
weekend_checkpoint.md,1dPtKpX4wzLdnISsD1CotiAWlm0ZfznO8,Trade_AI_Docs_v2/docs/phase_b1_baseline/weekend_checkpoint.md,1160,,2026-05-17T22:58:50.412Z,4
weekend_checkpoint.md,1Gi0pSqjR7tjwVOC-ncHSELXiACSpdrfB,Trade_AI_Docs_v2/docs/phase_b1_baseline/weekend_checkpoint.md,1160,,2026-05-17T22:41:35.018Z,4
weekend_checkpoint.md,1r5VOR3-q9OQ1DTCPxMhxugd6CUQPdI3J,Trade_AI_Docs_v2/docs/phase_b1_baseline/weekend_checkpoint.md,1160,,2026-05-17T22:37:09.870Z,4
weekly_learning.png,1uiGEJTFbYd6uc09zjH_w4OfzQHLeeVUN,Trade_AI_Docs_v2/docs/_generated/ui_audit_screenshots/audit_7777_20260523_1921/7777/weekly_learning.png,66541,,2026-05-28T19:01:38.670Z,2
weekly_learning.png,15_9D8IQo8DYUUwxmhJF07_FhL9hwNHMD,Trade_AI_Docs_v2/docs/ui_audits/post_8b348c3/screenshots/weekly_learning.png,78165,,2026-05-28T16:57:33.056Z,2
yaml_vs_db_audit_2026-05-16.md,1SXmYlxKMqpMHEByHT4n4es4I7S1DPfiBUR10oRjS8GQ,Trade_AI_Docs_v2/docs/yaml_vs_db_audit_2026-05-16.md,4444,,2026-05-21T02:43:26.364Z,3
yaml_vs_db_audit_2026-05-16.md,1eo_xETgUVcV3mlMP3SgJ53YvPDBd3wQQmhj7PVvAiOw,Trade_AI_Docs_v2/docs/_archive/2026-05-24_cleanup/old_phase_reports/yaml_vs_db_audit_2026-05-16.md,4456,,2026-05-28T18:41:49.905Z,3
yaml_vs_db_audit_2026-05-16.md,11paXKjIaB5s77HFwxG2agfrJ5hoe8x7Y,Trade_AI_Docs_v2/docs/yaml_vs_db_audit_2026-05-16.md,4130,,2026-05-17T23:17:02.311Z,3
youtube_client.py,1Hxdeup7LrWTvMRlLARISCSfV_9hpjXD5,Trade_AI_Docs_v2/docs/_archive/archive/2026-04-27_pre_bible/v6_research_agent/trade_ai_v6_research_agent_package/clients/youtube_client.py,1424,,2026-05-18T00:00:22.499Z,2
youtube_client.py,1PnYly72CjylUCwlZu0QfRzPKqBLfZpys,Trade_AI_Docs_v2/docs/archive/2026-04-27_pre_bible/v6_research_agent/trade_ai_v6_research_agent_package/clients/youtube_client.py,1424,,2026-05-17T22:42:33.132Z,2
youtube_research_ingestion.py,1fWWcacyqZedick0-8v5kFhgPlM8eagHy,Trade_AI_Docs_v2/docs/_archive/archive/2026-04-27_pre_bible/v6_research_agent/trade_ai_v6_research_agent_package/scripts/youtube_research_ingestion.py,1020,,2026-05-18T00:00:10.188Z,2
youtube_research_ingestion.py,1W52HQDZCBKpddAU9z3hA5qIPEHxuuHJI,Trade_AI_Docs_v2/youtube_research_ingestion.py,1020,,2026-05-17T22:42:17.542Z,2
